	dmso-het	drug-het
0	796.2	472.68333333333334
1	949.3166666666667	395.9
2	351.98333333333335	565.1166666666667
3	395.3666666666667	429.25
4	970.7	310.03333333333336
5	448.98333333333335	590.85
6	472.78333333333336	388.71666666666664
7	261.6166666666667	644.1166666666667
8	323.28333333333336	300.76666666666665
9	805.1666666666666	589.5166666666667
10		380.7
11		231.13333333333333
12		275.23333333333335
13		446.4
