	dmso-het	drug-het
0	153.83333333333334	103.45238095238095
1	155.04761904761904	105.47619047619048
2	93.42857142857143	239.42857142857142
3	66.76190476190476	139.5
4	161.14285714285714	41.785714285714285
5	138.71428571428572	128.45238095238096
6	190.33333333333334	86.83333333333333
7	50.785714285714285	232.71428571428572
8	56.42857142857143	68.66666666666667
9	180.38095238095238	128.11904761904762
10		91.4047619047619
11		89.5
12		63.73809523809524
13		124.26190476190476
