	dmso-het	drug-het
0	90.14285714285714	193.5
1	327.5	133.57142857142858
2	171.35714285714286	174.0952380952381
3	113.85714285714286	87.95238095238095
4	350.04761904761904	84.83333333333333
5	252.73809523809524	258.8809523809524
6	185.76190476190476	168.1904761904762
7	102.95238095238095	225.4047619047619
8	87.5	89.66666666666667
9	290.85714285714283	227.28571428571428
10		152.4047619047619
11		57.76190476190476
12		136.1904761904762
13		191.61904761904762
