	dmso-het	drug-het
0	914.5714285714286	651.4285714285714
1	969.2857142857143	643.0
2	593.1428571428571	1498.5714285714287
3	461.7142857142857	855.4285714285714
4	1008.8571428571429	262.57142857142856
5	901.8571428571429	823.2857142857143
6	1165.7142857142858	574.2857142857143
7	327.2857142857143	1383.857142857143
8	357.0	454.7142857142857
9	1137.2857142857142	798.7142857142857
10		567.5714285714286
11		549.7142857142857
12		428.7142857142857
13		782.8571428571429
