	dmso-het	drug-het
0	507.7142857142857	1122.5714285714287
1	1958.142857142857	777.5714285714286
2	997.5714285714286	953.2857142857143
3	721.5714285714286	521.5714285714286
4	2069.8571428571427	505.14285714285717
5	1462.0	1488.2857142857142
6	1057.857142857143	975.4285714285714
7	599.8571428571429	1313.7142857142858
8	508.14285714285717	524.8571428571429
9	1682.142857142857	1321.142857142857
10		893.7142857142857
11		330.42857142857144
12		786.8571428571429
13		1111.4285714285713
