	dmso-het	drug-het
0	711.1428571428571	887.0
1	1463.7142857142858	710.2857142857143
2	795.3571428571429	1225.9285714285713
3	591.6428571428571	688.5
4	1539.357142857143	383.85714285714283
5	1181.9285714285713	1155.7857142857142
6	1111.7857142857142	774.8571428571429
7	463.57142857142856	1348.7857142857142
8	432.57142857142856	489.7857142857143
9	1409.7142857142858	1059.9285714285713
10		730.6428571428571
11		440.07142857142856
12		607.7857142857143
13		947.1428571428571
