	dmso-mut	drug-mut
0	179.3095238095238	103.71428571428571
1	72.97619047619048	150.3095238095238
2	169.3095238095238	100.04761904761905
3	116.19047619047619	88.0952380952381
4	146.5	126.92857142857143
5	94.5	254.04761904761904
6	314.04761904761904	88.26190476190476
7	293.6190476190476	201.52380952380952
8	63.833333333333336	124.0
9	144.26190476190476	236.33333333333334
10	83.66666666666667	145.4047619047619
11	123.38095238095238	229.64285714285714
12		166.85714285714286
