	dmso-mut	drug-mut
0	62.1764705882353	60.161764705882355
1	51.8235294117647	91.26960784313725
2	63.700980392156865	56.77450980392157
3	74.72549019607843	47.64705882352941
4	72.23039215686275	55.11274509803921
5	45.0735294117647	132.0
6	142.40196078431373	70.84803921568627
7	152.69117647058823	83.19607843137256
8	40.13725490196079	69.4656862745098
9	56.955882352941174	111.73039215686275
10	51.1078431372549	51.68627450980392
11	58.411764705882355	94.99509803921569
12		79.6470588235294
