	dmso-mut	drug-mut
0	5.142857142857143	8.119047619047619
1	5.5	9.095238095238095
2	6.071428571428571	6.595238095238095
3	8.428571428571429	3.857142857142857
4	7.238095238095238	8.166666666666666
5	6.214285714285714	8.976190476190476
6	9.380952380952381	9.238095238095237
7	9.5	8.928571428571429
8	7.428571428571429	8.928571428571429
9	6.690476190476191	8.571428571428571
10	6.5476190476190474	6.857142857142857
11	7.976190476190476	7.880952380952381
12		9.095238095238095
