	dmso-mut	drug-mut
0	1023.9285714285714	1209.7857142857142
1	483.64285714285717	1200.9285714285713
2	781.9285714285714	666.5714285714286
3	764.0	523.5
4	736.5714285714286	669.2857142857143
5	583.3571428571429	1641.0
6	1772.4285714285713	982.8571428571429
7	1493.9285714285713	1253.642857142857
8	512.5	912.6428571428571
9	1040.642857142857	1311.4285714285713
10	567.2857142857143	612.4285714285714
11	803.6428571428571	1075.4285714285713
12		969.6428571428571
