	dmso-mut	drug-mut
0	629.7142857142857	1484.7142857142858
1	552.7142857142857	1254.2857142857142
2	612.4285714285714	706.0
3	979.0	450.7142857142857
4	800.5714285714286	625.7142857142857
5	485.42857142857144	1765.5714285714287
6	2197.1428571428573	1425.857142857143
7	1527.142857142857	993.1428571428571
8	569.5714285714286	1170.7142857142858
9	1011.4285714285714	1500.857142857143
10	566.4285714285714	383.0
11	895.4285714285714	941.5714285714286
12		1140.7142857142858
