	dmso-mut	drug-mut
0	6.2	1.15
1	2.566666666666667	7.116666666666666
2	7.45	2.6166666666666667
3	5.883333333333334	4.65
4	6.6	2.3666666666666667
5	5.283333333333333	9.916666666666666
6	6.4	6.75
7	8.4	7.866666666666666
8	6.533333333333333	3.6666666666666665
9	2.5	5.266666666666667
10	5.25	6.0
11	6.433333333333334	9.233333333333333
12		6.933333333333334
