	dmso-mut	drug-mut
0	16.766666666666666	20.347619047619048
1	8.417857142857143	20.064285714285713
2	12.855952380952381	11.247619047619047
3	13.414285714285715	8.929761904761905
4	12.68452380952381	11.730952380952381
5	9.773809523809524	25.733333333333334
6	30.60952380952381	16.65357142857143
7	25.297619047619047	21.2
8	8.192857142857143	16.1
9	17.413095238095238	22.382142857142856
10	9.377380952380953	10.19404761904762
11	13.733333333333333	17.826190476190476
12		16.957142857142856
