	dmso-mut	drug-mut
0	603.1428571428571	1436.142857142857
1	534.7142857142857	1231.7142857142858
2	574.5714285714286	684.8571428571429
3	956.4285714285714	435.85714285714283
4	772.8571428571429	612.1428571428571
5	448.85714285714283	1578.142857142857
6	2179.8571428571427	1399.857142857143
7	1486.2857142857142	902.8571428571429
8	523.0	1159.0
9	987.4285714285714	1473.5714285714287
10	538.2857142857143	337.85714285714283
11	849.0	822.2857142857143
12		1080.4285714285713
