	dmso-mut	drug-mut
0	465.85714285714283	973.5714285714286
1	517.0	1069.2857142857142
2	462.42857142857144	557.2857142857143
3	1061.857142857143	405.14285714285717
4	914.4285714285714	589.7142857142857
5	388.42857142857144	1445.7142857142858
6	1942.4285714285713	985.7142857142857
7	1604.7142857142858	778.8571428571429
8	348.7142857142857	1074.0
9	755.1428571428571	1601.7142857142858
10	579.0	312.7142857142857
11	712.4285714285714	988.7142857142857
12		1071.142857142857
