	dmso-mut	drug-mut
0	7.142857142857143	8.571428571428571
1	10.142857142857142	8.571428571428571
2	8.428571428571429	9.142857142857142
3	9.714285714285714	4.571428571428571
4	12.857142857142858	5.857142857142857
5	10.285714285714286	7.285714285714286
6	4.857142857142857	5.714285714285714
7	11.285714285714286	12.714285714285714
8	11.571428571428571	10.857142857142858
9	9.0	7.857142857142857
10	11.428571428571429	12.714285714285714
11	11.0	7.571428571428571
12		13.285714285714286
