	dmso-mut	drug-mut
0	1001.0	1174.642857142857
1	469.0	1181.142857142857
2	756.6428571428571	649.5714285714286
3	747.2142857142857	504.14285714285717
4	712.8571428571429	658.0
5	549.0714285714286	1454.9285714285713
6	1760.642857142857	953.5714285714286
7	1466.2142857142858	1154.0714285714287
8	483.2142857142857	897.6428571428571
9	1022.2142857142857	1291.357142857143
10	537.9285714285714	573.0
11	755.4285714285714	957.0714285714286
12		912.8571428571429
