	dmso-mut	drug-mut
0	476.47058823529414	527.7941176470588
1	313.44117647058823	635.7058823529412
2	404.3529411764706	367.20588235294116
3	416.8529411764706	308.52941176470586
4	378.44117647058823	370.94117647058823
5	318.3235294117647	937.9705882352941
6	843.7352941176471	520.6470588235294
7	866.6176470588235	621.9705882352941
8	285.1470588235294	428.88235294117646
9	456.79411764705884	627.8235294117648
10	321.55882352941177	304.9117647058824
11	378.2647058823529	527.0
12		489.52941176470586
