	dmso-mut	drug-mut
0	1398.857142857143	913.1428571428571
1	403.2857142857143	1130.5714285714287
2	938.7142857142857	614.2857142857143
3	538.0	572.4285714285714
4	652.8571428571429	703.8571428571429
5	649.2857142857143	1331.7142857142858
6	1341.4285714285713	507.2857142857143
7	1446.142857142857	1405.2857142857142
8	443.42857142857144	636.2857142857143
9	1057.0	1109.142857142857
10	537.5714285714286	808.1428571428571
11	661.8571428571429	1091.857142857143
12		745.2857142857143
