	dmso-mut	drug-mut
0	2.9716666666666667	0.8083333333333333
1	1.4716666666666667	5.046666666666667
2	3.5633333333333335	1.9916666666666667
3	2.76	2.215
4	3.0116666666666667	1.18
5	2.308333333333333	18.906666666666666
6	3.1883333333333335	3.7133333333333334
7	7.788333333333333	4.525
8	3.385	1.3316666666666668
9	0.8633333333333333	3.815
10	2.41	2.526666666666667
11	2.2716666666666665	7.525
12		3.8833333333333333
