	dmso-mut	drug-mut
0	33.61764705882353	23.91176470588235
1	28.470588235294116	41.8235294117647
2	35.61764705882353	32.411764705882355
3	40.588235294117645	32.1764705882353
4	37.911764705882355	30.11764705882353
5	36.88235294117647	54.14705882352941
6	40.11764705882353	45.05882352941177
7	46.26470588235294	52.029411764705884
8	36.35294117647059	33.76470588235294
9	30.764705882352942	38.76470588235294
10	40.1764705882353	37.0
11	41.26470588235294	50.294117647058826
12		46.05882352941177
