	dmso-mut	drug-mut
0	10.019047619047619	23.585714285714285
1	9.471428571428572	18.702380952380953
2	9.192857142857143	11.966666666666667
3	16.552380952380954	7.84047619047619
4	13.535714285714286	10.938095238095238
5	7.559523809523809	26.214285714285715
6	34.30238095238095	23.03095238095238
7	22.8	15.102380952380953
8	8.983333333333333	20.38095238095238
9	13.766666666666667	22.892857142857142
10	7.521428571428571	6.478571428571429
11	15.023809523809524	13.926190476190476
12		16.95
