	dmso-mut	drug-mut
0	8.571428571428571	7.714285714285714
1	11.571428571428571	8.428571428571429
2	9.714285714285714	8.142857142857142
3	10.0	6.0
4	12.857142857142858	13.714285714285714
5	12.571428571428571	10.0
6	6.0	11.857142857142858
7	9.142857142857142	8.857142857142858
8	8.0	14.142857142857142
9	6.857142857142857	10.285714285714286
10	14.857142857142858	10.285714285714286
11	10.142857142857142	8.0
12		13.142857142857142
