	dmso-wt	dmso-het
0	3.0	7.285714285714286
1	8.285714285714286	10.285714285714286
2	10.857142857142858	10.571428571428571
3	5.428571428571429	9.0
4	14.857142857142858	1.8571428571428572
5	14.714285714285714	6.571428571428571
6	3.857142857142857	8.428571428571429
7	11.285714285714286	1.5714285714285714
8	5.428571428571429	8.571428571428571
9	7.714285714285714	7.142857142857143
10	14.857142857142858	
11	6.142857142857143	
