	dmso-wt	dmso-het
0	186.34383660199885	244.97514650121332
1	221.71314260619704	187.0081370089606
2	209.35217244050858	168.13089264161368
3	180.01781687792183	196.45765782328394
4	349.3633394802718	180.82684637843363
5	194.90903757462792	241.3489448707211
6	209.10059317296927	192.4371497889803
7	187.23784461649896	197.81569624569374
8	221.60580159342197	198.9551661853979
9	198.1488396102187	205.87052328629076
10	188.27428779336128	
11	215.71660752849567	
