	dmso-wt	dmso-het
0	1.2899338161231109	1.2139153665373077
1	1.0950880551985613	1.3754210085825913
2	1.488522504015716	1.0734612889552504
3	1.353686785654186	1.3923556507709978
4	1.0883775915750677	1.3596723730787441
5	1.5618859848870932	1.4218399372859165
6	1.4493608424420634	1.347411276483517
7	1.4055117752764228	1.5475286086390592
8	1.2627327117702203	1.3194605021320984
9	1.387430527580883	1.3299567220619588
10	1.329513186016102	
11	1.0547392040573227	
