	dmso-wt	dmso-het
0	328.81112639105623	254.50134820603486
1	253.77646117279463	212.32611922400915
2	255.34088179647935	190.64111049335756
3	256.19298616006773	200.20374780883137
4	307.4758215020451	218.410276690607
5	265.16702089599494	306.471834244603
6	259.7175454369422	280.0416462803675
7	217.36920419240633	237.4897543163273
8	231.21673849316772	250.93836474227578
9	299.80711282146865	231.34407102906675
10	218.49085383702595	
11	209.24146277846845	
