	dmso-wt	dmso-het
0	355.5197254290856	227.0296718053444
1	278.86766525286856	222.10312110741978
2	275.5878346017638	190.0736089147892
3	268.74609469879067	217.64943237124183
4	276.9923548594059	225.41708565950947
5	274.74022108877364	307.67772454075066
6	269.20618518969206	266.75268761686175
7	235.15233584244768	252.24556728543544
8	239.2442241758985	244.10088609499886
9	304.2945431846737	248.37637750381177
10	233.3030719163034	
11	208.0559579051914	
