	dmso-wt	dmso-het
0	180243.06706531515	3185.6964325105896
1	91896.20617061548	7858.979593102415
2	144658.98335776437	11944.39202162799
3	192735.0502043624	2776.592728085713
4	5554.065302627496	3495.581504232465
5	12320.021785165529	28245.421645504775
6	10797.980202352881	74555.16742832764
7	7232.34775570726	7965.816439815651
8	6896.48023082477	6897.566937202348
9	43874.0069831212	5065.328477479756
10	23447.66018022384	
11	22889.25370261271	
