	dmso-wt	dmso-het
0	1.5554446387025582	1.2183206665902728
1	1.3965013791444363	1.385598586503891
2	1.5346319685064276	1.0963202361572029
3	1.4801983042302946	1.4424106028673032
4	1.1308408887769448	1.3703422396114473
5	1.6395946467390672	1.4043168952411678
6	1.504285249066406	1.3179175393167157
7	1.462963826447141	1.5645310968977821
8	1.3147785090021187	1.332020227566939
9	1.4226752407457064	1.3708505314415471
10	1.323464130789866	
11	1.0742404442992768	
