	dmso-wt	dmso-het
0	107707.85042272904	87434.34794460898
1	32206.321616896425	12239.128404226685
2	52051.159931900984	52075.8773981916
3	47738.0382868352	26157.11787019179
4	40074.982252187874	32427.03353410858
5	31752.30319897626	39845.97574288227
6	37477.80836832585	66391.79240793973
7	97134.21794174821	27491.428535612176
8	41812.6209271022	22908.457549918818
9	42832.572863440655	24740.71151751035
10	67122.17426863687	
11	68196.4477234367	
