	dmso-wt	dmso-het
0	258.9559953630395	271.0035609776014
1	279.34241489372226	218.94920672963877
2	284.4347427860286	150.28350402978654
3	228.4270621515708	230.79943510434396
4	330.6970984721104	221.51572792491177
5	255.3102694732732	317.8775896448616
6	277.4016057648173	224.75770583108658
7	222.82278504305827	278.9906659947474
8	270.065236432651	237.14595822053448
9	244.24369117675676	231.18918532283908
10	214.17051801629881	
11	230.4059705263637	
