	dmso-wt	dmso-het
0	28247.36826535879	3467.9767306852445
1	7646.322363395256	3812.5127292684374
2	6210.9872448328515	5706.437166029646
3	9804.745438239654	3297.6309703491793
4	7863.685380767931	2284.9303624151667
5	5005.547999653908	5453.77498052985
6	3265.580966957895	15293.131176978015
7	6636.493339793579	4207.4538300520035
8	3836.102662354882	3885.821258269546
9	3389.6391209299695	2802.6979598292005
10	5943.391761814569	
11	4128.614856475499	
