	dmso-wt	dmso-het
0	190.78619299358402	247.2413792780641
1	222.83525561893933	185.5287760796826
2	215.2691741090864	170.94315522243122
3	186.1261388817458	198.8003898881394
4	350.4930931479973	184.88738404230594
5	199.31674609314513	248.4055729869825
6	212.9464364935994	201.71919395342297
7	200.23113715878912	204.41068204068762
8	225.46172370438958	203.07101628954783
9	206.67757634854112	212.4344146871125
10	194.30804943368602	
11	220.07180157135767	
