	dmso-wt	dmso-het
0	1.2380952380952381	0.16666666666666666
1	1.3333333333333333	1.1428571428571428
2	1.0714285714285714	2.1666666666666665
3	0.7142857142857143	0.8571428571428571
4	1.4761904761904763	0.16666666666666666
5	1.7857142857142858	0.6666666666666666
6	0.8571428571428571	1.0
7	1.2142857142857142	1.6428571428571428
8	1.1666666666666667	1.0
9	1.1904761904761905	0.6904761904761905
10	1.4761904761904763	
11	1.4285714285714286	
