	dmso-wt	dmso-het
0	7.0	9.428571428571429
1	8.619047619047619	10.0
2	9.023809523809524	8.30952380952381
3	9.119047619047619	9.166666666666666
4	4.738095238095238	10.0
5	9.0	9.19047619047619
6	8.404761904761905	8.904761904761905
7	4.809523809523809	9.976190476190476
8	8.071428571428571	9.30952380952381
9	6.785714285714286	9.976190476190476
10	9.880952380952381	10.0
11	6.261904761904762	10.0
12	9.833333333333334	10.0
13	10.0	
14	8.0	
15	10.0	
16	10.0	
17	10.0	
18	10.0	
19	10.0	
20	10.0	
