	dmso-mut	drug-mut
0	70.35714285714286	175.42857142857142
1	204.26190476190476	62.095238095238095
2	123.0	476.5238095238095
3	108.42857142857143	530.1904761904761
4	430.1904761904762	45.76190476190476
5	671.2380952380952	92.45238095238095
6	223.95238095238096	118.23809523809524
7	123.0	85.76190476190476
8	139.85714285714286	57.142857142857146
9	69.52380952380952	85.9047619047619
