	dmso-mut	drug-mut
0	11.066666666666666	16.85952380952381
1	26.145238095238096	10.488095238095237
2	17.580952380952382	27.31547619047619
3	14.032142857142857	26.9
4	30.423809523809524	4.566666666666666
5	46.167857142857144	7.113095238095238
6	23.654761904761905	10.108333333333333
7	14.620238095238095	15.45357142857143
8	26.185714285714287	6.819047619047619
9	15.263095238095238	10.241666666666667
