	dmso-mut	drug-mut
0	5.854838709677419	8.32258064516129
1	7.645161290322581	8.741935483870968
2	8.048387096774194	6.935483870967742
3	6.516129032258065	6.854838709677419
4	8.241935483870968	6.258064516129032
5	5.274193548387097	10.419354838709678
6	9.193548387096774	8.14516129032258
7	12.096774193548388	9.161290322580646
8	6.225806451612903	10.274193548387096
9	8.790322580645162	7.919354838709677
