	dmso-mut	drug-mut
0	302.1090465770048	206.5566697397445
1	224.04660493754994	192.72824938605916
2	206.48412377924006	201.15740459479107
3	230.21676080270805	316.79860840659325
4	314.2798044253526	448.5010707830276
5	344.0088314289028	290.3733266999449
6	242.20420836531687	276.18628915012397
7	286.036822186354	258.0362252869223
8	229.70863487831002	370.4691256929693
9	190.03034871358503	283.76841668070165
