	dmso-mut	drug-mut
0	4.595238095238095	5.238095238095238
1	6.666666666666667	5.9523809523809526
2	9.380952380952381	9.738095238095237
3	6.690476190476191	9.428571428571429
4	9.404761904761905	2.0476190476190474
5	10.0	4.190476190476191
6	6.690476190476191	2.642857142857143
7	7.619047619047619	6.857142857142857
8	5.976190476190476	4.642857142857143
9	7.928571428571429	5.714285714285714
