	dmso-mut	drug-mut
0	289.89881286656384	193.98281811683725
1	236.80775492813976	215.14519009908076
2	218.07423232942844	232.7503366577439
3	233.98429477743554	463.12157282972646
4	301.2288997983398	288.1449771185822
5	374.11933651838655	509.7429526564215
6	245.59545602818042	258.8246824137656
7	351.618638098949	264.40925023089346
8	252.55487302627677	294.6078699693185
9	227.5117094716333	267.90915565597214
