	dmso-mut	drug-mut
0	229.74266368108982	171.1015490188603
1	175.64375891724998	177.7382992688688
2	182.55014406835343	232.86893711247873
3	204.18355643938207	338.8687213241301
4	234.005690855809	217.6695750012998
5	312.8913981889364	283.44182063131944
6	197.98352254869945	198.65536321342594
7	282.9043543812825	183.94832541920445
8	198.27448985003156	251.02847039867999
9	186.5550156503694	207.23509078718857
