	dmso-mut	drug-mut
0	13651.421711214785	4375.242205009437
1	5373.485311373223	10961.808285220757
2	5408.843902186455	1084.5863691334046
3	11429.08222725666	888.3858155791385
4	1750.022671028903	307302.3567966725
5	590.8607923384701	7840.598162336862
6	2887.937775095075	950165.4625205487
7	5259.521846504486	7562.756931663969
8	7934.763342357542	10637.57668365999
9	15822.13086280215	8383.463298956132
