	dmso-mut	drug-mut
0	368.5818831719298	274.9108904283298
1	213.49734836695	210.20851553053234
2	200.43672808672807	142.3854366563669
3	226.9701600870338	153.4171163398814
4	243.28081322511719	308.27699325344173
5	518.7019146324086	260.27644778144156
6	230.96249089446113	310.90727885377163
7	274.34828141918354	312.22425376488326
8	149.09500223182448	243.35893084923944
9	171.69721849772503	279.81544675715145
