	dmso-mut	drug-mut
0	818.1612903225806	847.016129032258
1	1052.0645161290322	517.6290322580645
2	778.7258064516129	811.3064516129032
3	1022.2903225806451	1043.0483870967741
4	1040.741935483871	279.7258064516129
5	1444.725806451613	273.11290322580646
6	1131.1612903225807	820.8225806451613
7	621.0483870967741	698.8387096774194
8	1124.6774193548388	475.03225806451616
9	833.0645161290323	354.3709677419355
