	dmso-mut	drug-mut
0	0.9761904761904762	0.6904761904761905
1	0.7380952380952381	1.5952380952380953
2	0.6666666666666666	0.23809523809523808
3	1.4047619047619047	0.11904761904761904
4	0.5238095238095238	0.42857142857142855
5	0.0	0.7380952380952381
6	0.7142857142857143	0.2857142857142857
7	1.2142857142857142	1.119047619047619
8	0.8571428571428571	1.3095238095238095
9	1.7142857142857142	1.4047619047619047
