	dmso-mut	drug-mut
0	75413.20419179404	89904.86478335391
1	90981.42985689374	108162.94407325017
2	165750.52824913143	171126.10089546637
3	122519.99465735377	99062.36545029009
4	45151.53532059288	173930.69366223278
5	57991.06695664099	102789.99379136207
6	51598.995460847254	136476.68718913256
7	33326.82727951453	87458.1642160571
8	125864.5348695467	78177.56577235537
9	86372.68071964828	137266.9981326559
