	dmso-mut	drug-mut
0	419038.21051690157	92882.80275540995
1	25929.00434156434	51157.12665314038
2	206756.6982042307	146981.36212891576
3	67131.84536491685	89271.28679070457
4	170033.18691587943	100565.49521535833
5	16779.780681956003	328908.4375450653
6	21082.442324947388	621649.7999124322
7	65302.93019226925	47234.70287470379
8	49803.63683991141	125721.84294808545
9	59124.19444211018	46314.943273811834
