	dmso-mut	drug-mut
0	8.5	16.083333333333332
1	5.85	7.683333333333334
2	4.6	5.583333333333333
3	15.366666666666667	16.85
4	20.7	6.533333333333333
5	15.266666666666667	7.833333333333333
6	16.933333333333334	12.7
7	25.216666666666665	8.233333333333333
8	8.75	14.7
9	17.766666666666666	9.5
