	dmso-mut	drug-mut
0	379.2857142857143	676.5714285714286
1	1100.5714285714287	468.2857142857143
2	119.71428571428571	289.0
3	538.8571428571429	400.14285714285717
4	616.7142857142857	208.71428571428572
5	1952.7142857142858	182.57142857142858
6	874.8571428571429	507.0
7	769.5714285714286	655.1428571428571
8	1654.0	322.85714285714283
9	570.8571428571429	432.42857142857144
