	dmso-mut	drug-mut
0	0.5638146183965297	0.6560619586606893
1	0.43516359239520847	0.4388119608892413
2	0.20161955871697085	0.7925105798518042
3	0.4741648811070317	1.4100647696920725
4	0.920230216744287	0.5006621911917896
5	1.1974721817895455	0.7003772312894572
6	0.7208811870740829	0.6716007998605867
7	0.9597825267715092	0.45941644337167103
8	0.7632328917133352	0.5236833757940355
9	0.3934181490987412	0.6890255886961094
