	dmso-mut	drug-mut
0	25.285714285714285	33.57142857142857
1	38.42857142857143	37.285714285714285
2	55.42857142857143	57.42857142857143
3	39.857142857142854	54.57142857142857
4	55.857142857142854	13.428571428571429
5	59.714285714285715	26.0
6	39.57142857142857	15.857142857142858
7	45.42857142857143	39.857142857142854
8	37.42857142857143	28.714285714285715
9	47.142857142857146	32.42857142857143
