	dmso-mut	drug-mut
0	5.857142857142857	4.0
1	4.285714285714286	9.142857142857142
2	4.428571428571429	1.7142857142857142
3	8.857142857142858	0.7142857142857143
4	3.4285714285714284	3.2857142857142856
5	0.2857142857142857	4.571428571428571
6	4.285714285714286	1.7142857142857142
7	7.285714285714286	6.428571428571429
8	5.142857142857143	7.857142857142857
9	9.857142857142858	8.0
