	dmso-mut	drug-mut
0	2.7857142857142856	3.5952380952380953
1	6.642857142857143	4.261904761904762
2	4.428571428571429	2.380952380952381
3	5.166666666666667	2.7857142857142856
4	4.404761904761905	2.738095238095238
5	7.904761904761905	2.9285714285714284
6	5.190476190476191	2.7142857142857144
7	6.928571428571429	4.666666666666667
8	8.380952380952381	3.9523809523809526
9	7.666666666666667	3.261904761904762
