	dmso-mut	drug-mut
0	264.1755608529237	263.10883880333853
1	205.477000025242	215.82177684747026
2	204.00843707571892	172.90372976332833
3	219.4684126046497	205.05669794446067
4	209.23320456742275	243.2424336044944
5	301.2885642055875	245.06378863126676
6	217.17603411614854	248.17542607117542
7	289.8270982575406	244.99108084967563
8	193.5110134339484	239.9395091738181
9	212.0267939331252	221.13398440946088
