	dmso-mut	drug-mut
0	0.310423034509252	0.15910369454363718
1	0.08940784381724926	0.15387058724057104
2	0.032939660641845815	0.27940069175720456
3	0.15657433421334624	0.26470137194727245
4	0.32475735410070233	0.12248610964805871
5	0.6437399203703188	0.33275951090215483
6	0.15876094769430935	0.1260274352985101
7	0.7490570119146606	0.15122778703950143
8	0.23583182075009063	0.3725211744724912
9	0.2030632604903286	0.1969086232030156
