	dmso-mut	drug-mut
0	0.6428571428571429	0.7619047619047619
1	1.0476190476190477	0.8333333333333334
2	1.2857142857142858	0.42857142857142855
3	1.1666666666666667	0.9047619047619048
4	0.8809523809523809	1.0714285714285714
5	1.119047619047619	0.9523809523809523
6	0.8571428571428571	0.5
7	1.6904761904761905	1.1428571428571428
8	0.4523809523809524	1.3571428571428572
9	1.6904761904761905	1.0476190476190477
