	dmso-mut	drug-mut
0	803.1935483870968	830.6935483870968
1	1015.1612903225806	500.758064516129
2	753.6774193548387	778.3548387096774
3	996.1129032258065	1028.032258064516
4	1006.6451612903226	271.0967741935484
5	1435.0645161290322	258.96774193548384
6	1117.3870967741937	800.8387096774194
7	596.4354838709677	681.1451612903226
8	1101.0	457.16129032258067
9	802.6129032258065	338.46774193548384
