	dmso-mut	drug-mut
0	206.93904578735717	192.02484002574653
1	181.20460676547577	194.2683603316805
2	199.04402777095254	185.48441499137073
3	206.23339185709915	222.7156165969821
4	221.26968467036357	205.69829431764916
5	234.54798289732156	257.8105653475789
6	224.86605850948607	202.57405784530675
7	261.1082731285739	210.6910542932307
8	183.17625250358122	232.93234366120578
9	197.84314082273488	199.5061907074817
