	dmso-mut	drug-mut
0	104.91913746630728	91.90835579514825
1	103.42048517520216	62.03504043126684
2	67.23719676549865	111.37735849056604
3	107.20754716981132	179.72506738544473
4	147.45822102425876	38.84097035040431
5	228.95956873315365	42.57681940700809
6	154.88679245283018	104.43396226415095
7	79.78975741239893	73.1967654986523
8	126.07277628032345	60.52291105121294
9	78.66846361185983	44.47708894878706
