	dmso-mut	drug-mut
0	226.99642865403217	196.0866270444603
1	176.62656900515083	174.97393723644495
2	176.53172856301802	223.19168438549656
3	195.64499904106745	320.7610138618641
4	223.12093936140917	227.4258384040082
5	314.52476442808137	224.5209352918462
6	195.68458729816376	218.45734919270316
7	250.1189425179971	185.28990248208873
8	187.0619117468917	246.12039825194924
9	173.71846840263186	218.01106180890633
