	dmso-mut	drug-mut
0	1.1683333333333332	1.8016666666666667
1	0.935	1.1533333333333333
2	0.71	0.7583333333333333
3	1.9716666666666667	1.72
4	2.5833333333333335	0.9266666666666666
5	1.8433333333333333	0.9266666666666666
6	2.0216666666666665	1.4083333333333334
7	2.828333333333333	1.0333333333333334
8	1.3416666666666666	1.755
9	2.296666666666667	0.9416666666666667
