	dmso-mut	drug-mut
0	0.3488207785427266	0.2984991664404863
1	0.25647486852121887	0.36726640059300003
2	0.2187899207115184	0.3670335350006751
3	0.35939243102297125	0.620001403306045
4	0.7015764138675551	0.2815152510986546
5	0.5403402802554326	0.704012753376215
6	0.6726337160020961	0.3831784761501443
7	0.7596024800437143	0.28805837741234197
8	0.43354222212175425	0.4368323040260772
9	0.3924445183438842	0.40625762500920676
