	dmso-mut	drug-mut
0	207.59910037799455	194.28539060137072
1	179.35028846769364	194.29904998036122
2	195.70574874287	190.969503693523
3	190.90545318188995	220.59879934030945
4	215.29538490548268	203.17996046675302
5	230.51812379442893	250.0130727113673
6	224.80718039417735	196.97457543679766
7	251.5456023788432	209.2131809474281
8	177.00624771850752	228.0170409085906
9	189.9116927380841	197.67276454339589
