	dmso-mut	drug-mut
0	4.928571428571429	4.571428571428571
1	5.714285714285714	7.5
2	6.071428571428571	2.142857142857143
3	7.928571428571429	3.357142857142857
4	4.642857142857143	4.857142857142857
5	3.357142857142857	5.142857142857143
6	5.071428571428571	2.5
7	8.571428571428571	6.928571428571429
8	4.0	8.142857142857142
9	9.928571428571429	7.5
