	dmso-mut	drug-mut
0	8.947619047619048	13.907142857142857
1	26.457142857142856	12.257142857142858
2	4.723809523809524	6.811904761904762
3	12.307142857142857	6.633333333333334
4	14.271428571428572	4.211904761904762
5	33.654761904761905	4.119047619047619
6	18.676190476190477	8.664285714285715
7	13.197619047619048	13.983333333333333
8	35.81428571428572	6.29047619047619
9	17.85952380952381	8.388095238095238
