	dmso-mut	drug-mut
0	0.8684864896952723	0.7086643781235976
1	0.470478731905155	0.5515695904601993
2	0.2241091447852517	0.8872747748974625
3	0.7164339932721596	1.3055861897793495
4	1.198810607142588	0.4228673677179138
5	1.1113601515763132	0.9422887531986072
6	0.8809189790351668	0.7509285822857322
7	0.9598505282174761	0.38399997972264355
8	0.9642019410367414	0.6423283013292111
9	0.7654032821850579	0.7804746427746176
