	dmso-mut	drug-mut
0	242.3785534458821	270.33838109818174
1	202.90910099099523	214.12089366326813
2	230.26617647058825	148.41903895412239
3	268.42724644154475	240.23455278626093
4	291.3095025850227	267.8179161255411
5	474.3897718551895	265.19172915793877
6	241.83610098466966	323.95164588573397
7	294.5432040619683	297.8873750486824
8	157.5560821449792	285.62191238641066
9	201.9770956238288	286.4223624272606
