	dmso-mut	drug-mut
0	21.428571428571427	26.928571428571427
1	39.5	31.0
2	40.642857142857146	35.57142857142857
3	35.57142857142857	35.642857142857146
4	41.285714285714285	14.857142857142858
5	53.57142857142857	21.357142857142858
6	36.142857142857146	16.928571428571427
7	43.642857142857146	34.357142857142854
8	43.357142857142854	26.142857142857142
9	46.857142857142854	26.928571428571427
