	dmso-mut	drug-mut
0	0.9962018668248352	1.0639342005611083
1	1.0357472398980612	0.9794970919338878
2	0.9492879883155313	0.718969573037064
3	0.958965586354075	0.5517753893641385
4	1.1095221588255806	1.2143355931664603
5	1.4422597050024142	1.0732561056630805
6	0.9803468998233084	1.1598628940283537
7	0.8511641923202645	1.1509089213954933
8	0.7680423965996145	0.9199156983428669
9	0.7544120578041572	1.2051821161014893
