	dmso-mut	drug-mut
0	0.9233880200347855	1.0308981254669227
1	0.9821126601379632	1.060818913158775
2	1.0431190115758087	0.6686261988764289
3	1.0069617676812261	0.9182807227152523
4	1.2767097820924305	1.086434326487952
5	1.4005365730958874	1.0578560639202377
6	1.0369353821853058	1.1717094793033462
7	0.9304899481923291	1.1101503505954358
8	0.7952993931619983	1.0093099770909286
9	0.865589199905712	1.2059034659649215
