	dmso-mut	drug-mut
0	213565.92216407112	83268.80042763782
1	298384.86847604427	514669.3267709473
2	693126.8036968661	772150.9193524685
3	299302.12614455866	119520.86059780096
4	82134.99842510796	275461.2991005966
5	486867.4933649702	278911.49857418984
6	102710.17579636685	86366.2213741748
7	31566.469673860127	250034.97888302137
8	342308.0648556671	89266.01456165478
9	74630.40961912612	138554.99277356983
