	dmso-mut	drug-mut
0	1.05	3.466666666666667
1	1.9833333333333334	2.966666666666667
2	1.45	0.9
3	3.283333333333333	1.6666666666666667
4	3.533333333333333	1.8333333333333333
5	1.6833333333333333	1.6833333333333333
6	4.333333333333333	3.3666666666666667
7	5.733333333333333	2.3
8	3.1666666666666665	3.783333333333333
9	4.1	1.5333333333333334
