	dmso-mut	drug-mut
0	1.0123503493738575	1.1599756045518301
1	1.2740183121864421	1.0278178368702473
2	1.226367850410729	0.8364885325149313
3	1.189610659602767	0.8332860555064786
4	1.2313700565033057	1.7578568048772183
5	1.1817882840917984	1.1544238690682382
6	1.1631795435198096	1.2073830140345327
7	1.3320664413195107	1.3865824331751484
8	1.084732768238958	1.498886326075982
9	1.0088742927436296	1.3190427548475243
