	dmso-mut	drug-mut
0	1.149045807188438	1.2010423046202237
1	1.3565269005813032	1.1820120859335028
2	1.2029190921539754	0.8568936734592042
3	1.2705853602100317	1.031304372388284
4	1.357650599378958	1.4020283988329583
5	1.128361210574727	1.3049988831372767
6	1.2680532877778536	1.2719367143867368
7	1.3164484026142795	1.4112955793878308
8	1.29850589893335	1.2711128715046218
9	1.1848239466906079	1.3388813414353582
