	dmso-mut	drug-mut
0	385.42857142857144	1192.2857142857142
1	1226.0	405.14285714285717
2	720.8571428571429	2788.714285714286
3	645.1428571428571	3033.5714285714284
4	2506.4285714285716	286.57142857142856
5	4026.5714285714284	593.8571428571429
6	1332.142857142857	709.4285714285714
7	746.0	516.1428571428571
8	936.2857142857143	381.14285714285717
9	417.7142857142857	495.42857142857144
