	dmso-mut	drug-mut
0	235.76858026644712	179.9320559078088
1	170.39056595721263	191.66693834842528
2	173.71952404806993	225.41949040330798
3	195.59154396135864	279.0184562306921
4	227.24238661685175	235.1266822435075
5	246.384761719793	232.059975012011
6	200.47784826964283	211.57870461689632
7	234.56834669851642	178.08776685686203
8	182.5599724482281	226.34323047543492
9	182.19749484768244	193.47359249419372
