	dmso-mut	drug-mut
0	0.7457452810476122	0.6834354932540448
1	0.4681336124957546	0.5049964963517382
2	0.21758155292944914	0.8011462018531147
3	0.7927793694524304	1.541378994587917
4	1.2269637823870814	0.4836395079147373
5	1.3433410708408398	1.0669948017005872
6	0.8199868964382311	0.7325231001358571
7	1.3279143397782127	0.5234904245909535
8	1.0789764904288146	0.8833053465554828
9	0.7481536726250706	0.8640096987380386
