	dmso-mut	drug-mut
0	0.41054340602320283	0.3507644768652537
1	0.28553917085371633	0.3705532350982537
2	0.24913105676781613	0.40215181450917564
3	0.46832661437765105	0.6840151762190289
4	0.8286570279757821	0.3496904325568145
5	0.6648296193728849	0.8851961564236965
6	0.7238754545889429	0.4636721741359539
7	0.9335718980403399	0.33943723505330226
8	0.5539661952461163	0.5843810865550596
9	0.5536134549799645	0.4749453486906929
