	dmso-mut	drug-mut
0	0.4386506258080532	0.5990060542285354
1	0.41763089679140925	0.3914140931021516
2	0.18966645325158543	0.6393008933041794
3	0.46154364000173015	1.6761774957308517
4	0.7695836488979629	0.5235086438365892
5	1.331701144901607	0.5940309338279783
6	0.6621482202162182	0.6219140358589779
7	1.1494050551688795	0.5918988365673031
8	0.8514537773921	0.5394517183255166
9	0.4192263048636802	0.8601730429449247
