	dmso-mut	drug-mut
0	0.2909000876471798	0.37806626907842356
1	0.22658112298344874	0.30987412259275765
2	0.47201575976613935	1.169129414427735
3	1.1270730872022052	0.9496083100269985
4	0.8179276308450424	0.7844630301118347
5	0.5898096090037432	1.216295903538604
6	2.6861821843728664	0.49990099784388803
7	0.6027257905210817	1.0853457409409952
8	0.772411472722378	2.0667056450018566
9	1.5520236651530812	0.6009952823213868
10	1.5644403783436027	
11	0.5990817683540096	
