	dmso-mut	drug-mut
0	180.80933903478277	153.68038374806827
1	229.20704387960097	209.18387713840076
2	280.8620939218147	288.71584683757794
3	344.3423020429972	282.9274743087881
4	311.29820933287374	241.95325507496162
5	387.74176961114205	405.26657247723085
6	439.19332544289017	273.9071588336345
7	339.7145478278288	417.11036807800144
8	336.3290654377024	436.49568534742747
9	420.4401142566578	341.58664909547286
10	471.54754714723396	
11	276.3335922653375	
