	dmso-mut	drug-mut
0	55.61388888888889	82.41111111111111
1	110.29166666666667	113.975
2	78.33055555555555	112.0
3	92.41944444444445	112.61666666666666
4	186.46666666666667	95.98055555555555
5	102.56111111111112	92.02777777777777
6	66.43888888888888	144.48055555555555
7	77.77222222222223	130.48333333333332
8	102.62777777777778	61.53333333333333
9	121.30555555555556	117.58888888888889
10	85.14166666666667	
11	63.90833333333333	
