	dmso-mut	drug-mut
0	0.580433573624788	0.280539825069897
1	0.3601591059172106	0.3719068439777953
2	0.5175573127920228	1.1142980413500998
3	1.5689343065499872	0.6176634049165938
4	1.149331939434228	0.9244314436670299
5	0.998416250861344	1.353896379616754
6	3.752573180797252	0.5425745508918818
7	0.941050045698982	1.0742254199781005
8	0.7574838970974113	1.853836497153972
9	1.8162808718722598	0.7681446835308494
10	1.6812368904100106	
11	0.8685697720229724	
