	dmso-mut	drug-mut
0	0.3995064597209318	0.22706839457970893
1	0.2927573092707745	0.27924827869170565
2	0.4169417189630599	1.1059411020042313
3	1.5857970047363619	0.5768942744455929
4	1.078025691193392	0.8519953824836075
5	0.7944764589193862	1.0632513664707057
6	3.6325189291466167	0.37127218289683184
7	0.6302134405536962	1.0824246617738387
8	0.6386281656425814	1.8000156941825076
9	1.6644320326856354	0.4830493968705989
10	1.6672505121837458	
11	0.6892019693267112	
