	dmso-mut	drug-mut
0	179.51946924907222	152.3937577397075
1	227.04629972093406	207.78422655925107
2	296.13326579713566	289.9950192075916
3	348.56991046398923	292.9923175450476
4	307.3331221312368	229.00955131881952
5	374.74648944393556	406.12814453074606
6	432.694844803101	265.4063024708497
7	325.6992651625675	413.0738017556892
8	325.69861067627994	413.8068450886129
9	422.92934965543543	334.5729616478962
10	483.93113350477824	
11	252.60095126915587	
