	dmso-mut	drug-mut
0	17066.536319007075	34023.18416371763
1	6315.561487871875	9957.044532227994
2	10348.206217335586	2347.7726764679587
3	9369.539188648128	4963.607369518432
4	3735.823162540753	12330.501413054653
5	3871.576708755724	12302.075316042998
6	4802.377894141821	4633.935621283866
7	6221.642055880802	4589.223265334609
8	6092.177127396855	3020.4110336199587
9	3284.527740203078	7682.964909993122
10	3035.366340665147	
11	7981.866238200831	
