	dmso-mut	drug-mut
0	368.2857142857143	466.2857142857143
1	587.4285714285714	568.5714285714286
2	999.4285714285714	1552.2857142857142
3	484.57142857142856	874.4285714285714
4	1154.5714285714287	1393.2857142857142
5	1040.5714285714287	605.4285714285714
6	785.5714285714286	944.4285714285714
7	683.8571428571429	1272.5714285714287
8	706.5714285714286	1170.857142857143
9	1120.5714285714287	570.1428571428571
10	1158.4285714285713	
11	565.0	
