	dmso-mut	drug-mut
0	157.68242762476473	164.7552651427731
1	166.38761267679521	160.7374609896143
2	220.51530812395697	232.68773413720209
3	284.93199728922787	235.1923650243811
4	230.23261365543343	217.46216512309064
5	243.94779206389003	284.8701054759645
6	358.1390210590135	191.14109126980915
7	200.80935632553877	277.1013720685038
8	223.3122328534393	364.94253644839625
9	284.4735197774972	206.55849448903098
10	324.1990785250453	
11	193.50797633276736	
