	dmso-het	drug-het
0	0.2870309289625162	0.11308965523455373
1	0.15688398480916632	0.18980710737846826
2	0.8300266454381445	0.09347845379176532
3	1.0693262254022715	0.14813958488774256
4	0.4124265770129081	0.11162305834832405
5	0.7497492800375484	0.44573882473870613
6	0.3690556876578686	1.409218503183936
7	1.1424806013963065	0.505699331939695
8	0.4732542247717234	0.9699541242399636
9	0.9830342444398463	0.4447762215488597
10		0.2359277568583818
11		0.5404177458068842
