	dmso-het	drug-het
0	0.8854681640828993	0.7540559359227912
1	0.9090393236340376	0.8707891851811047
2	0.7918233662392941	0.7440427601036826
3	0.8674992037699008	0.9610987318234883
4	0.9541887469912625	0.7199299524908457
5	0.8558892501912524	1.595481330387412
6	1.0012243101670635	0.7168635128064992
7	1.0488977406284892	1.0977427267934605
8	1.0708123467705872	1.3366832670524385
9	1.0657111990573542	1.038049264570338
10		0.6308893725583283
11		1.1010386500065346
