	dmso-het	drug-het
0	40.84404761904762	28.439285714285713
1	40.951190476190476	21.266666666666666
2	34.55714285714286	25.64047619047619
3	24.73690476190476	25.067857142857143
4	17.232142857142858	27.76547619047619
5	33.641666666666666	22.741666666666667
6	17.607142857142858	22.451190476190476
7	21.789285714285715	15.480952380952381
8	22.82857142857143	19.454761904761906
9	18.73452380952381	30.94047619047619
10		22.275
11		25.057142857142857
