	dmso-het	drug-het
0	48.42857142857143	53.285714285714285
1	46.42857142857143	32.42857142857143
2	38.285714285714285	45.57142857142857
3	42.42857142857143	32.714285714285715
4	30.857142857142858	49.42857142857143
5	48.0	27.571428571428573
6	41.714285714285715	41.142857142857146
7	39.857142857142854	32.0
8	35.142857142857146	38.285714285714285
9	28.857142857142858	29.714285714285715
10		37.857142857142854
11		44.0
