	dmso-het	drug-het
0	9.142857142857142	7.059523809523809
1	8.583333333333334	5.880952380952381
2	7.785714285714286	7.821428571428571
3	7.690476190476191	7.369047619047619
4	6.130952380952381	8.369047619047619
5	8.202380952380953	7.166666666666667
6	7.321428571428571	6.619047619047619
7	6.130952380952381	5.535714285714286
8	6.821428571428571	6.023809523809524
9	5.904761904761905	7.130952380952381
10		7.0
11		8.023809523809524
