	dmso-het	drug-het
0	0.12990075132442536	0.06585087113945914
1	0.18061867849681335	0.0643009471982223
2	0.1481196268919102	0.13359139111662122
3	0.24488520619880103	0.0861797198428413
4	0.22916682893940546	0.09484540472580567
5	0.22733560808856518	0.9944863260832724
6	0.40589299115992244	0.2431543827255603
7	0.6569525642697672	0.23081281423143488
8	0.33990961914059914	0.2867692387763944
9	0.33580520071317477	0.12962653036947397
10		0.16136707007959813
11		0.3989872046715102
