	dmso-het	drug-het
0	1.0308280101244092	1.0335606849228973
1	1.0953466190476173	0.9826647895461785
2	1.200529285271882	0.98499217325133
3	1.429966274884201	1.0440338005075611
4	1.4923922702391057	1.0688712077903477
5	1.771687735482867	1.1863374277464216
6	1.3074292754468324	1.5646327485720655
7	1.5258667114695217	1.585199734775122
8	1.5761498297874463	1.7718500815397353
9	1.2898936961982397	1.60460074697944
10		1.5544889221115308
11		1.7519672723236093
