	dmso-het	drug-het
0	149.49628612848102	122.92200481686744
1	153.53794728280928	157.07512232887962
2	158.22248910404295	147.54592441572026
3	217.92975724015056	158.7075298438935
4	206.9351821797918	116.58616999472036
5	190.8840874629882	556.4820440915452
6	243.34239703988945	167.65458325767688
7	283.2691183364114	279.0886824994405
8	229.55583804586192	293.44196949576946
9	278.0408784727615	222.26603027485996
10		128.57891409558377
11		244.2245594300615
