	dmso-het	drug-het
0	153.76563114114742	117.12422135114636
1	179.38292054308184	159.02371882335584
2	166.38964642184905	144.34696750785548
3	200.2272877497033	171.88853151250692
4	207.55611502163129	109.86714225715059
5	220.31473446842529	432.5493612135168
6	283.37733354861996	197.85128822147732
7	398.9327578778007	335.84944334566507
8	253.4823826115581	352.3965287010281
9	291.5866664115862	227.5182837361188
10		159.19541838328695
11		299.71069268543226
