	dmso-het	drug-het
0	2397.714285714286	1662.2857142857142
1	2405.0	1255.5714285714287
2	2046.0714285714287	1459.642857142857
3	1460.9285714285713	1448.857142857143
4	965.7142857142857	1597.642857142857
5	1997.7857142857142	1336.142857142857
6	1037.642857142857	1337.357142857143
7	1333.5	912.5714285714286
8	1299.4285714285713	1159.5714285714287
9	1115.857142857143	1772.5714285714287
10		1307.5714285714287
11		1474.142857142857
