	dmso-het	drug-het
0	1.4233333333333333	1.3916666666666666
1	1.2666666666666666	0.48
2	2.22	1.6216666666666666
3	3.78	0.635
4	8.236666666666666	1.5616666666666668
5	2.18	2.2516666666666665
6	1.99	1.3233333333333333
7	5.293333333333333	1.265
8	2.11	1.0466666666666666
9	3.935	0.7316666666666667
10		0.9166666666666666
11		1.885
