	dmso-het	drug-het
0	178.35914349145463	163.04263135526085
1	186.24004405370493	181.14903970244313
2	198.58163605939382	199.72358992093714
3	218.37911899496703	184.68990685708684
4	199.08377749013897	166.30905352858971
5	203.67703523526853	263.60248070338156
6	245.9706834554886	212.91806838396138
7	238.66341166619864	249.43877744156975
8	213.08961143745427	251.2262017356406
9	242.2520769193872	200.83063816441862
10		182.0913696080792
11		220.0113617174696
