	dmso-het	drug-het
0	0.13259813147458294	0.07311731002506536
1	0.1366858381658647	0.1110954520748109
2	0.33307807535314304	0.08083326021352503
3	0.4676146221045819	0.10720998615573628
4	0.3941191952855763	0.06908998704204511
5	0.33295848696380775	0.3814281072376478
6	0.29305198320844317	0.5964048588800888
7	0.5935536193897605	0.2930466307963298
8	0.3628667820011993	0.4165854618158449
9	0.4711119294230629	0.23731644838074933
10		0.24609110789802965
11		0.2848038386099536
