	dmso-het	drug-het
0	1930.2857142857142	2194.714285714286
1	2142.1428571428573	1114.0
2	1505.7142857142858	1525.142857142857
3	977.4285714285714	920.8571428571429
4	652.4285714285714	1459.2857142857142
5	2181.4285714285716	784.4285714285714
6	1222.142857142857	1402.4285714285713
7	1621.857142857143	823.8571428571429
8	1049.7142857142858	1284.142857142857
9	454.57142857142856	876.0
10		1462.142857142857
11		1344.7142857142858
