	dmso-het	drug-het
0	1434.5	495.2857142857143
1	1442.857142857143	514.0
2	1476.357142857143	410.57142857142856
3	1396.857142857143	464.7142857142857
4	559.5714285714286	381.64285714285717
5	1928.0714285714287	1182.2857142857142
6	1011.2857142857143	1524.0714285714287
7	1690.5	907.7142857142857
8	1075.9285714285713	1238.5
9	1063.2142857142858	1061.142857142857
10		1151.2142857142858
11		1421.357142857143
