	dmso-het	drug-het
0	0.5476190476190477	0.7142857142857143
1	0.4523809523809524	0.5714285714285714
2	0.8333333333333334	0.7380952380952381
3	1.4523809523809523	0.8571428571428571
4	1.3333333333333333	0.9761904761904762
5	0.42857142857142855	1.4523809523809523
6	1.4761904761904763	1.0952380952380953
7	1.1428571428571428	1.4761904761904763
8	1.1904761904761905	0.8571428571428571
9	1.6666666666666667	1.0238095238095237
10		0.9761904761904762
11		1.0238095238095237
