	dmso-het	drug-het
0	1351.984126984127	1162.7460317460318
1	1481.3492063492063	836.2698412698413
2	1362.7460317460318	811.2222222222222
3	1028.2063492063492	1083.3492063492063
4	1097.2380952380952	748.3492063492064
5	1415.1746031746031	806.2380952380952
6	905.063492063492	718.952380952381
7	1225.5396825396826	847.1587301587301
8	1304.5714285714287	1064.5714285714287
9	1288.142857142857	1047.2380952380952
10		873.5396825396825
11		1049.3650793650793
