	dmso-het	drug-het
0	137.13622773564688	118.14446497235792
1	143.43057799950486	136.70230722177686
2	179.94885887079914	117.41699157236287
3	265.3149897921851	135.27475630028601
4	265.7444761089793	124.27623237943878
5	264.43199804038454	251.61066801935348
6	237.81921032440755	285.6820612593349
7	251.75813098851793	268.9493261131176
8	257.6804905545655	340.33535346463606
9	266.5711152796643	237.44235807994394
10		229.1717301422679
11		272.24195318065233
