	dmso-het	drug-het
0	1943.7142857142858	2248.714285714286
1	2147.285714285714	1133.7142857142858
2	1511.5714285714287	1552.0
3	995.8571428571429	932.2857142857143
4	672.5714285714286	1515.4285714285713
5	2190.1428571428573	792.7142857142857
6	1237.2857142857142	1406.4285714285713
7	1631.2857142857142	834.2857142857143
8	1065.7142857142858	1292.857142857143
9	471.14285714285717	884.5714285714286
10		1473.5714285714287
11		1362.857142857143
