	dmso-het	drug-het
0	138.34797100058324	127.52011191518973
1	141.28554305824383	129.31556202585483
2	172.73489574176725	133.57798031340502
3	174.94020925337077	138.3979600003358
4	172.54071965129765	132.8141396691964
5	194.12842812049317	272.2328405035034
6	164.40092173148068	217.81797429301014
7	204.87507842508253	178.69744669673244
8	171.91360986796215	217.88807972088142
9	187.7074675216473	168.7634765140667
10		177.4779504092704
11		183.12204170018498
