	dmso-het	drug-het
0	0.9287135590077319	0.8909014420785798
1	0.9979997928925833	0.9276082926846141
2	1.0156066854502013	0.8163751096558358
3	1.2346796196607743	0.9479827564451093
4	1.3413794596292379	0.922231431322651
5	1.4992400640771437	1.0251991420295434
6	1.2655540259863707	1.3347743442071718
7	1.2973504984134738	1.4112622806816149
8	1.4349816510116868	1.5347621183412208
9	1.322531860313794	1.300432246554536
10		1.253223478422492
11		1.4653507855033896
