	dmso-het	drug-het
0	0.2762211519016433	0.10212727237544761
1	0.15946416511009082	0.17037802831150475
2	0.8280393439752325	0.08647936768757974
3	1.0103499516282994	0.13879600208103984
4	0.40396787652172456	0.10073282850876145
5	0.6972396177004226	0.4191853617443201
6	0.3184420706121958	1.3124432264903925
7	1.0907178943829174	0.4144653053943513
8	0.40444223593338274	0.7903856323968564
9	0.8291899966370232	0.4242088784571226
10		0.21863726486344565
11		0.48650718401600895
