	dmso-het	drug-het
0	36.34920634920635	33.23809523809524
1	35.17460317460318	29.349206349206348
2	35.523809523809526	35.41269841269841
3	44.15873015873016	33.15873015873016
4	49.20634920634921	38.111111111111114
5	42.25396825396825	38.23809523809524
6	39.333333333333336	32.61904761904762
7	35.53968253968254	32.333333333333336
8	42.507936507936506	35.285714285714285
9	39.93650793650794	38.58730158730159
10		36.46031746031746
11		43.55555555555556
