	dmso-het	drug-het
0	2412.5714285714284	1699.5
1	2409.0	1274.7857142857142
2	2049.4285714285716	1539.7857142857142
3	1474.7142857142858	1464.2142857142858
4	992.7857142857143	1647.0714285714287
5	2007.5714285714287	1349.2857142857142
6	1055.357142857143	1342.5
7	1348.642857142857	924.7857142857143
8	1316.357142857143	1166.5
9	1128.0	1782.2142857142858
10		1325.5
11		1489.142857142857
