	dmso-het	drug-het
0	3.2857142857142856	4.285714285714286
1	2.7142857142857144	3.4285714285714284
2	5.142857142857143	4.571428571428571
3	8.142857142857142	5.142857142857143
4	8.0	6.142857142857143
5	2.7142857142857144	8.857142857142858
6	8.571428571428571	7.142857142857143
7	6.857142857142857	8.857142857142858
8	7.571428571428571	5.142857142857143
9	9.857142857142858	6.285714285714286
10		6.142857142857143
11		6.428571428571429
