	dmso-het	drug-het
0	23.079464988198268	20.18908995541568
1	25.288224495148178	14.372672436401784
2	22.93181222134802	14.873590348806713
3	17.53920797272489	18.607658012063993
4	18.687647521636507	13.549960660896932
5	24.040125885129818	14.135851035929715
6	15.396800419617099	12.18882769472856
7	20.937581956464726	14.583530028848676
8	22.33044846577498	18.209021767637033
9	22.151848937844218	17.975609756097562
10		15.055599265670075
11		17.896407028586413
