	dmso-het	drug-het
0	3745.6374010476134	20708.100319982997
1	7917.590300211795	54033.66853295531
2	6452.875332913515	21826.91935892757
3	26287.709423997585	26733.66298666278
4	63539.214653521405	20255.086189115187
5	10581.9198836172	8795.454610814128
6	9535.024844314179	12514.545134595
7	30729.542851707312	30598.63431137462
8	22075.581678733484	79088.93122830175
9	81605.66753212949	29697.65823251193
10		33752.160259013595
11		23924.182109541674
