	dmso-het	drug-het
0	0.09392525700386378	0.059733511953352705
1	0.11085514821186314	0.035899306161002044
2	0.11813427653148106	0.12849107303712998
3	0.20803810001333897	0.054795249978198006
4	0.2147891123088238	0.08415002546595365
5	0.17617194059756716	0.795001888008125
6	0.2660507151026471	0.16663258290815428
7	0.35858630390123375	0.18748414778259948
8	0.29636425303954944	0.13242978563223523
9	0.352190051205006	0.07919694653783309
10		0.16157600144447826
11		0.20016091831323116
