	dmso-wt	dmso-het
0	2.6166666666666667	5.55
1	1.8	6.033333333333333
2	4.333333333333333	3.1166666666666667
3	3.5	1.85
4	3.65	5.033333333333333
5	1.95	3.9833333333333334
6	2.6166666666666667	4.216666666666667
7	2.6333333333333333	5.366666666666666
8	3.683333333333333	3.4166666666666665
9	5.05	
10	6.216666666666667	
11	5.85	
