	dmso-wt	dmso-het
0	830.4285714285714	1066.7857142857142
1	638.0	826.0714285714286
2	698.0	657.2857142857143
3	329.42857142857144	485.57142857142856
4	524.7857142857143	1120.9285714285713
5	197.92857142857142	1049.642857142857
6	313.14285714285717	1096.2857142857142
7	316.5	1829.0
8	647.5714285714286	1307.2857142857142
9	728.9285714285714	
10	513.5	
11	434.35714285714283	
