	dmso-wt	dmso-het
0	5.5	6.010752688172043
1	6.110215053763441	5.456989247311828
2	5.134408602150538	5.467741935483871
3	4.612903225806452	5.551075268817204
4	4.776881720430108	6.486559139784946
5	3.3951612903225805	5.134408602150538
6	3.793010752688172	6.024193548387097
7	3.838709677419355	7.118279569892473
8	4.626344086021505	6.736559139784946
9	5.188172043010753	
10	7.376344086021505	
11	4.64247311827957	
