	dmso-wt	dmso-het
0	33.0	36.064516129032256
1	36.66129032258065	32.74193548387097
2	30.806451612903224	32.806451612903224
3	27.677419354838708	33.306451612903224
4	28.661290322580644	38.91935483870968
5	20.370967741935484	30.806451612903224
6	22.758064516129032	36.145161290322584
7	23.032258064516128	42.70967741935484
8	27.758064516129032	40.41935483870968
9	31.129032258064516	
10	44.25806451612903	
11	27.85483870967742	
