	dmso-wt	dmso-het
0	222650.1730391683	30058.536285325023
1	723418.4822222437	42596.35438826045
2	29551.76283334577	78290.14749128686
3	30435.699359955033	190504.2338570999
4	94801.35278452157	31826.327857851516
5	160118.5528744868	190340.75608469138
6	159128.8076003894	160821.89263439277
7	95302.18698984783	155920.98202224783
8	31011.240116719786	146562.7355425623
9	32553.75980357986	
10	21836.53151639371	
11	10974.848602431815	
