	dmso-wt	dmso-het
0	15.141666666666667	18.25595238095238
1	11.107142857142858	14.82857142857143
2	12.739285714285714	12.18095238095238
3	5.833333333333333	9.213095238095239
4	9.366666666666667	19.952380952380953
5	3.448809523809524	18.307142857142857
6	5.555952380952381	18.932142857142857
7	5.46547619047619	31.329761904761906
8	11.167857142857143	22.36190476190476
9	14.275	
10	11.980952380952381	
11	7.751190476190477	
