	dmso-wt	dmso-het
0	54.57142857142857	37.57142857142857
1	47.142857142857146	51.57142857142857
2	37.42857142857143	44.857142857142854
3	33.857142857142854	41.857142857142854
4	54.57142857142857	51.42857142857143
5	18.285714285714285	38.285714285714285
6	34.714285714285715	46.714285714285715
7	21.0	59.42857142857143
8	34.142857142857146	57.57142857142857
9	49.42857142857143	
10	57.42857142857143	
11	27.857142857142858	
