	dmso-wt	dmso-het
0	1.2903225806451613	1.5483870967741935
1	1.586021505376344	1.228494623655914
2	1.260752688172043	1.706989247311828
3	1.478494623655914	1.4301075268817205
4	1.7204301075268817	1.9327956989247312
5	1.5241935483870968	1.3951612903225807
6	1.5349462365591398	1.2338709677419355
7	2.118279569892473	1.5994623655913978
8	1.6451612903225807	1.5940860215053763
9	1.60752688172043	
10	1.9650537634408602	
11	1.7903225806451613	
