	dmso-wt	dmso-het
0	17.576190476190476	15.083333333333334
1	16.10952380952381	18.38809523809524
2	14.111904761904762	20.185714285714287
3	5.192857142857143	10.633333333333333
4	14.566666666666666	13.161904761904761
5	3.980952380952381	19.173809523809524
6	8.795238095238096	25.64761904761905
7	6.997619047619048	39.82142857142857
8	11.852380952380953	31.52857142857143
9	16.576190476190476	
10	14.44047619047619	
11	7.05	
