	dmso-wt	dmso-het
0	139.59093967204487	148.13723224156817
1	169.3283272222222	149.8860701431769
2	169.11136647393678	189.05124164501052
3	168.9141038003951	232.21491461156893
4	175.16817384245547	181.7792771085265
5	429.9106044554848	238.6576882481705
6	268.2639294637487	168.40200810581013
7	328.6243169048438	180.95507477090945
8	180.45336113857888	188.32300491055003
9	164.85617001796635	
10	170.8695578133022	
11	177.35895701429789	
