	dmso-wt	dmso-het
0	12.05	29.316666666666666
1	2.6166666666666667	16.45
2	40.45	9.2
3	30.966666666666665	16.716666666666665
4	18.55	28.283333333333335
5	5.2	17.716666666666665
6	7.533333333333333	15.05
7	11.4	20.95
8	26.083333333333332	10.416666666666666
9	22.416666666666668	
10	29.816666666666666	
11	62.583333333333336	
