	dmso-wt	dmso-het
0	1.4986780876652968	1.8975550361584852
1	1.9685920169103588	1.9446347316800552
2	2.103490544143464	2.2753609984578502
3	1.6814503566109802	2.007077723214814
4	1.8418438013939331	1.8714985430385045
5	2.411711468187044	2.582591375423032
6	1.979238478748208	2.2642903691125102
7	1.9280454229034574	2.5152855458255643
8	2.860233216143181	2.1706123935923616
9	1.9876704273759873	
10	1.835186937362932	
11	2.24312879059605	
