	dmso-wt	dmso-het
0	181.71771809122154	246.12516377796115
1	327.67656898656895	256.8540488365609
2	337.32411377790515	502.8547345814874
3	324.6160707371226	524.7071255049847
4	324.7713049910225	384.3310824620934
5	1487.767965854735	538.6131768800163
6	945.2308725236729	367.2805665215751
7	1190.155361218498	442.18168636713784
8	426.1454144797949	364.73029162655445
9	273.3182117616723	
10	306.14669244405536	
11	404.92199597489065	
