	dmso-wt	dmso-het
0	1.2998003520577739	1.6404081083546795
1	1.886916564668408	1.6666391733507016
2	1.9083904229840396	2.5413629872037635
3	1.7986895565077978	2.026229389892302
4	1.6974095154853561	1.9347364335836705
5	2.5952431242267426	2.050314495705646
6	2.6236442242596607	2.2002682882190525
7	2.603052362406688	2.156717571164273
8	2.270708051176596	1.6769172457752632
9	1.6241879162871316	
10	1.7824477609256475	
11	2.2980652239418164	
