	dmso-wt	dmso-het
0	729.4285714285714	1253.7142857142858
1	342.2857142857143	597.0
2	607.1428571428571	236.28571428571428
3	364.0	413.85714285714283
4	229.57142857142858	1547.142857142857
5	166.42857142857142	1002.2857142857143
6	132.14285714285714	697.7142857142857
7	224.71428571428572	1282.2857142857142
8	601.2857142857143	729.5714285714286
9	588.1428571428571	
10	386.2857142857143	
11	467.14285714285717	
