	dmso-wt	dmso-het
0	559457.7676751578	73124.77961610474
1	704847.7959955434	79241.15686519335
2	77166.45271478445	144438.49487641748
3	82844.07943796548	381685.5044229419
4	199808.32474404355	96838.39401404075
5	224912.66844519583	177771.66487656464
6	214482.52691356573	243658.19166669538
7	166280.80441446492	253974.82576638888
8	142717.49313262833	293072.949716613
9	189887.36334420208	
10	120379.06498461851	
11	32004.63923402487	
