	dmso-wt	dmso-het
0	0.05540381605548458	0.11199788173000046
1	0.05049966198503745	0.05499032977844466
2	0.21489708224400456	0.17265034660468465
3	0.1349020988929001	0.6459564963665828
4	0.14878658782305032	0.27369304270766037
5	2.3226880804011456	0.33422971905796717
6	0.48895969388977084	0.12715219475792167
7	0.8448460592183953	0.33051664563772964
8	0.1566089597012732	0.4265180006332703
9	0.15100984282729893	
10	0.15649135330259908	
11	0.31005315618645846	
