	dmso-wt	dmso-het
0	202.5662657646961	290.788471155903
1	324.660518634892	314.9024359854603
2	326.79583252839285	516.74686827949
3	324.35330169836874	359.08190638875845
4	387.1452576035971	400.9165074197324
5	775.2090718953964	563.7586893557109
6	835.546743575611	329.8618434776035
7	915.250793240998	348.23020825887096
8	464.4290182972847	369.57269132329446
9	367.3247903922876	
10	399.2704879098446	
11	434.65407547991856	
