	dmso-wt	dmso-het
0	186.1396921241524	303.3798927051606
1	462.6104942969295	307.64630364845493
2	369.40704565034395	813.4313190328411
3	277.1122963718368	392.5813362662119
4	381.7569144104933	421.5479004658783
5	1228.5621347296724	669.7592425794427
6	849.7820674952061	361.23265582079216
7	590.8319066924427	355.3037934997609
8	462.67810409676787	437.0141274692972
9	323.38140721330257	
10	333.5359955186745	
11	384.9618729216304	
