	dmso-wt	dmso-het
0	36.86290322580645	64.52688172043011
1	37.49731182795699	48.05913978494624
2	39.884408602150536	42.284946236559136
3	22.913978494623656	68.24193548387096
4	40.36290322580645	58.895161290322584
5	28.22043010752688	113.05645161290323
6	25.97043010752688	86.09139784946237
7	19.693548387096776	82.92204301075269
8	48.02150537634409	75.87903225806451
9	45.663978494623656	
10	40.44086021505376	
11	43.973118279569896	
