	dmso-wt	dmso-het
0	137.08980795405222	148.78865557350585
1	171.01386505494506	148.98596709573604
2	171.9036759350677	190.29912206296646
3	171.79519034157556	234.33942603668027
4	183.14766963382218	186.93778124801173
5	424.08837495440594	208.87889394146964
6	289.8614940287784	165.44793080512125
7	346.63959338527945	180.90259338276977
8	182.68910998106878	200.3761164315996
9	159.29196110888083	
10	165.63743773300936	
11	186.3932854682677	
