	dmso-wt	dmso-het
0	2.9716666666666667	7.968333333333334
1	0.4816666666666667	3.685
2	7.668333333333333	1.4816666666666667
3	5.5633333333333335	1.8966666666666667
4	2.915	5.465
5	0.7433333333333333	3.4366666666666665
6	0.9466666666666667	2.8833333333333333
7	1.595	4.843333333333334
8	4.435	1.8383333333333334
9	4.596666666666667	
10	7.141666666666667	
11	8.37	
