	dmso-wt	dmso-het
0	34.83870967741935	39.354838709677416
1	43.61290322580645	45.33870967741935
2	45.53225806451613	40.82258064516129
3	47.74193548387097	40.45161290322581
4	51.08064516129032	49.645161290322584
5	47.645161290322584	39.564516129032256
6	48.70967741935484	39.16129032258065
7	51.725806451612904	46.37096774193548
8	51.725806451612904	40.17741935483871
9	50.88709677419355	43.87096774193548
10		49.58064516129032
