	dmso-wt	dmso-het
0	200.36200742268534	146.04497373395253
1	183.85003094202085	154.08229742063835
2	170.192074917713	139.45735081732735
3	214.4806494060981	147.93295546453464
4	176.51131766338352	148.70063124736865
5	178.59566501959776	149.81177991192507
6	182.25899416353576	171.6209854479539
7	179.95694489242186	154.60580754556173
8	172.63611389427038	156.8948746546793
9	168.76417947561586	187.76137972964952
10		211.10490759307316
