	dmso-wt	dmso-het
0	795.8571428571429	1459.0714285714287
1	1217.142857142857	1655.7142857142858
2	1534.2142857142858	1301.7142857142858
3	2119.4285714285716	1088.857142857143
4	677.6428571428571	2043.4285714285713
5	680.3571428571429	1300.0714285714287
6	505.14285714285717	710.9285714285714
7	1258.0	1326.2857142857142
8	774.2857142857143	1510.0
9	1058.9285714285713	1160.642857142857
10		1334.0
