	dmso-wt	dmso-het
0	5.0	5.857142857142857
1	6.285714285714286	12.571428571428571
2	6.0	10.428571428571429
3	1.7142857142857142	13.142857142857142
4	13.142857142857142	6.571428571428571
5	12.857142857142858	13.857142857142858
6	14.142857142857142	12.142857142857142
7	13.857142857142858	9.857142857142858
8	14.0	9.571428571428571
9	12.857142857142858	11.428571428571429
10		8.857142857142858
