	dmso-wt	dmso-het
0	206.33391933062748	165.3998138841034
1	209.290632337131	152.4835651976941
2	210.56760583153695	175.16281780667248
3	222.40662599060752	165.9281165647527
4	223.01046498065426	164.88724852887745
5	201.8749849379065	178.39581055908462
6	222.26998262309235	200.61991947205598
7	208.19619387178017	171.27545832668102
8	216.3734319452591	196.6895369848797
9	212.82384510259567	177.13914446383848
10		233.4089588152292
