	dmso-wt	dmso-het
0	1.4	2.6466666666666665
1	1.5783333333333334	3.7316666666666665
2	2.03	1.7683333333333333
3	3.115	2.755
4	3.2383333333333333	3.165
5	5.876666666666667	2.4516666666666667
6	8.763333333333334	1.3266666666666667
7	7.5183333333333335	5.22
8	5.308333333333334	2.566666666666667
9	7.17	3.7083333333333335
10		4.773333333333333
