	dmso-wt	dmso-het
0	754.5806451612904	817.9193548387096
1	779.8225806451613	848.6612903225806
2	927.0483870967741	780.5483870967741
3	1099.1612903225807	502.7903225806452
4	676.0967741935484	1131.6451612903227
5	594.3548387096774	778.3225806451613
6	388.7258064516129	539.0967741935484
7	766.9032258064516	839.5645161290323
8	625.2741935483871	662.1129032258065
9	793.6612903225806	818.483870967742
10		911.0645161290323
