	dmso-wt	dmso-het
0	796.1428571428571	415.7142857142857
1	751.7142857142857	502.42857142857144
2	882.1428571428571	449.42857142857144
3	918.1428571428571	425.7142857142857
4	378.57142857142856	895.1428571428571
5	625.7142857142857	767.4285714285714
6	385.2857142857143	653.0
7	1116.0	823.5714285714286
8	348.7142857142857	892.8571428571429
9	733.5714285714286	1212.857142857143
10		1128.2857142857142
