	dmso-wt	dmso-het
0	3.7142857142857144	9.261904761904763
1	9.642857142857142	9.523809523809524
2	9.404761904761905	8.619047619047619
3	10.0	9.0
4	9.452380952380953	9.904761904761905
5	7.619047619047619	7.904761904761905
6	7.857142857142857	4.904761904761905
7	9.095238095238095	9.095238095238095
8	9.261904761904763	8.523809523809524
9	9.214285714285714	8.785714285714286
10		9.595238095238095
