	dmso-wt	dmso-het
0	83592.21019492814	46063.577108038786
1	84639.3533991809	144112.6441943822
2	45401.68472364999	121469.23308120345
3	25312.160754049106	147661.07850260418
4	38066.90803103122	37718.91250640385
5	28624.145207397716	42595.73600911512
6	19011.216891762622	134802.2792558754
7	41135.90021729191	20053.530402595716
8	44491.07389371178	37900.36229822969
9	18659.6864034946	40966.98565502876
10		21067.930195031222
