	dmso-wt	dmso-het
0	199.93385504627145	145.06390789983075
1	187.10916017959926	150.97287567442575
2	179.24510584984336	145.0117137779166
3	222.67580665660537	157.01994646425177
4	180.28655878048053	151.51437104528122
5	188.61274430056932	155.94304822523114
6	187.97685152568414	168.1253980762843
7	183.7046676776647	160.13858385862662
8	182.96281474646622	161.63949327306509
9	171.9275737145029	187.0017012008145
10		217.36653017031398
