	dmso-wt	dmso-het
0	2.1333333333333333	1.7333333333333334
1	2.2666666666666666	1.6666666666666667
2	3.0	1.4666666666666666
3	3.1333333333333333	1.3166666666666667
4	2.9166666666666665	3.2333333333333334
5	1.9666666666666666	2.8833333333333333
6	2.466666666666667	1.3833333333333333
7	3.066666666666667	2.683333333333333
8	2.0	2.55
9	2.6166666666666667	2.85
10		3.1166666666666667
