	dmso-wt	dmso-het
0	878.0	1121.4285714285713
1	1052.142857142857	1708.5714285714287
2	1310.0	1645.857142857143
3	2131.285714285714	868.2857142857143
4	550.2857142857143	1981.857142857143
5	804.0	1859.857142857143
6	568.2857142857143	870.1428571428571
7	1392.4285714285713	1193.7142857142858
8	646.1428571428571	1615.0
9	941.0	1407.7142857142858
10		1366.2857142857142
