	dmso-wt	dmso-het
0	0.4628006485407668	0.1256065331794791
1	0.28057611927998133	0.1388678624739937
2	0.27360795635150365	0.18732937643080813
3	0.4831597598658947	0.24958065849521371
4	0.3018215300440532	0.180593727255259
5	0.35605362623066206	0.13318191200717924
6	0.3584740760460353	0.18481057152507827
7	0.3142087258841767	0.24842306324393837
8	0.29016931282435404	0.20424596270093243
9	0.3727828413514422	0.28063240694841013
10		0.4680383833958459
