	dmso-wt	dmso-het
0	4.690476190476191	7.845238095238095
1	9.095238095238095	9.261904761904763
2	9.107142857142858	8.130952380952381
3	9.869047619047619	7.321428571428571
4	9.142857142857142	9.666666666666666
5	7.821428571428571	8.369047619047619
6	8.107142857142858	5.392857142857143
7	9.154761904761905	8.511904761904763
8	9.166666666666666	8.69047619047619
9	9.023809523809524	8.75
10		9.642857142857142
