	dmso-wt	dmso-het
0	13.404761904761905	24.711904761904762
1	21.097619047619048	27.535714285714285
2	26.836904761904762	21.941666666666666
3	36.246428571428574	19.166666666666668
4	11.69047619047619	34.95952380952381
5	11.29642857142857	22.379761904761907
6	8.248809523809523	11.959523809523809
7	21.323809523809523	22.176190476190477
8	12.873809523809523	25.108333333333334
9	17.94404761904762	19.864285714285714
10		22.788095238095238
