	dmso-wt	dmso-het
0	781.2857142857143	1388.7857142857142
1	1202.5	1408.2857142857142
2	1511.0714285714287	1186.357142857143
3	2087.5	960.2857142857143
4	615.5714285714286	1982.357142857143
5	608.3571428571429	1222.142857142857
6	376.0	694.9285714285714
7	1168.857142857143	1248.5
8	620.8571428571429	1429.642857142857
9	965.0714285714286	1121.2142857142858
10		1314.0714285714287
