	dmso-wt	dmso-het
0	768.7903225806451	869.5
1	789.7903225806451	1020.5
2	937.2903225806451	901.516129032258
3	1113.9516129032259	635.6451612903226
4	713.983870967742	1161.6774193548388
5	638.9516129032259	815.2741935483871
6	476.5483870967742	589.7741935483871
7	838.258064516129	907.3387096774194
8	694.2741935483871	731.3387096774194
9	857.016129032258	836.0322580645161
10		919.983870967742
