	dmso-wt	dmso-het
0	0.3945666434487891	0.20965259613824988
1	0.27092595401223163	0.11800615299270689
2	0.2940947939468487	0.3989072821474179
3	0.5060244318737729	0.31737514671416367
4	0.3756795432552936	0.1466831688071312
5	0.36898131679098634	0.1308874385282836
6	0.501130390491728	0.2812506243096587
7	0.41592562030837354	0.412526316625122
8	0.36237031059141456	0.26267846572406717
9	0.6179546354947663	0.3458479034306404
10		0.5235103154505756
