	dmso-het	drug-het
0	539.6190476190476	472.04761904761904
1	823.7936507936508	667.3968253968254
2	639.8412698412699	770.984126984127
3	1066.3015873015872	971.2380952380952
4	743.1269841269841	598.6507936507936
5	1004.4920634920635	694.0952380952381
6	771.1111111111111	744.2222222222222
7	1211.5873015873017	425.44444444444446
8	975.6507936507936	1011.8253968253969
9	620.0	753.1428571428571
10	966.6825396825396	935.0
11	757.7619047619048	779.4603174603175
12	1295.6984126984128	999.8730158730159
