	dmso-het	drug-het
0	116.0	96.78571428571429
1	135.8095238095238	198.71428571428572
2	170.88095238095238	101.5
3	213.14285714285714	154.21428571428572
4	139.8095238095238	255.78571428571428
5	259.3333333333333	202.1904761904762
6	198.54761904761904	93.80952380952381
7	256.14285714285717	70.14285714285714
8	304.1190476190476	330.5
9	252.92857142857142	175.45238095238096
10	238.6904761904762	218.42857142857142
11	148.1904761904762	127.0
12	399.4047619047619	139.38095238095238
