	dmso-wt	dmso-het
0	3.033333333333333	2.65
1	4.716666666666667	7.55
2	2.6	2.6666666666666665
3	2.4166666666666665	1.6666666666666667
4	1.8166666666666667	6.2
5	1.85	3.45
6	4.033333333333333	8.083333333333334
7	5.466666666666667	6.016666666666667
8	4.316666666666666	4.1
9	4.733333333333333	2.7
10	4.166666666666667	7.05
11	3.3666666666666667	2.5
12	7.933333333333334	6.216666666666667
13	8.033333333333333	4.066666666666666
14		7.166666666666667
15		8.65
