	dmso-wt	drug-wt
0	2.9166666666666665	2.2
1	4.816666666666666	5.533333333333333
2	4.8	1.1333333333333333
3	6.416666666666667	3.6
4	6.683333333333334	6.35
5	5.033333333333333	3.716666666666667
6	4.15	3.183333333333333
7	2.783333333333333	5.6
8	4.966666666666667	6.083333333333333
9	4.2	4.583333333333333
10	3.933333333333333	3.783333333333333
11	4.216666666666667	5.066666666666666
12		3.9166666666666665
13		2.3
14		4.533333333333333
15		4.1
16		5.4
17		3.683333333333333
18		3.9166666666666665
