	dmso-wt	dmso-het
0	179.06560888687363	138.58341757993674
1	152.76846402219894	137.3213689012306
2	141.83657897575762	153.02575552387796
3	148.1332050773993	173.36140936078408
4	162.02139172481088	158.9045487589605
5	156.7153861452859	150.58328614784926
6	151.3459556070878	153.5170182770276
7	170.46652397884552	158.2166242663067
8	159.644314067348	138.3811523020059
9	173.07113088892237	152.55919663340057
10	150.73005499040275	
11	143.5960401123208	
