	dmso-wt	dmso-het
0	179.07384052261938	139.3472797118327
1	188.25414910783655	123.5454266281503
2	135.77963097638508	157.34486095424668
3	145.56710044790168	155.44625829735458
4	187.37091423603164	157.06554226598422
5	197.02001904280135	172.4751074643961
6	226.56788390444788	175.86620111915684
7	276.9705019184097	181.79573321482255
8	214.82336460572438	161.1371124130578
9	219.09638829459828	159.12134969096005
10	197.3666782959538	
11	178.69064929544928	
