	dmso-wt	dmso-het
0	180.70712788729134	139.452186361074
1	161.1319579593748	139.4893024587699
2	134.59822501058412	154.02320809338747
3	142.63925546315915	157.95630981622705
4	154.66879617714955	157.2768063583398
5	151.6872309212709	148.30766362428275
6	150.72659799255982	150.40768240350485
7	164.0233083455777	156.49720169478792
8	160.655648186089	141.3351622600708
9	159.95584774935097	151.10555278376395
10	150.9152107882719	
11	140.33968997732828	
