	dmso-wt	dmso-het
0	75.0	57.46965699208443
1	34.96569920844327	51.38522427440633
2	63.30870712401055	56.303430079155675
3	61.09234828496042	59.142480211081796
4	62.94195250659631	107.76253298153034
5	49.970976253298154	65.46965699208444
6	36.75725593667546	124.56728232189974
7	70.82585751978891	92.78891820580475
8	60.519788918205805	53.37730870712401
9	42.96569920844327	55.989445910290236
10		68.89182058047493
11		48.46701846965699
12		79.61477572559367
