	dmso-wt	dmso-het
0	553.4285714285714	319.0
1	260.2857142857143	424.14285714285717
2	334.85714285714283	456.0
3	289.2857142857143	579.0
4	191.0	1078.4285714285713
5	316.14285714285717	562.4285714285714
6	332.57142857142856	798.2857142857143
7	420.0	508.57142857142856
8	324.57142857142856	470.2857142857143
9	303.2857142857143	303.14285714285717
10		459.0
11		376.7142857142857
12		823.5714285714286
