	dmso-wt	dmso-het
0	534.5714285714286	466.7857142857143
1	485.92857142857144	438.35714285714283
2	411.57142857142856	569.2857142857143
3	299.64285714285717	616.0714285714286
4	202.85714285714286	941.0
5	404.64285714285717	483.57142857142856
6	476.2142857142857	538.7142857142857
7	414.92857142857144	534.2857142857143
8	384.92857142857144	453.14285714285717
9	339.85714285714283	332.42857142857144
10		606.0714285714286
11		627.3571428571429
12		858.3571428571429
