	dmso-wt	dmso-het
0	42600.65384130783	23052.527345778442
1	59119.94718047966	45263.32594498199
2	133643.84475932713	20425.265275621266
3	28678.765473158226	40036.63800857732
4	99182.86532172098	9197.952851825003
5	87093.28378114427	17893.95864829099
6	34443.617077472365	11239.343385976734
7	85048.21267788799	10604.794340244132
8	120578.07031133273	52011.24801155439
9	123127.8783507642	5154.777543517823
10	29853.161328367987	
11	85095.75837829226	
