	dmso-wt	dmso-het
0	17746.703568699013	10294.583810279193
1	11545.655266072936	7124.6842036153175
2	34213.99149939908	15680.248652309238
3	21186.388094903414	8628.851472069566
4	53639.75899158739	8332.168707392482
5	27346.493448927882	7751.147801720413
6	16204.854934937088	10996.63608849308
7	34737.460209314246	7600.070969292704
8	21576.963530231402	19224.625062806135
9	42379.87939035865	5283.0211799056115
10	19336.145699021487	
11	27106.979363270093	
