	dmso-wt	dmso-het
0	8.857142857142858	9.428571428571429
1	6.428571428571429	6.857142857142857
2	11.0	12.285714285714286
3	9.857142857142858	7.0
4	14.0	8.571428571428571
5	11.714285714285714	12.428571428571429
6	15.714285714285714	18.285714285714285
7	10.428571428571429	13.714285714285714
8	13.571428571428571	12.857142857142858
9	10.571428571428571	5.285714285714286
10	14.0	
11	9.571428571428571	
