	dmso-wt	dmso-het
0	0.33452724363093617	0.17282711275371593
1	0.2296728259367214	0.18992123324991977
2	0.11258610091145983	0.19590598573717186
3	0.136786310835458	0.21561878056440628
4	0.18819863312770954	0.27441542127853785
5	0.30352076106849807	0.2548366200759832
6	0.20018040523962963	0.16942682687068725
7	0.3485859720915359	0.19937141229351724
8	0.2637789997412713	0.20735899988953235
9	0.21571009460401885	0.20957499048156503
10	0.20383501412507754	
11	0.13950792449574112	
