	dmso-wt	dmso-het
0	9.071428571428571	10.142857142857142
1	5.571428571428571	5.142857142857143
2	10.214285714285714	12.571428571428571
3	9.285714285714286	7.0
4	13.571428571428571	7.642857142857143
5	8.785714285714286	9.5
6	15.285714285714286	14.428571428571429
7	10.142857142857142	12.142857142857142
8	10.928571428571429	11.928571428571429
9	8.785714285714286	5.785714285714286
10	13.0	
11	8.214285714285714	
