	dmso-wt	dmso-het
0	1.0562993903161217	1.048860336581734
1	1.2367475543635136	1.1348622382409013
2	1.0633249500290585	1.1464738473541045
3	1.1262119619874607	1.2924004775836924
4	1.2802566166962701	1.1966438955613894
5	1.2843474115636366	1.1750386240373238
6	1.607852916867777	1.3549495341797133
7	1.5316609727932247	1.3418280161030283
8	1.4758203791442424	1.1867862041778818
9	1.4265346733800122	1.2286946361609952
10	1.3660776282544176	
11	1.3399681149773226	
