	dmso-mut	drug-mut
0	453.8095238095238	694.952380952381
1	695.0952380952381	623.7619047619048
2	967.0952380952381	472.6190476190476
3	618.4285714285714	475.46031746031747
4	991.3333333333334	811.4126984126984
5	707.0952380952381	1298.7142857142858
6	661.6507936507936	662.047619047619
7	750.015873015873	914.1746031746031
8	637.4761904761905	701.8095238095239
9	458.42857142857144	811.8730158730159
10	337.7142857142857	476.0952380952381
11	527.5238095238095	587.0793650793651
12	689.1111111111111	
