	dmso-wt	dmso-het
0	176.95842875858685	141.67725391301897
1	156.18313284013968	141.83489586654602
2	130.9265179552928	153.47062426355458
3	137.8146331149613	150.38373289708144
4	153.78767817418924	157.58197956666842
5	160.34148048321524	152.1056778520855
6	153.50663804501977	149.12629671997144
7	161.9702838184187	157.9552765337899
8	161.75923512137732	145.8421732501613
9	158.2072185851627	149.82930150982196
10	152.7161738713014	
11	135.47874108254268	
