	dmso-wt	dmso-het
0	8.403225806451612	6.612903225806452
1	9.548387096774194	10.14516129032258
2	9.258064516129032	11.370967741935484
3	9.725806451612904	9.483870967741936
4	12.209677419354838	7.548387096774194
5	11.67741935483871	11.580645161290322
6	13.5	12.5
7	12.919354838709678	13.46774193548387
8	14.903225806451612	13.17741935483871
9	11.290322580645162	8.096774193548388
10	12.306451612903226	
11	10.903225806451612	
