	dmso-wt	dmso-het
0	1.0097160194518675	0.8963887252255448
1	1.111460071524401	0.859086102300877
2	0.9225149223405649	0.9840333398358893
3	0.9551577372204985	0.9570953804020911
4	1.1833660154518728	0.9922635878176691
5	1.1727080726564976	1.0394520651906116
6	1.3340922191022322	1.1165024314293712
7	1.3768410759977205	1.146873620994904
8	1.3057283311133465	1.0270049473947818
9	1.289684977947779	1.0042659118847377
10	1.2240910651640164	
11	1.18951424832151	
