	dmso-wt	dmso-het
0	1.017602220845141	1.0613325979038657
1	1.2279485753061783	1.090633695678277
2	1.017669103997006	1.1255122831719568
3	1.091362799853631	1.1885672086761006
4	1.2711278234255852	1.145713027414522
5	1.1965890803936072	1.178017368437634
6	1.5252673812585702	1.2920041946839016
7	1.4820496184065928	1.3294649290559102
8	1.391051735842379	1.2156324980169972
9	1.340154640307435	1.2027592809336753
10	1.3682748655797103	
11	1.3008949391643418	
