	dmso-wt	dmso-het
0	1.4150943396226414	1.1132075471698113
1	1.6064690026954178	1.6819407008086253
2	1.5552560646900269	1.8975741239892183
3	1.6253369272237197	1.5849056603773586
4	2.059299191374663	1.2695417789757413
5	1.9433962264150944	1.940700808625337
6	2.2452830188679247	2.08355795148248
7	2.169811320754717	2.2587601078167117
8	2.4797843665768196	2.215633423180593
9	1.8787061994609164	1.3342318059299192
10	2.0673854447439353	
11	1.8328840970350404	
