	dmso-mut	drug-mut
0	136.42582714000758	168.83927706055087
1	173.48729928902227	151.3434532863623
2	150.22587084035524	152.7443596434663
3	178.16376504360875	150.28278895007398
4	364.47999496747093	212.42044891014328
5	226.5646070104671	204.63010759038625
6	170.34634792479724	183.96810491461858
7	178.72739088100647	159.3583536286852
8	211.0112605569868	209.71877353762036
9	185.32120734581167	221.13282789638222
