	dmso-mut	drug-mut
0	0.19150957324264464	0.5439343618157056
1	0.34109862194896634	0.3058629039498565
2	0.30720888154265014	0.3264173168917992
3	0.5039357984925285	0.17624714275225892
4	2.057395491531171	0.49206812001411554
5	0.8916644281512052	0.84861529312968
6	0.4823286435941978	0.5644008832395806
7	0.612219282475623	0.37878521666731435
8	0.377185053411461	0.8317124289398097
9	0.5783243219329984	0.6957752637599645
