	dmso-mut	drug-mut
0	10.952380952380953	9.11111111111111
1	10.174603174603174	5.571428571428571
2	7.888888888888889	8.047619047619047
3	8.301587301587302	9.365079365079366
4	9.603174603174603	4.111111111111111
5	14.825396825396826	5.063492063492063
6	11.80952380952381	6.619047619047619
7	11.396825396825397	13.523809523809524
8	9.34920634920635	10.793650793650794
9	9.666666666666666	8.841269841269842
