	dmso-mut	drug-mut
0	0.9943046965023152	1.0297600110654153
1	1.039122912858136	1.1852261080537934
2	1.026490595164087	1.1362455828502918
3	1.2543485819529796	1.1339271651261247
4	0.971207655143111	1.1027587440575286
5	1.1518341445906175	1.229916209087191
6	1.4186279037860783	1.2666070329834598
7	1.3850086405973934	1.2527643142869436
8	1.388602114691422	1.2728197030788913
9	1.1756047293841623	1.320514473812701
