	dmso-mut	drug-mut
0	114.20238095238095	144.23809523809524
1	85.11904761904762	118.10714285714286
2	171.71428571428572	99.78571428571429
3	123.0952380952381	98.03571428571429
4	49.69047619047619	113.04761904761905
5	41.79761904761905	120.1547619047619
6	93.72619047619048	215.88095238095238
7	73.55952380952381	69.33333333333333
8	59.273809523809526	81.42857142857143
9	90.77380952380952	119.97619047619048
