	dmso-het	drug-het
0	61.333333333333336	74.97619047619048
1	111.0952380952381	66.52380952380952
2	61.214285714285715	81.54761904761905
3	131.45238095238096	55.785714285714285
4	228.3095238095238	52.45238095238095
5	134.8095238095238	92.07142857142857
6	142.83333333333334	92.64285714285714
7	153.73809523809524	98.5
8	52.95238095238095	189.66666666666666
9	161.35714285714286	163.95238095238096
10		145.78571428571428
