	dmso-het	drug-het
0	313.01612903225805	188.2258064516129
1	363.64516129032256	221.83870967741936
2	195.5483870967742	328.56451612903226
3	394.38709677419354	235.56451612903226
4	417.0	192.67741935483872
5	270.1774193548387	133.66129032258064
6	289.3225806451613	255.0483870967742
7	316.7741935483871	194.82258064516128
8	211.17741935483872	448.51612903225805
9	403.3709677419355	456.14516129032256
10		356.6290322580645
