	dmso-het	drug-het
0	351.7142857142857	412.14285714285717
1	572.5714285714286	419.42857142857144
2	349.42857142857144	475.57142857142856
3	694.8571428571429	316.0
4	1220.142857142857	283.0
5	779.0	548.7142857142857
6	829.1428571428571	533.4285714285714
7	881.2857142857143	581.0
8	286.85714285714283	1093.4285714285713
9	943.5714285714286	908.0
10		837.2857142857143
