	dmso-het	drug-het
0	647.4285714285714	475.14285714285717
1	693.5714285714286	277.0
2	292.0	677.1428571428571
3	618.0	341.85714285714283
4	673.2857142857143	249.0
5	600.8571428571429	112.14285714285714
6	394.42857142857144	506.57142857142856
7	781.4285714285714	165.42857142857142
8	319.57142857142856	828.5714285714286
9	783.2857142857143	877.8571428571429
10		951.1428571428571
