	dmso-het	drug-het
0	52.54986522911051	31.528301886792452
1	61.078167115902964	37.350404312668466
2	32.67654986522911	55.37735849056604
3	66.37196765498652	39.78167115902965
4	69.8921832884097	32.21024258760108
5	45.26684636118598	22.45822102425876
6	48.39083557951483	42.746630727762806
7	53.075471698113205	32.539083557951486
8	35.56064690026954	75.29380053908356
9	67.61455525606469	76.7601078167116
10		59.889487870619945
