	dmso-het	drug-het
0	499.57142857142856	443.64285714285717
1	633.0714285714286	348.2142857142857
2	320.7142857142857	576.3571428571429
3	656.4285714285714	328.92857142857144
4	946.7142857142857	266.0
5	689.9285714285714	330.42857142857144
6	611.7857142857143	520.0
7	831.3571428571429	373.2142857142857
8	303.2142857142857	961.0
9	863.4285714285714	892.9285714285714
10		894.2142857142857
