	dmso-het	drug-het
0	2.4	2.316666666666667
1	1.5	3.283333333333333
2	2.433333333333333	3.2333333333333334
3	2.2666666666666666	2.6166666666666667
4	1.7166666666666666	1.2666666666666666
5	1.5666666666666667	2.183333333333333
6	2.3333333333333335	1.75
7	2.0833333333333335	2.25
8	0.9166666666666666	1.55
9	2.2	1.05
10	2.9	3.1333333333333333
11	2.9	
12	1.7	
