	dmso-het	drug-het
0	54.57142857142857	43.0
1	59.42857142857143	59.714285714285715
2	57.0	60.0
3	49.714285714285715	59.857142857142854
4	57.57142857142857	41.714285714285715
5	33.0	51.714285714285715
6	60.0	55.857142857142854
7	55.42857142857143	59.42857142857143
8	50.0	59.714285714285715
9	57.142857142857146	60.0
10	59.857142857142854	59.857142857142854
11	59.42857142857143	
12	59.857142857142854	
