	dmso-het	drug-het
0	147.6155475650987	168.20040023245105
1	146.3974264080659	141.20740083145915
2	164.71828110967041	149.8043784166399
3	226.92462997025748	144.20564241825963
4	172.63429233726498	186.83894434836614
5	236.2670808400439	203.52754303491906
6	164.8136165328436	159.53223148674692
7	214.4932757800378	168.78875717531923
8	259.4730174176381	168.63741375772702
9	170.58200913816702	178.1649487193717
10	161.56619096972537	180.64354148252593
11	174.23678348060253	
12	178.7823588927053	
