	dmso-het	drug-het
0	8473.70748187597	9089.193630572001
1	3100.7833531801793	6109.819527767514
2	8734.769587494638	3720.735794552096
3	10095.24988434943	5648.166464475564
4	10251.389029445409	10057.460631711998
5	9384.209033144725	10476.450587414336
6	1628.382021458488	6721.789660676224
7	2257.111566258503	2896.027807938552
8	7423.4382085484895	3032.0008003662483
9	10115.232115958224	3785.196363572337
10	5915.910976653822	3103.9421023261007
11	3938.2441972377947	
12	2789.8636348116916	
