	dmso-het	drug-het
0	1460.0	1240.4285714285713
1	2657.285714285714	2450.714285714286
2	1200.857142857143	2209.8571428571427
3	1933.0	1982.7142857142858
4	1369.857142857143	1038.7142857142858
5	1800.2857142857142	1327.2857142857142
6	2849.8571428571427	1699.0
7	1575.4285714285713	2215.0
8	1901.5714285714287	2603.0
9	916.5714285714286	2340.285714285714
10	1121.5714285714287	1709.4285714285713
11	2332.285714285714	
12	2524.4285714285716	
