	dmso-het	drug-het
0	1.5974690267079716	1.420925603022684
1	1.3009708272979983	1.2964534720411904
2	1.6988071308391428	1.336358230478576
3	1.4791078680047554	1.2937581095467787
4	1.6057924183625192	1.6928681740031783
5	1.599215834102212	1.655513372585625
6	1.7742834239243201	1.830904434053501
7	1.7154118197088581	1.7233364623547804
8	1.914253598419793	1.537776970623731
9	1.688275242443192	1.5159561413390066
10	1.5015494048411941	1.521034258674358
11	1.5318955339435136	
12	1.6624370023829418	
