	dmso-het	drug-het
0	1715.357142857143	1322.2142857142858
1	2823.3571428571427	2445.0
2	2020.2857142857142	2577.5714285714284
3	1831.357142857143	2172.785714285714
4	1802.642857142857	1047.5714285714287
5	1280.4285714285713	1532.4285714285713
6	3083.285714285714	1842.0
7	1901.0714285714287	2311.9285714285716
8	1892.0	2809.6428571428573
9	1510.4285714285713	2660.1428571428573
10	1839.2142857142858	2287.0
11	2331.214285714286	
12	2720.3571428571427	
