	dmso-het	drug-het
0	4.128333333333333	2.0233333333333334
1	1.295	2.6366666666666667
2	3.165	2.4033333333333333
3	2.6016666666666666	1.3733333333333333
4	1.3666666666666667	0.655
5	2.408333333333333	1.9466666666666668
6	5.871666666666667	1.19
7	2.828333333333333	2.015
8	4.025	2.34
9	2.46	1.8283333333333334
10	5.006666666666667	2.6883333333333335
11	5.855	
12	2.5816666666666666	
