	dmso-het	drug-het
0	8.096774193548388	11.612903225806452
1	7.048387096774194	11.435483870967742
2	9.403225806451612	8.048387096774194
3	9.85483870967742	8.758064516129032
4	9.516129032258064	11.161290322580646
5	8.14516129032258	11.080645161290322
6	6.741935483870968	7.903225806451613
7	6.790322580645161	8.596774193548388
8	7.145161290322581	5.548387096774194
9	9.290322580645162	8.03225806451613
10	9.096774193548388	10.919354838709678
11	8.14516129032258	
12	7.290322580645161	
