	dmso-het	drug-het
0	219.57342686568515	233.78782804146914
1	190.1498816738935	169.8284667169486
2	249.39729300447894	181.342620855955
3	282.6589217216687	175.1611161952276
4	235.0348179023155	325.83199049388503
5	273.49751181417895	316.45503571803215
6	238.21269542463094	281.11537540211464
7	332.5933477719654	265.8485968529595
8	329.03856306137993	254.22946068892037
9	266.2711280479783	262.5783564882111
10	218.49756064821483	256.22491846549025
11	255.74673171830096	
12	247.45883846620143	
