	dmso-het	drug-het
0	117948.01543419388	150945.37023900758
1	293194.4153115814	50139.94377531891
2	88346.3713118835	48758.96091330794
3	64767.229644853236	151621.82482155671
4	274743.91905756516	256350.4736936981
5	187461.11807638325	84352.15722393827
6	95782.2670346172	275454.730924242
7	42137.44491416177	101359.72782141087
8	321093.5588584144	121329.04494812251
9	119943.20713117864	303064.4690318753
10	27599.368179265974	79672.16328233232
11	23693.54018375238	
12	169117.23971333928	
