	dmso-het	drug-het
0	107772.56248256424	138756.5143772238
1	243546.9372175943	36419.3996218196
2	31557.584318634657	39288.08391494069
3	34858.113409563935	96988.22429168406
4	216198.9101437029	191974.42104016797
5	71580.23360871508	52723.967296867355
6	15253.052509882022	173804.69313793094
7	26453.666405349777	102344.54952444528
8	129662.35466204886	58108.18438509285
9	46505.37859779521	229021.81016213587
10	17933.538616218495	48303.84866182878
11	15367.736808689884	
12	39254.52340418112	
