	dmso-het	drug-het
0	32.15	15.216666666666667
1	8.0	19.4
2	24.533333333333335	18.516666666666666
3	21.583333333333332	12.333333333333334
4	12.716666666666667	5.716666666666667
5	21.233333333333334	18.583333333333332
6	51.43333333333333	11.533333333333333
7	25.65	17.433333333333334
8	44.55	20.6
9	20.166666666666668	17.5
10	36.56666666666667	24.2
11	52.53333333333333	
12	23.05	
