	dmso-het	drug-het
0	5202.3290166452125	4125.814213881898
1	3931.266562293687	5945.54894917965
2	8296.34802150243	4277.646834607016
3	2239.8810583885756	7693.078292356956
4	2816.865135660473	4461.107382894038
5	2959.5276892261113	2450.3959449424037
6	1472.9320213220258	6246.955192311792
7	1905.1328241815515	2901.0214089587134
8	2009.5593314297219	3322.922859410076
9	6355.492643379513	4670.030434726443
10	5630.8750989087575	3259.418014659105
11	3727.618569172608	
12	3190.623257650209	
