	dmso-het	drug-het
0	228.90650857849133	231.69038822719224
1	186.1858763668395	177.56087625021794
2	266.65125458398967	196.66477018312912
3	311.71853534139643	186.0425481972457
4	259.1567784332443	287.7410242969284
5	343.5501297918827	305.7846115666822
6	275.3521178767018	278.69834194136973
7	333.2643424940806	274.210380556187
8	434.07291133729757	251.61353440893686
9	287.6355495163412	256.03091273153365
10	237.83388032089948	258.63989273852184
11	259.4133793088078	
12	274.4051478054726	
