	dmso-het	drug-het
0	30475.24354743152	32639.102991572683
1	60414.022737458865	25529.98427311967
2	24313.877572414738	18992.54585251189
3	24729.08010097334	45045.444269808555
4	48834.98829248258	60465.1925917154
5	51727.03856329171	18099.163006620285
6	22742.46858617971	155945.2294684415
7	20071.930872488167	52659.13787230936
8	25817.216708061755	16830.84052117803
9	17164.539560183614	46169.26412642562
10	9926.110288354555	27609.893774817137
11	14343.164226139292	
12	31924.74036011763	
