	dmso-het	drug-het
0	1413.741935483871	865.516129032258
1	1421.6612903225807	1099.0645161290322
2	1369.3548387096773	1337.774193548387
3	1053.4516129032259	1095.8387096774193
4	996.8387096774194	482.5967741935484
5	584.2258064516129	751.3225806451613
6	1720.8870967741937	792.6935483870968
7	1208.3870967741937	1081.1290322580646
8	1276.4193548387098	1654.4032258064517
9	1065.483870967742	1375.016129032258
10	1082.6612903225807	1116.8064516129032
11	1435.3548387096773	
12	1309.9516129032259	
