	dmso-het	drug-het
0	1.5769023890857816	1.406831138442793
1	1.292394701877068	1.3090288808422958
2	1.729888254602396	1.3411541659930324
3	1.4449142380725806	1.3278992558434344
4	1.526631892269061	1.6538509040112463
5	1.5575579489715257	1.5759916362048492
6	1.7609333072100701	1.862477428764063
7	1.6667684606855977	1.7302267123705566
8	1.9327690167572302	1.5571488871095005
9	1.7048847264053633	1.520319394118254
10	1.5163645634502838	1.506696064835331
11	1.5468851608715157	
12	1.6598759386458644	
