	dmso-het	drug-het
0	131.0952380952381	189.78571428571428
1	204.04761904761904	107.04761904761905
2	113.0	150.11904761904762
3	405.5952380952381	124.42857142857143
4	248.0952380952381	162.04761904761904
5	363.73809523809524	237.21428571428572
6	371.5952380952381	131.1904761904762
7	307.23809523809524	213.02380952380952
8	344.64285714285717	253.54761904761904
9	92.19047619047619	170.28571428571428
10	91.61904761904762	226.45238095238096
11	198.88095238095238	
12	242.33333333333334	
