	dmso-het	drug-het
0	1970.7142857142858	1404.0
1	2989.4285714285716	2439.285714285714
2	2839.714285714286	2945.285714285714
3	1729.7142857142858	2362.8571428571427
4	2235.4285714285716	1056.4285714285713
5	760.5714285714286	1737.5714285714287
6	3316.714285714286	1985.0
7	2226.714285714286	2408.8571428571427
8	1882.4285714285713	3016.285714285714
9	2104.285714285714	2980.0
10	2556.8571428571427	2864.5714285714284
11	2330.1428571428573	
12	2916.285714285714	
