	dmso-het	drug-het
0	216.48140051860736	233.48617547678919
1	186.3258655724935	166.31313873653127
2	234.89499578909434	179.54633856277738
3	273.2439287135137	170.17775804217584
4	230.54169600960742	326.4752759375217
5	275.2536163362638	310.8980527674852
6	228.68754325275296	266.3939652881408
7	322.9377520098045	255.53480815738155
8	314.6383309186698	246.6120136956635
9	252.62090126277238	255.7377100824991
10	214.9859328493262	256.445244572371
11	248.97784532319025	
12	244.49262415466995	
