	dmso-het	drug-het
0	5.016666666666667	4.45
1	2.55	6.766666666666667
2	5.7	5.966666666666667
3	4.8	4.233333333333333
4	2.716666666666667	1.6833333333333333
5	3.566666666666667	3.3
6	5.933333333333334	2.816666666666667
7	5.116666666666666	4.35
8	2.3333333333333335	2.45
9	4.733333333333333	2.316666666666667
10	8.2	5.033333333333333
11	7.45	
12	3.3333333333333335	
