	dmso-het	drug-het
0	1.2857142857142858	1.7738095238095237
1	0.23809523809523808	0.44047619047619047
2	0.8571428571428571	0.38095238095238093
3	1.0595238095238095	0.6428571428571429
4	0.7380952380952381	1.7023809523809523
5	1.4761904761904763	0.75
6	0.2857142857142857	1.0952380952380953
7	0.8095238095238095	0.47619047619047616
8	1.1904761904761905	0.38095238095238093
9	1.2857142857142858	0.35714285714285715
10	1.0833333333333333	0.7857142857142857
11	0.5119047619047619	
12	0.5833333333333334	
