	dmso-het	drug-het
0	152.23415014999435	171.76096860312802
1	146.5034828566964	145.94174460774286
2	166.22200243823835	150.86840956681434
3	224.63681378643747	145.49996662638532
4	172.82228403464893	193.5156818179127
5	232.11307954010542	208.7913908880578
6	166.42089188637394	161.56313591029954
7	216.63478041284034	172.2608125867404
8	268.3065198560549	173.54492945914416
9	171.85034645270937	187.73251612577573
10	163.2793547716605	182.6225952880698
11	178.3281165463704	
12	178.8122582992748	
