	dmso-het	drug-het
0	7.714285714285714	11.714285714285714
1	1.4285714285714286	1.7142857142857142
2	1.4285714285714286	0.42857142857142855
3	6.571428571428571	3.142857142857143
4	3.2857142857142856	9.714285714285714
5	10.428571428571429	4.714285714285714
6	1.0	6.428571428571429
7	4.428571428571429	3.4285714285714284
8	7.428571428571429	2.5714285714285716
9	5.857142857142857	2.142857142857143
10	1.7142857142857142	1.4285714285714286
11	3.857142857142857	
12	3.4285714285714284	
