	dmso-het	drug-het
0	9666.854346407525	14472.522728345266
1	3482.796404890274	6269.262110341507
2	14527.612296134852	4575.952151347917
3	3535.666439741374	6098.635945354951
4	17785.679275275405	12862.071647439496
5	5627.3163240013755	13329.929763848482
6	1639.4287790183087	9093.751985495746
7	2579.051903519892	3119.263391084514
8	11043.958710628523	2919.808055696262
9	16909.134232356937	3701.383193076149
10	8058.114439902101	3297.168438996489
11	3423.3172151199965	
12	2835.0758969701974	
