	dmso-het	drug-het
0	5690.392126290821	5163.685555931102
1	5351.01302872855	6381.108852853489
2	13680.576164943093	5816.581440776508
3	2395.965842551367	10738.662011111976
4	3437.6575359727026	4495.299073888862
5	2030.8916672751718	2785.0937795998034
6	1595.1493829780297	8521.415846872374
7	2208.1721581310026	3109.7910681103976
8	2033.0393317848245	4028.0420803638967
9	10212.931414494731	5878.838121555886
10	7701.081749605017	4250.755362514917
11	3676.562104382753	
12	3901.5915990485964	
