	dmso-het	drug-het
0	36.60476190476191	23.845238095238095
1	48.70952380952381	38.85
2	51.37380952380953	48.44285714285714
3	27.876190476190477	39.12380952380953
4	34.52619047619048	18.264285714285716
5	12.209523809523809	27.664285714285715
6	54.666666666666664	32.34761904761905
7	37.76428571428571	41.11666666666667
8	29.261904761904763	52.464285714285715
9	35.27619047619048	51.17857142857143
10	43.35476190476191	43.95238095238095
11	38.99285714285714	
12	50.75714285714286	
