	dmso-het	drug-het
0	1.3297297297297297	1.9432432432432432
1	1.1594594594594594	1.9243243243243244
2	1.5621621621621622	1.335135135135135
3	1.645945945945946	1.4675675675675677
4	1.5837837837837838	1.8567567567567567
5	1.364864864864865	1.8621621621621622
6	1.127027027027027	1.3243243243243243
7	1.127027027027027	1.445945945945946
8	1.1945945945945946	0.8945945945945946
9	1.5513513513513513	1.318918918918919
10	1.527027027027027	1.8297297297297297
11	1.3567567567567567	
12	1.2162162162162162	
