	dmso-het	drug-het
0	31.470238095238095	23.7
1	49.49523809523809	43.154761904761905
2	37.59404761904762	45.885714285714286
3	31.604761904761904	39.083333333333336
4	31.2	18.59404761904762
5	21.75595238095238	26.16547619047619
6	53.38690476190476	32.542857142857144
7	33.175	40.83571428571429
8	32.46904761904762	50.82261904761905
9	27.534523809523808	48.227380952380955
10	33.201190476190476	39.305952380952384
11	41.035714285714285	
12	49.52142857142857	
