	dmso-het	drug-het
0	46277.52860090925	40381.1918815987
1	78711.29566903204	46752.64253699746
2	44917.70608726226	25665.72460237623
3	42353.01066161199	78997.7571191072
4	63396.077633608154	81578.80840581603
5	93111.27183698573	29899.516966927073
6	46484.751171917895	155196.6310457861
7	39631.588359579895	68344.4087582055
8	54962.56897002861	33896.48676348028
9	33240.33083429865	51495.38469685283
10	12666.334465632628	42341.916052765846
11	25296.609715044204	
12	62983.16584207393	
