	dmso-het	drug-het
0	1746.5	1350.357142857143
1	2833.5	2514.1428571428573
2	2082.3571428571427	2617.285714285714
3	1843.2142857142858	2248.285714285714
4	1812.0714285714287	1066.5
5	1292.7857142857142	1537.7857142857142
6	3097.214285714286	1866.9285714285713
7	1906.642857142857	2321.5714285714284
8	1904.2142857142858	2887.5714285714284
9	1568.357142857143	2739.9285714285716
10	1897.5	2295.785714285714
11	2384.3571428571427	
12	2830.5	
