	dmso-het	drug-het
0	8.869047619047619	7.059523809523809
1	9.880952380952381	9.964285714285714
2	9.119047619047619	9.916666666666666
3	8.30952380952381	9.845238095238095
4	8.428571428571429	7.190476190476191
5	6.464285714285714	8.238095238095237
6	9.75	9.035714285714286
7	9.095238095238095	9.833333333333334
8	8.369047619047619	9.797619047619047
9	8.904761904761905	9.845238095238095
10	9.488095238095237	9.095238095238095
11	9.80952380952381	
12	9.80952380952381	
