	dmso-het	drug-het
0	221.21454041190717	229.46841510496566
1	181.08874418370732	177.40244153677946
2	259.21804835051717	193.54038116291525
3	306.63288788449626	195.45266549946174
4	254.23018655360647	276.5674415308486
5	333.3562459602901	286.6460169261735
6	273.7707713396451	274.9860200299972
7	322.08915804325426	273.584107923585
8	380.89671365609695	260.6949008055367
9	291.5752329661546	241.93075545574425
10	229.71053420944074	236.79270050946386
11	264.7462127274184	
12	271.1792906240948	
