	dmso-het	drug-het
0	153.35766315432122	151.99043948133635
1	145.13299883516726	134.560764860812
2	202.7371492534515	183.96583169730806
3	188.4495123190618	143.45456858587505
4	198.92120449040243	138.1357886742966
5	224.2230663126131	175.31977255522216
6	155.7194589334484	152.2638523270696
7	177.26029225147246	162.9493974220332
8	224.36159680688368	186.77695646498987
9		163.30692187329836
10		185.58764256417712
11		165.58474932122527
