	dmso-het	drug-het
0	41.285714285714285	46.714285714285715
1	41.285714285714285	55.42857142857143
2	18.142857142857142	56.0
3	24.142857142857142	42.57142857142857
4	45.142857142857146	35.42857142857143
5	34.714285714285715	48.714285714285715
6	35.42857142857143	47.0
7	56.142857142857146	48.142857142857146
8	32.714285714285715	51.0
9		51.857142857142854
10		53.42857142857143
11		52.285714285714285
