	dmso-het	drug-het
0	0.20731830015562633	0.11931844468565798
1	0.11479499509474726	0.1099882825934131
2	0.2932170446482616	0.16627900046898994
3	0.3038570195769827	0.08558558588975865
4	0.33631351637329393	0.09335810769801318
5	0.49679187638675154	0.43536795266725214
6	0.1969284642399309	0.1324269324266895
7	0.18816596994760829	0.1362222892301479
8	0.3827990365852468	0.2181907229993428
9		0.1910574117993019
10		0.5373726963763769
11		0.13610425267631895
