	dmso-het	drug-het
0	64.52688172043011	73.49731182795699
1	48.05913978494624	55.36827956989247
2	42.284946236559136	66.80645161290323
3	68.24193548387096	53.37096774193548
4	58.895161290322584	44.55107526881721
5	113.05645161290323	74.54301075268818
6	86.09139784946237	55.93817204301075
7	82.92204301075269	46.36021505376344
8	75.87903225806451	101.8252688172043
9		100.45430107526882
10		84.25268817204301
11		52.0
