	dmso-het	drug-het
0	1285.857142857143	1360.7142857142858
1	671.1428571428571	1221.142857142857
2	253.85714285714286	1633.0
3	447.57142857142856	1190.857142857143
4	1573.4285714285713	774.5714285714286
5	1046.4285714285713	1437.142857142857
6	733.0	1076.2857142857142
7	1363.0	952.4285714285714
8	774.0	1229.5714285714287
9		993.4285714285714
10		1181.5714285714287
11		911.4285714285714
