	dmso-het	drug-het
0	0.31162933979447544	0.09071515788025948
1	0.16703725685965398	0.14690220456053119
2	0.35000693264136584	0.16535058974797218
3	0.4737550544825202	0.12005523827542297
4	0.6053133275936748	0.09422948986221638
5	0.7582656812772028	0.4608716964240854
6	0.21445984423281259	0.2032187842643715
7	0.2673393324322924	0.13831586479443864
8	0.6625307402408944	0.32126903196777257
9		0.25723209189246526
10		0.565848350172813
11		0.18217539079099848
