	dmso-het	drug-het
0	773.8225806451613	863.8225806451613
1	630.8548387096774	851.0322580645161
2	380.2741935483871	739.1129032258065
3	517.6451612903226	882.4354838709677
4	505.06451612903226	601.5
5	658.5806451612904	761.8064516129032
6	833.9677419354839	577.8064516129032
7	849.1129032258065	457.0806451612903
8	628.0645161290323	937.1290322580645
9		1014.1935483870968
10		657.0967741935484
11		531.5645161290323
