	dmso-het	drug-het
0	37.57142857142857	51.57142857142857
1	51.57142857142857	56.714285714285715
2	44.857142857142854	49.285714285714285
3	41.857142857142854	55.857142857142854
4	51.42857142857143	37.142857142857146
5	38.285714285714285	56.0
6	46.714285714285715	55.714285714285715
7	59.42857142857143	48.857142857142854
8	57.57142857142857	57.857142857142854
9		59.285714285714285
10		51.0
11		57.142857142857146
