	dmso-het	drug-het
0	13.364883033073406	14.82118849152998
1	11.001344447432105	15.501747781661736
2	6.908846464103253	12.725194944877655
3	9.151384780855068	15.59209464909922
4	9.188222640494757	10.67921484269965
5	11.371874159720354	13.128798063995697
6	14.229362731917181	9.847270771712825
7	14.655014788921752	7.941919870933046
8	10.895401989782199	15.955633234740521
9		18.09276687281527
10		11.667652594783544
11		9.411400914224254
