	dmso-het	drug-het
0	29007.808434498103	21188.72365374327
1	33476.79885527278	10266.360893770128
2	84799.34217651405	8780.905887447496
3	96787.38256972769	22223.642853935584
4	46713.311922138506	49092.309631630626
5	54467.75186741646	5376.2396796172025
6	94841.89536870531	20512.20347902652
7	7551.544508984405	14569.585276114232
8	88637.34059451411	16598.376915832785
9		31033.76087237707
10		25219.650130066893
11		15832.26224067574
