	dmso-het	drug-het
0	6.880952380952381	7.785714285714286
1	6.880952380952381	9.238095238095237
2	3.0238095238095237	9.333333333333334
3	4.023809523809524	7.095238095238095
4	7.523809523809524	5.904761904761905
5	5.785714285714286	8.119047619047619
6	5.904761904761905	7.833333333333333
7	9.357142857142858	8.023809523809524
8	5.4523809523809526	8.5
9		8.642857142857142
10		8.904761904761905
11		8.714285714285714
