	dmso-het	drug-het
0	633.2142857142857	604.2142857142857
1	311.2142857142857	466.85714285714283
2	378.2142857142857	798.0714285714286
3	413.35714285714283	530.7142857142857
4	819.7857142857143	288.2857142857143
5	1053.0714285714287	817.2142857142857
6	612.2857142857143	705.6428571428571
7	996.7857142857143	713.0
8	950.3571428571429	1188.142857142857
9		823.0714285714286
10		847.4285714285714
11		617.5714285714286
