	dmso-het	drug-het
0	154.8305609017595	146.96345506755708
1	146.57882922251977	141.90516593461686
2	208.87058700897882	165.8373021980606
3	191.7837083002687	141.31320627368424
4	201.22209483216287	137.83691711379512
5	223.48562281383514	175.73234671857278
6	161.0594020211256	151.7626233613367
7	174.51748020557673	162.23075723581644
8	213.9702407193795	176.31642983820817
9		164.66866593263916
10		193.29129109793723
11		163.41758659869666
