	dmso-het	drug-het
0	6.261904761904762	8.595238095238095
1	8.595238095238095	9.452380952380953
2	7.476190476190476	8.214285714285714
3	6.976190476190476	9.30952380952381
4	8.571428571428571	6.190476190476191
5	6.380952380952381	9.333333333333334
6	7.785714285714286	9.285714285714286
7	9.904761904761905	8.142857142857142
8	9.595238095238095	9.642857142857142
9		9.880952380952381
10		8.5
11		9.523809523809524
