	dmso-het	drug-het
0	248.34180992132897	217.2074193231011
1	266.33372425746745	198.0522477746784
2	467.24388492377693	197.18828011104154
3	558.1501567177904	218.2518933291546
4	355.9113033542641	231.1231544528889
5	722.9261649192276	291.49608725308923
6	378.31476030068046	274.17518565812185
7	397.2170687014033	353.1440675400384
8	384.48949259249974	453.8774214837963
9		291.9445213404406
10		403.96063830562605
11		307.1205396522979
