	dmso-het	drug-het
0	9739.553353172505	5182.957621978958
1	11797.351414263292	10679.30885782541
2	6347.526781543199	4736.502689571198
3	13898.855147953896	8151.610904275998
4	8754.077055942309	13047.637338532752
5	4346.176489310209	4686.6145637460495
6	5078.469546613544	4482.294187899359
7	2809.698663908239	5107.479598509699
8	2463.7921387387373	2154.369473434478
9		3157.0120122813337
10		7040.972217863791
11		4581.841471444381
