	dmso-het	drug-het
0	148.13723224156817	146.14666046044866
1	149.8860701431769	138.24410360727688
2	189.05124164501052	145.2621445265458
3	232.21491461156893	139.4978187657238
4	181.7792771085265	137.7504769594021
5	238.6576882481705	170.07815978006917
6	168.40200810581013	151.5623742847089
7	180.95507477090945	168.24754142750402
8	188.32300491055003	179.49682732819824
9		159.43642485100833
10		190.02739451218557
11		179.4041111199536
