	dmso-het	drug-het
0	158.25816511937856	147.16478007530094
1	147.16939626417258	143.2268857323236
2	211.99435795575303	163.98929461510482
3	200.72193126458208	142.54104965126731
4	189.0674690568774	141.4879367955978
5	210.44138387574986	174.78892037742702
6	165.8333644232796	151.14051282419277
7	175.20352747000183	161.06967013265697
8	208.12785457544075	178.42457256791462
9		168.69222221078562
10		197.2981449558752
11		166.0138912073292
