	dmso-het	drug-het
0	6.571428571428571	8.19047619047619
1	7.738095238095238	9.345238095238095
2	5.25	8.773809523809524
3	5.5	8.202380952380953
4	8.047619047619047	6.0476190476190474
5	6.083333333333333	8.726190476190476
6	6.845238095238095	8.55952380952381
7	9.630952380952381	8.083333333333334
8	7.523809523809524	9.071428571428571
9		9.261904761904763
10		8.702380952380953
11		9.119047619047619
