	dmso-het	drug-het
0	10213.37730726309	7650.769466827913
1	15554.929852816544	9218.339337523637
2	72090.68860622778	5850.548640725187
3	15048.653856434375	14336.109450712513
4	9254.159154287252	14273.387101045053
5	5915.382795595738	4542.26326408089
6	21286.27570893749	7323.56279486917
7	5072.791667663486	7562.467246137157
8	10523.805029854479	4411.7960321748515
9		9999.149597932828
10		6367.869293712421
11		6186.002303753438
