	dmso-het	drug-het
0	0.23281892811497062	0.13103452075249253
1	0.12294090535698067	0.1227034631489507
2	0.33999644993174793	0.18391493727258518
3	0.4326382693252976	0.09659995800285813
4	0.3480914224362628	0.11629345598796922
5	0.5788191372601988	0.47118042828052453
6	0.23108219722714599	0.14136234095122008
7	0.23094119369557387	0.1568550817955063
8	0.44125495010693966	0.2428615311331873
9		0.23488925412705478
10		0.565893754974068
11		0.16525956743592132
