	dmso-het	drug-het
0	88.14285714285714	132.38095238095238
1	68.07142857142857	76.61904761904762
2	104.33333333333333	150.61904761904762
3	70.0	103.30952380952381
4	89.07142857142857	53.666666666666664
5	179.5952380952381	140.14285714285714
6	129.33333333333334	134.85714285714286
7	238.76190476190476	148.04761904761904
8	237.5	271.6190476190476
9		227.57142857142858
10		160.47619047619048
11		127.76190476190476
