	dmso-het	drug-het
0	1.8095238095238095	0.47619047619047616
1	1.6428571428571428	1.4285714285714286
2	1.3095238095238095	1.4285714285714286
3	1.6904761904761905	1.2619047619047619
4	2.0952380952380953	2.0476190476190474
5	1.119047619047619	0.7619047619047619
6	1.4285714285714286	0.3333333333333333
7	0.21428571428571427	0.7857142857142857
8	0.40476190476190477	0.21428571428571427
9		0.6190476190476191
10		1.0
11		1.119047619047619
