	dmso-het	drug-het
0	905.1428571428571	1807.2857142857142
1	1105.2857142857142	1567.0
2	1187.4285714285713	1464.0
3	652.2857142857143	1840.142857142857
4	821.7142857142857	829.0
5	1145.5714285714287	1921.857142857143
6	1529.2857142857142	1512.2857142857142
7	2391.1428571428573	1482.0
8	1891.7142857142858	2307.1428571428573
9		2520.4285714285716
10		1615.5714285714287
11		1450.857142857143
