	dmso-het	drug-het
0	1066.7857142857142	1556.0
1	826.0714285714286	1321.0
2	657.2857142857143	1507.642857142857
3	485.57142857142856	1442.357142857143
4	1120.9285714285713	753.0
5	1049.642857142857	1665.0
6	1096.2857142857142	1283.857142857143
7	1829.0	1202.642857142857
8	1307.2857142857142	1733.9285714285713
9		1578.642857142857
10		1325.357142857143
11		1121.357142857143
