	dmso-het	drug-het
0	289.137434257149	272.0446031359622
1	301.72182123551573	218.06961566615868
2	511.3220356633293	296.02991652132266
3	347.0949786772795	227.79929057740003
4	398.05328882623223	248.23979095707156
5	561.456351005445	368.82788651840787
6	327.08508707201787	266.0091398972969
7	345.69145777325764	340.0412299737974
8	360.5781945657367	374.2841880627878
9		272.7460448731914
10		448.3378644956028
11		299.7034842223681
