	dmso-het	drug-het
0	0.26378069985421043	0.1439366124071974
1	0.09490077753562916	0.09760608600576648
2	0.7059832466803024	0.2612418435924688
3	0.5104390462275822	0.11923735383637368
4	0.49635343341202726	0.10570249819918401
5	0.7411269319041309	0.37385970476133057
6	0.23404702392429277	0.16901506822514417
7	0.3133196511432209	0.13438758344285073
8	0.7313882899834466	0.3876606767704474
9		0.35281682987164315
10		0.37951721160109786
11		0.20153035841176725
