	dmso-het	drug-het
0	281.20940491703396	255.90527555097765
1	268.29533323323807	210.7667870020047
2	509.31293693342144	310.6263117613531
3	363.808602550377	266.6101433385367
4	339.04409866533683	276.5690030650114
5	791.2943465257738	358.49257607245244
6	355.4999845141574	269.82897850650994
7	420.5912629814456	358.9697289724062
8	458.4272944766032	435.23595697475054
9		342.2613207559133
10		416.37764332034993
11		366.6874394252253
