	dmso-het	drug-het
0	18.25595238095238	26.401190476190475
1	14.82857142857143	23.301190476190477
2	12.18095238095238	25.945238095238096
3	9.213095238095239	25.27261904761905
4	19.952380952380953	13.363095238095237
5	18.307142857142857	27.997619047619047
6	18.932142857142857	21.620238095238093
7	31.329761904761906	20.266666666666666
8	22.36190476190476	29.53690476190476
9		29.38809523809524
10		23.311904761904763
11		19.659523809523808
