	dmso-het	drug-het
0	246.12516377796115	234.52163012201476
1	256.8540488365609	193.82837650314164
2	502.8547345814874	190.77429453199042
3	524.7071255049847	210.49762454481498
4	384.3310824620934	222.91430231303127
5	538.6131768800163	282.9810981697927
6	367.2805665215751	272.9597204279522
7	442.18168636713784	351.4033248217156
8	364.73029162655445	418.88787529654473
9		301.6467983232217
10		399.0779947349974
11		263.49146466502174
