	dmso-het	drug-het
0	879.8571428571429	1792.5714285714287
1	1055.142857142857	1468.7142857142858
2	1078.2857142857142	1447.0
3	557.2857142857143	1755.5714285714287
4	694.7142857142857	773.4285714285714
5	1097.0	1909.857142857143
6	1494.857142857143	1506.2857142857142
7	2375.714285714286	1477.7142857142858
8	1885.0	2302.714285714286
9		2451.714285714286
10		1559.142857142857
11		1400.142857142857
