	dmso-het	drug-het
0	27013.23308023418	198793.62037049176
1	72643.5410901304	25936.591196757192
2	55225.49177958012	74950.15341652927
3	50089.79300259513	95866.16119771163
4	36855.42200516094	25435.888123389585
5	46881.065376930026	14389.77460847929
6	104796.00576422727	112714.47493690868
7	43347.68612185699	43811.99536272386
8	36311.14910714523	233268.88680643763
9		26233.748309271672
10		13304.572090836054
11		28368.331641226254
