	dmso-het	drug-het
0	161.17197474265484	140.2073951446651
1	147.3524956345884	150.20193078136506
2	220.55122356495644	146.8732174177385
3	207.4449852017872	140.83095562165218
4	198.34674167627654	142.15540072209086
5	208.25006543987493	174.1185183456253
6	172.53402390408786	149.4605550620688
7	171.66079267949368	159.1304432535938
8	191.4952635396281	170.04963601545623
9		172.36388739445246
10		203.56180421426117
11		164.37631903800388
