	dmso-het	drug-het
0	7.968333333333334	2.1066666666666665
1	3.685	6.365
2	1.4816666666666667	1.7016666666666667
3	1.8966666666666667	5.165
4	5.465	9.833333333333334
5	3.4366666666666665	7.446666666666666
6	2.8833333333333333	4.101666666666667
7	4.843333333333334	7.905
8	1.8383333333333334	4.036666666666667
9		9.603333333333333
10		6.655
11		4.535
