	dmso-het	drug-het
0	9.071428571428571	3.642857142857143
1	10.928571428571429	8.142857142857142
2	7.071428571428571	8.357142857142858
3	9.0	7.714285714285714
4	9.142857142857142	11.571428571428571
5	6.571428571428571	5.428571428571429
6	8.142857142857142	3.4285714285714284
7	4.428571428571429	6.142857142857143
8	3.2142857142857144	4.285714285714286
9		8.071428571428571
10		7.142857142857143
11		8.285714285714286
