	dmso-het	drug-het
0	1.9751669277796857	1.4980085456571937
1	1.9919061495719412	1.7325712563732825
2	3.353706700845532	1.6920135050451561
3	1.9126029997163863	1.95187431975536
4	2.0608692847555505	1.7803329216377344
5	2.758055119219109	2.061616302769904
6	2.142383018561915	1.8923539731583752
7	2.0789053251306657	2.2309258197247055
8	2.1603735553035133	2.2431241847243757
9		2.085189405953172
10		2.33642054538199
11		2.1101459880623756
