	dmso-het	drug-het
0	737.5714285714286	414.14285714285717
1	214.0	473.7142857142857
2	130.42857142857142	692.4285714285714
3	406.7142857142857	441.57142857142856
4	1105.142857142857	254.57142857142858
5	1028.4285714285713	793.4285714285714
6	448.57142857142856	602.1428571428571
7	560.8571428571429	537.2857142857143
8	475.7142857142857	746.4285714285714
9		280.57142857142856
10		731.8571428571429
11		468.57142857142856
