	dmso-het	drug-het
0	159.78202909381983	161.69133722450962
1	158.43293104577972	148.323252018999
2	195.2933134308008	169.95647894120984
3	194.1802932654509	143.69532910406062
4	205.58058152550694	148.02954802610515
5	205.68861518563378	193.13754764830216
6	169.19425231386856	157.84412783911228
7	174.3019686891622	168.69549196008833
8	185.7000925087066	175.60075221632616
9		163.97929683399673
10		213.92619185215239
11		169.53377557427746
