	dmso-het	drug-het
0	15.083333333333334	29.89047619047619
1	18.38809523809524	25.92142857142857
2	20.185714285714287	24.492857142857144
3	10.633333333333333	30.409523809523808
4	13.161904761904761	13.84047619047619
5	19.173809523809524	31.761904761904763
6	25.64761904761905	25.292857142857144
7	39.82142857142857	24.409523809523808
8	31.52857142857143	38.15714285714286
9		41.9547619047619
10		26.745238095238093
11		24.11190476190476
