	dmso-het	drug-het
0	39.42857142857143	49.142857142857146
1	46.42857142857143	56.07142857142857
2	31.5	52.642857142857146
3	33.0	49.214285714285715
4	48.285714285714285	36.285714285714285
5	36.5	52.357142857142854
6	41.07142857142857	51.357142857142854
7	57.785714285714285	48.5
8	45.142857142857146	54.42857142857143
9		55.57142857142857
10		52.214285714285715
11		54.714285714285715
