	dmso-het	drug-het
0	0.3122224933108026	0.13365466721345226
1	0.11808605960197374	0.13253177436911492
2	0.5810320126250289	0.22918886983900763
3	0.7350041760731258	0.13493154984021954
4	0.5173815148959056	0.1325103780616544
5	0.8327295257983112	0.4046054602570819
6	0.31873502092858025	0.18380999651238156
7	0.3113553220060938	0.14060827520485533
8	0.7433043140380604	0.38918394798063016
9		0.3712846762700985
10		0.5168617341373223
11		0.2140216489427658
