	dmso-het	drug-het
0	0.11199788173000046	0.04013048693804423
1	0.05499032977844466	0.05486283171866555
2	0.17265034660468465	0.04897991688365919
3	0.6459564963665828	0.07750883083055586
4	0.27369304270766037	0.07027256000709424
5	0.33422971905796717	0.25023067734118815
6	0.12715219475792167	0.0844481391044469
7	0.33051664563772964	0.1449340564262813
8	0.4265180006332703	0.18418008273557504
9		0.24890526693675968
10		0.3193963701482653
11		0.1478553590626376
