	dmso-het	drug-het
0	291.64271791783665	242.008429651149
1	304.4298589609895	236.05696236635984
2	588.6782964521489	277.852952130553
3	429.01786380912796	278.3385632241276
4	365.6704594439302	281.9911917252938
5	590.2772879329351	354.83026568823806
6	372.37522830574216	272.19747671419657
7	393.0963160549777	350.9095004800642
8	431.25345088522903	418.5242314438944
9		364.2042935187563
10		442.2557259879549
11		374.5722144943884
