	dmso-het	drug-het
0	528.8571428571429	794.2857142857143
1	408.42857142857144	460.0
2	626.0	903.7142857142857
3	420.0	619.8571428571429
4	534.4285714285714	322.0
5	1077.7142857142858	841.0
6	776.0	809.1428571428571
7	1432.7142857142858	888.7142857142857
8	1425.0	1629.857142857143
9		1365.5714285714287
10		963.0
11		766.5714285714286
