	dmso-het	drug-het
0	7.285714285714286	4.428571428571429
1	12.0	7.714285714285714
2	6.285714285714286	8.142857142857142
3	7.857142857142857	7.857142857142857
4	5.714285714285714	10.857142857142858
5	6.428571428571429	6.285714285714286
6	7.714285714285714	4.857142857142857
7	7.571428571428571	7.571428571428571
8	4.0	7.285714285714286
9		12.428571428571429
10		8.285714285714286
11		9.857142857142858
