	dmso-het	drug-het
0	387.1774193548387	441.01612903225805
1	288.3709677419355	332.258064516129
2	253.70967741935485	400.85483870967744
3	409.46774193548384	320.258064516129
4	353.38709677419354	267.33870967741933
5	678.3870967741935	447.30645161290323
6	516.5483870967741	335.6290322580645
7	497.5806451612903	278.2258064516129
8	455.30645161290323	610.9677419354839
9		602.8064516129032
10		505.5483870967742
11		312.01612903225805
