	dmso-het	drug-het
0	1095.5	1584.0
1	888.2142857142857	1394.0714285714287
2	720.6428571428571	1548.5
3	549.9285714285714	1515.5
4	1197.5714285714287	801.7857142857143
5	1096.0	1679.5
6	1131.142857142857	1294.2857142857142
7	1877.0714285714287	1217.2142857142858
8	1332.857142857143	1768.357142857143
9		1756.9285714285713
10		1398.5714285714287
11		1181.142857142857
