	dmso-wt	dmso-het
0	134.01190476190476	218.42857142857142
1	115.3452380952381	246.25
2	165.38095238095238	155.58333333333334
3	79.79761904761905	275.4761904761905
4	140.78571428571428	338.2261904761905
5	173.23809523809524	165.08333333333334
6	200.95238095238096	137.86904761904762
7	204.8452380952381	152.71428571428572
8	182.67857142857142	196.46428571428572
9	262.67857142857144	367.4047619047619
10	130.47619047619048	
11	136.51190476190476	
