	dmso-wt	dmso-het
0	96.09162303664921	87.74607329842932
1	108.782722513089	140.36125654450262
2	133.4973821989529	80.39005235602095
3	100.57853403141361	112.93979057591623
4	61.42670157068063	170.7041884816754
5	80.48952879581152	84.93717277486911
6	115.78010471204189	79.91099476439791
7	67.98167539267016	94.42931937172774
8	118.4738219895288	131.1675392670157
9	91.98952879581152	194.2670157068063
10	63.026178010471206	
11	96.93455497382199	
