	dmso-wt	dmso-het
0	308.2857142857143	1242.4285714285713
1	655.1428571428571	1601.2857142857142
2	648.4285714285714	630.8571428571429
3	387.7142857142857	1515.2857142857142
4	1046.142857142857	1860.4285714285713
5	981.1428571428571	1068.2857142857142
6	1151.7142857142858	1072.7142857142858
7	1173.142857142857	759.7142857142857
8	1041.0	969.1428571428571
9	1150.142857142857	2545.4285714285716
10	899.5714285714286	
11	718.7142857142857	
