	dmso-wt	dmso-het
0	215.85714285714286	177.71428571428572
1	109.5952380952381	158.33333333333334
2	170.71428571428572	196.21428571428572
3	98.04761904761905	212.83333333333334
4	85.95238095238095	286.9761904761905
5	123.76190476190476	133.64285714285714
6	177.1904761904762	79.61904761904762
7	146.6904761904762	161.02380952380952
8	172.07142857142858	186.28571428571428
9	295.7142857142857	196.21428571428572
10	89.0	
11	167.57142857142858	
