	dmso-wt	dmso-het
0	708.9285714285714	1071.642857142857
1	679.9285714285714	1208.9285714285713
2	710.6428571428571	807.3571428571429
3	497.7857142857143	1263.9285714285713
4	771.3571428571429	1652.9285714285713
5	785.7857142857143	914.2142857142857
6	1077.7142857142858	751.0
7	950.7142857142857	837.8571428571429
8	1149.357142857143	992.0714285714286
9	1309.7142857142858	1781.642857142857
10	700.2142857142857	
11	943.7142857142857	
