	dmso-wt	dmso-het
0	313.0	1555.0
1	726.7142857142857	2005.142857142857
2	960.2857142857143	689.7142857142857
3	369.2857142857143	2028.7142857142858
4	1173.7142857142858	2337.0
5	1336.5714285714287	1179.142857142857
6	1348.4285714285713	1176.7142857142858
7	1578.142857142857	866.4285714285714
8	1159.7142857142858	1240.0
9	1378.0	3232.0
10	1031.7142857142858	
11	632.7142857142857	
