	dmso-wt	dmso-het
0	804.1428571428571	1310.642857142857
1	692.1428571428571	1477.5714285714287
2	992.2857142857143	933.5
3	478.7857142857143	1652.9285714285713
4	844.7142857142857	2029.4285714285713
5	1039.5714285714287	990.5
6	1205.9285714285713	827.2142857142857
7	1229.142857142857	916.2857142857143
8	1096.0714285714287	1178.857142857143
9	1576.2142857142858	2204.6428571428573
10	782.8571428571429	
11	819.0714285714286	
