	dmso-wt	dmso-het
0	112.5130890052356	97.46858638743456
1	101.69633507853403	140.8848167539267
2	144.32460732984293	88.25392670157068
3	102.0261780104712	123.82460732984293
4	60.287958115183244	179.8848167539267
5	92.22251308900523	78.70680628272251
6	116.25916230366492	78.03403141361257
7	74.99476439790575	88.13612565445027
8	109.91361256544502	128.934554973822
9	103.23298429319372	201.56806282722513
10	60.28534031413613	
11	81.39267015706807	
