	dmso-wt	dmso-het
0	1295.2857142857142	1066.2857142857142
1	657.5714285714286	950.0
2	1024.2857142857142	1177.2857142857142
3	588.2857142857143	1277.142857142857
4	515.7142857142857	1721.857142857143
5	742.5714285714286	801.8571428571429
6	1063.4285714285713	477.7142857142857
7	880.1428571428571	966.1428571428571
8	1032.4285714285713	1117.7142857142858
9	1774.4285714285713	1177.2857142857142
10	534.0	
11	1005.4285714285714	
