	dmso-het	drug-het
0	1459.9008041781888	6110.891790750561
1	5934.770424110332	9254.389309384105
2	4169.801430996927	13837.173664039403
3	4502.84540411251	6874.626575670389
4	5858.523577853841	6152.718519282033
5	1206.9110104659517	10488.317465631348
6	8068.37109678617	14324.481127341107
7	4146.478137806028	4134.870942986752
8	2603.287006350173	8320.406790288478
9	2310.473538290816	4596.585110411036
10	6226.158680882923	3096.111622254845
11	3002.9043151110313	2859.598731370213
