	dmso-het	drug-het
0	1.1149883991314118	0.9179074162879254
1	1.0947695599778937	0.7973836933971086
2	1.2418958238948359	0.8421282144957074
3	1.2247986016438923	0.9727077379748855
4	1.3372056793217186	0.9082493564852501
5	1.326805224788066	0.73049649924969
6	1.3819428566573537	0.9392337364608754
7	1.3513405796431646	0.9861696957109248
8	1.3143325815116154	1.0640118317258425
9	1.3615807737530443	1.1527901432299825
10	1.2052079530150361	1.3116449291789336
11	1.2321618886518861	1.2662036107929004
