	dmso-het	drug-het
0	118.23809523809524	157.21428571428572
1	105.73809523809524	13.571428571428571
2	67.35714285714286	28.38095238095238
3	30.833333333333332	141.54761904761904
4	97.19047619047619	82.14285714285714
5	247.04761904761904	92.02380952380952
6	79.92857142857143	22.714285714285715
7	115.07142857142857	63.714285714285715
8	362.0238095238095	54.0
9	195.78571428571428	124.69047619047619
10	119.66666666666667	146.5952380952381
11	187.11904761904762	111.45238095238095
