	dmso-het	drug-het
0	1.1166666666666667	0.7361111111111112
1	1.1916666666666667	1.2972222222222223
2	1.55	1.5694444444444444
3	1.5916666666666666	1.1083333333333334
4	1.3333333333333333	0.8222222222222222
5	1.3972222222222221	0.9555555555555556
6	1.711111111111111	0.95
7	1.9194444444444445	1.6694444444444445
8	1.4361111111111111	0.9888888888888889
9	1.4861111111111112	1.55
10	1.2472222222222222	1.3277777777777777
11	0.8472222222222222	1.1194444444444445
