	dmso-het	drug-het
0	158.46491994263383	106.95409692943768
1	168.3577808097227	96.97655096534581
2	170.68383301018233	107.94543583653743
3	243.9880075445779	124.92998397939617
4	193.55102935478516	115.95173264794705
5	220.57211429438544	91.86500039682377
6	232.44076892615928	158.43875001370887
7	226.16088109073957	133.493739136138
8	250.86630200170393	220.98689165713554
9	265.2736111334517	165.0607980196111
10	167.9099470927716	220.0114511753357
11	184.3105614976943	198.66931852144407
