	dmso-het	drug-het
0	179.9047619047619	152.35714285714286
1	118.16666666666667	86.41666666666667
2	220.83333333333334	184.4047619047619
3	357.4047619047619	151.38095238095238
4	318.10714285714283	240.1904761904762
5	402.92857142857144	161.73809523809524
6	389.57142857142856	51.86904761904762
7	332.4047619047619	26.595238095238095
8	196.1547619047619	94.1547619047619
9	194.26190476190476	110.17857142857143
