	dmso-het	drug-het
0	884.1428571428571	1350.5714285714287
1	491.14285714285717	399.57142857142856
2	1075.857142857143	1419.5714285714287
3	2206.0	649.8571428571429
4	1437.142857142857	1268.7142857142858
5	2270.8571428571427	770.1428571428571
6	1918.857142857143	421.7142857142857
7	1807.5714285714287	186.0
8	1083.2857142857142	472.42857142857144
9	944.1428571428571	688.8571428571429
