	dmso-het	drug-het
0	1101.4285714285713	900.2857142857143
1	728.5714285714286	548.8571428571429
2	1721.5714285714287	983.1428571428571
3	1486.5714285714287	1049.4285714285713
4	2294.1428571428573	1440.142857142857
5	1959.142857142857	1070.7142857142858
6	2239.0	115.85714285714286
7	1599.0	121.85714285714286
8	1191.857142857143	591.1428571428571
9	1244.7142857142858	382.57142857142856
