	dmso-het	drug-het
0	193.92857142857142	157.38095238095238
1	127.9047619047619	93.16666666666667
2	302.54761904761904	169.23809523809524
3	269.1904761904762	191.85714285714286
4	405.3333333333333	252.73809523809524
5	346.5	197.04761904761904
6	451.2857142857143	18.738095238095237
7	322.23809523809524	21.785714285714285
8	204.28571428571428	105.71428571428571
9	221.5952380952381	62.23809523809524
