	dmso-het	drug-het
0	342.6875	433.78125
1	378.625	252.609375
2	750.515625	655.1875
3	875.734375	361.578125
4	906.9375	429.6875
5	1092.78125	720.125
6	1070.0	399.78125
7	1228.9375	372.25
8	642.765625	256.453125
9	548.75	402.53125
