	dmso-het	drug-het
0	141.45238095238096	220.07142857142858
1	78.80952380952381	68.5952380952381
2	165.47619047619048	250.04761904761904
3	378.0	95.76190476190476
4	227.76190476190476	203.5
5	376.2142857142857	122.95238095238095
6	268.14285714285717	66.35714285714286
7	272.95238095238096	31.452380952380953
8	185.14285714285714	72.66666666666667
9	149.78571428571428	127.95238095238095
