	dmso-mut	drug-mut
0	0.8412953511803183	0.17627527657967107
1	0.24093627272794882	0.3955226301826673
2	0.32906424925455885	0.7686066503637804
3	0.3830699814555814	0.40840750499390616
4	0.33902246152430754	0.3600381005643489
5	0.3193914937994862	0.7017359658436094
6	0.5905860038536049	0.19217316982004434
7	0.30477888779468043	0.5042348784483269
8	0.49896715982876055	0.23399093436083068
9	0.7600987188285199	0.8857204083812885
10	0.26965929411539685	
11	0.4544414381417389	
