	dmso-mut	drug-mut
0	0.8753090530677545	0.1837148114408246
1	0.4145783354187269	0.704264262567669
2	0.5400255828775742	1.0973331677693365
3	0.7631303241942093	0.538207525930791
4	0.6907513861687131	0.8620463175149073
5	0.45384495757936005	1.571763618969383
6	1.0332439877527309	0.36064469616951667
7	0.8338679135209615	1.4374600954917796
8	1.3917905897538392	0.3981453485290187
9	1.177837085069419	1.056168299505064
10	0.5060675280989708	
11	1.0607038555013466	
