	dmso-mut	drug-mut
0	232.88387765940737	187.97333177554316
1	188.51873043693107	215.6618991681169
2	210.66474385553886	260.12018880218955
3	206.13500476447575	207.29808983125915
4	205.5054577974258	207.2276785530946
5	215.3146682135097	256.1409584741618
6	263.2574991718262	188.41878262142234
7	190.1510910401297	218.3813569430241
8	216.92507200886234	204.65950763395193
9	242.60736003828467	290.29290286621335
10	194.29859695520574	
11	217.60527655330836	
