	dmso-mut	drug-mut
0	1.500304108395398	1.4443843795080138
1	1.8568091001083964	1.512564011944624
2	1.642172153676181	1.8065007696374213
3	1.9744252380491023	1.8942551433442845
4	1.6351983592681805	1.887711524427709
5	1.6226466987948829	1.781391531456771
6	1.3857100104701874	1.5561865071919037
7	1.6777000612778825	1.7863319519376806
8	1.5633686176784831	1.4423471396207828
9	1.679562982207395	1.3777473913966303
10	1.6056478267818466	
11	1.7420225307459654	
