	dmso-mut	drug-mut
0	340.635188267352	255.2068449028215
1	314.1915292636923	323.76944469984153
2	336.2920485865806	416.9733937599033
3	546.3828114893579	336.66033353659856
4	306.14471831193595	456.7261607949496
5	1124.3701481821474	664.0993131587738
6	393.0738663890808	255.76013813152014
7	336.69598284362854	433.45802298470016
8	760.4334973636912	346.28351709906525
9	350.4455899212996	357.30571293440363
10	265.6610576211707	
11	405.7465943569948	
