	dmso-mut	drug-mut
0	264.14865998807636	248.16515396903645
1	307.03824318050664	262.76428128432167
2	279.61647871425157	364.6833491218212
3	429.60426884659984	302.78412457276124
4	286.2655126809396	380.5570759234929
5	645.4021054683543	488.93207203817684
6	363.7837170130248	254.61657250014053
7	284.58809645251307	346.9058728499022
8	462.21845513372904	293.84225258123485
9	324.8419682265244	373.4700389281436
10	266.29203360365364	
11	342.28732977961107	
