	dmso-mut	drug-mut
0	113892.61198879361	17537.766554970483
1	8044.7794190683635	43258.787533329356
2	123997.17752916981	137002.62423466778
3	34223.864513730485	100376.6831934126
4	65706.97615426933	33561.70288725328
5	345736.279116865	160841.40301631825
6	22372.414219987742	50769.66963999632
7	19362.735837316675	48572.54337662278
8	114274.01600425637	46794.34177791742
9	3387.0305209348858	6322.203354099946
10	180816.20376689144	
11	55779.17969112696	
