	dmso-wt	dmso-het
0	194.15	769.15
1	187.56666666666666	447.1
2	297.6333333333333	397.65
3	376.78333333333336	253.41666666666666
4	287.73333333333335	351.2
5	424.0833333333333	942.7
6	102.4	480.85
7	196.5	551.5666666666667
8	422.01666666666665	977.5666666666667
9	424.21666666666664	615.35
10	365.05	374.68333333333334
11	219.9	777.4
12	430.15	
13	458.65	
14	208.06666666666666	
15	479.53333333333336	
16	432.8666666666667	
17	249.45	
18	399.3333333333333	
19	305.71666666666664	
