	dmso-mut	drug-mut
0	459.9516129032258	505.46774193548384
1	742.6290322580645	273.46774193548384
2	500.56451612903226	483.38709677419354
3	786.0645161290323	819.6451612903226
4	608.241935483871	633.6774193548387
5	555.1774193548387	749.4354838709677
6	597.8709677419355	386.43548387096774
7	593.3709677419355	377.83870967741933
8	534.0322580645161	362.03225806451616
9	773.0	419.5967741935484
10	471.11290322580646	
11	765.741935483871	
