	dmso-wt	drug-wt
0	21.095238095238095	16.214285714285715
1	30.523809523809526	27.714285714285715
2	48.845238095238095	11.976190476190476
3	85.30952380952381	62.69047619047619
4	40.892857142857146	33.357142857142854
5	25.63095238095238	16.595238095238095
6	46.76190476190476	45.07142857142857
7	43.04761904761905	46.67857142857143
8	45.73809523809524	63.11904761904762
9	75.83333333333333	42.45238095238095
10		33.45238095238095
11		39.80952380952381
12		114.76190476190476
