	dmso-wt	drug-wt
0	541.4285714285714	220.57142857142858
1	330.0	347.0
2	856.2857142857143	106.14285714285714
3	1131.142857142857	893.1428571428571
4	567.5714285714286	281.57142857142856
5	526.5714285714286	201.28571428571428
6	520.7142857142857	485.85714285714283
7	664.4285714285714	346.42857142857144
8	539.0	445.7142857142857
9	1152.5714285714287	435.0
10		743.8571428571429
11		353.85714285714283
12		1007.2857142857143
