	dmso-wt	drug-wt
0	70760.00068691552	227097.55843244295
1	97400.9251446795	160017.64954477537
2	123485.9345301394	637531.7532434817
3	67391.50919505618	77140.02379123073
4	108376.29199840176	35227.543047169325
5	204005.34269231674	272451.99412583694
6	220401.7654116642	47683.31761857154
7	50718.01030673627	98684.8106325141
8	212265.96751085072	26404.09387479642
9	57008.94150050971	53880.20395869672
10		107055.26603372407
11		71162.05397581933
12		62568.13163462494
