	dmso-wt	drug-wt
0	26.238095238095237	8.452380952380953
1	34.595238095238095	18.238095238095237
2	53.61904761904762	4.904761904761905
3	102.95238095238095	32.76190476190476
4	35.45238095238095	37.45238095238095
5	12.404761904761905	14.80952380952381
6	26.928571428571427	33.19047619047619
7	36.404761904761905	49.95238095238095
8	57.166666666666664	79.0952380952381
9	76.11904761904762	49.857142857142854
10		27.857142857142858
11		41.0
12		143.38095238095238
