	dmso-wt	drug-wt
0	368958.8133657779	510535.9459581713
1	237720.8456653492	48452.48275147468
2	43090.678592975244	101179.05519783459
3	309237.9810740262	419157.1743973343
4	137308.47041509298	114993.76598920864
5	281971.3040354617	573799.2119274221
6	694394.440000041	116635.76652435555
7	288857.58394585835	476354.32901436905
8	119444.4919191815	204298.88714854434
9	83385.20688278975	90430.55316164685
10		84056.14534012483
11		271954.0402922338
12		121494.3337419035
