	dmso-wt	drug-wt
0	133.51098341847205	152.78590639925784
1	139.92407324488232	219.56416998845478
2	135.82665532751508	244.8784592124259
3	156.21399368629704	146.3984531705038
4	162.29447569685885	185.5299998849673
5	133.21183554767447	155.076994219325
6	158.81647435645002	226.53611288770574
7	145.46457137566418	180.69460393273224
8	152.22719866394158	160.56374026618323
9	150.62280315362173	156.23481892620944
10		152.39291399676873
11		162.43031529161235
12		155.88640785823353
