	dmso-wt	drug-wt
0	2.5476190476190474	1.380952380952381
1	1.619047619047619	0.6904761904761905
2	0.7380952380952381	0.2619047619047619
3	0.7142857142857143	1.619047619047619
4	0.7857142857142857	2.1904761904761907
5	1.4047619047619047	1.5952380952380953
6	0.7619047619047619	2.380952380952381
7	1.4047619047619047	0.8571428571428571
8	0.9523809523809523	1.4761904761904763
9	1.7142857142857142	1.2380952380952381
10		0.7142857142857143
11		0.8809523809523809
12		0.35714285714285715
