	dmso-wt	drug-wt
0	136.2746248235662	184.74708568686796
1	144.89535516422637	129.21148188485546
2	138.9044901997063	113.58837213513215
3	176.42357879873865	154.49426069334191
4	178.20133206355177	200.4688332528767
5	163.6044773230643	176.9709039705814
6	202.10818281335523	185.43497049748882
7	171.1374751747745	185.42976806452143
8	127.95533817317347	186.26467093192736
9	140.68078593411937	216.69234127508759
10		181.2515868894056
11		191.24751122013163
12		208.94283949740304
