	dmso-wt	drug-wt
0	23.0	10.571428571428571
1	15.142857142857142	20.428571428571427
2	21.857142857142858	10.142857142857142
3	35.42857142857143	26.857142857142858
4	15.142857142857142	27.714285714285715
5	24.428571428571427	14.857142857142858
6	23.142857142857142	20.142857142857142
7	29.142857142857142	15.142857142857142
8	47.714285714285715	19.142857142857142
9	51.57142857142857	25.428571428571427
10		18.428571428571427
11		21.857142857142858
12		30.0
