	dmso-wt	drug-wt
0	134.4812219745504	166.58226444735521
1	158.41620715740066	214.27960847419277
2	139.5645163918312	210.23881137972947
3	155.24967600634133	154.50481454901143
4	163.20862374205436	188.28578280346062
5	136.7975332618442	156.95189822922495
6	170.0629691707852	224.52449608816096
7	155.2143369783956	188.9476173810426
8	151.38500610540086	173.26418298022355
9	148.0598183429623	152.4798014543593
10		150.4162547120654
11		163.47040923745863
12		151.32326788450396
