	dmso-wt	drug-wt
0	137.31849161835834	155.40231851219033
1	161.51864145127402	205.33324581039847
2	144.4576848784067	186.51027533513408
3	157.16675080618407	165.81463508246927
4	170.3135777660189	191.52438631985083
5	145.66136719495063	166.7487220141547
6	173.45700291709264	200.4762660442028
7	169.42252826378052	197.43904569201382
8	152.69609378168116	182.34128093596107
9	150.66586849851925	155.7765174729223
10		144.12970285295825
11		170.55349992998725
12		142.4088487429401
