	dmso-wt	drug-wt
0	130.06045464098102	160.10418297032092
1	142.163513702834	230.15497338002683
2	135.8636610543417	240.51737220066076
3	158.9928954041532	151.5654471697146
4	157.05016240448165	185.14459133593377
5	132.91978598880368	161.08417579180247
6	166.67678980403363	229.42430819602723
7	149.21811623122616	191.75432629380833
8	163.251397052702	163.83621941854094
9	153.73386183289082	160.9463536904473
10		152.5703734852835
11		167.02268368740948
12		156.037812822651
