	dmso-wt	drug-wt
0	10.287660466334819	10.642651296829971
1	11.18103222425989	5.855907780979827
2	13.78648152999738	2.531307309405292
3	13.94629290018339	13.382499345035368
4	9.457951270631385	5.105056326958344
5	9.03982184962012	3.8221116059732774
6	12.251244432800629	6.551218234215352
7	9.95231857479696	7.742729892585801
8	6.694000523971705	10.140162431228713
9	13.203039035892061	12.46161907257008
10		12.030652344773383
11		7.304689546764474
12		15.709457689284779
