	dmso-wt	drug-wt
0	36.15873015873016	31.22222222222222
1	29.555555555555557	31.03174603174603
2	32.492063492063494	13.301587301587302
3	34.904761904761905	34.92063492063492
4	26.96825396825397	38.19047619047619
5	32.01587301587302	28.92063492063492
6	32.42857142857143	29.317460317460316
7	35.96825396825397	29.96825396825397
8	41.96825396825397	31.396825396825395
9	50.317460317460316	35.904761904761905
10		31.92063492063492
11		27.317460317460316
12		34.523809523809526
