	dmso-wt	drug-wt
0	0.11242825838907204	0.1394618160154048
1	0.13610436532934303	0.508240143211546
2	0.14654203627148737	0.26075389803108595
3	0.18224158711819916	0.21868165100517126
4	0.21828711284506033	0.3467667660984813
5	0.11282353421170928	0.09939486943035378
6	0.2516902521571254	0.5735083567647683
7	0.19069848114068177	0.44315946517662097
8	0.08836271857184272	0.3122110310474308
9	0.17683423357596326	0.1776164105369267
10		0.3238235607674178
11		0.174059535738986
12		0.16073073916244082
