	dmso-wt	drug-wt
0	535.9285714285714	149.07142857142858
1	430.7142857142857	252.28571428571428
2	810.3571428571429	72.85714285714286
3	1211.7142857142858	738.2857142857143
4	490.7142857142857	320.7857142857143
5	342.7142857142857	162.78571428571428
6	435.2142857142857	368.64285714285717
7	597.2142857142857	395.2857142857143
8	531.4285714285714	689.0
9	1021.6428571428571	450.35714285714283
10		578.6428571428571
11		356.57142857142856
12		1491.4285714285713
