	dmso-wt	drug-wt
0	76118.4020043054	96935.14793916968
1	49241.043734838706	118469.47308162825
2	20527.887122907756	513712.14043827704
3	56692.67169155086	114111.981972324
4	61983.392778407324	39011.98580660886
5	56897.136755442654	163905.90255005748
6	194810.04084072207	28692.74023583656
7	41920.173905213735	68190.13802418472
8	731507.4587236964	55782.2358324443
9	28655.083441216764	19596.414560109894
10		23938.78494324503
11		38349.83018753109
12		93134.27740371412
