	dmso-wt	drug-wt
0	0.9616039945492811	1.0350034244959008
1	1.1001073369504697	0.8627420340817659
2	1.0898251353907915	1.2526910645175633
3	1.0172111950126006	1.1571211090124924
4	1.0789828293644328	1.1154591776285885
5	1.204858657204323	1.0344406046859107
6	1.0966708911750567	1.2454247673491061
7	1.262081707932965	1.0555939980153488
8	0.9817641057282886	1.2440298642984668
9	0.7426540280486008	1.316216633240628
10		1.1250147473267866
11		1.1368205212134015
12		1.1469091005754108
