	dmso-wt	drug-wt
0	163.0793650793651	293.85714285714283
1	208.6984126984127	216.65079365079364
2	274.14285714285717	106.58730158730158
3	366.6984126984127	355.3015873015873
4	270.26984126984127	166.73015873015873
5	194.66666666666666	140.5079365079365
6	302.1904761904762	255.53968253968253
7	241.73015873015873	256.85714285714283
8	128.88888888888889	233.9047619047619
9	328.3174603174603	459.968253968254
10		239.9047619047619
11		258.46031746031747
12		366.4761904761905
