	dmso-wt	drug-wt
0	148.8274225210965	169.6956484965607
1	156.4755426564651	194.82261975200927
2	154.28690025200422	184.35462664316813
3	177.62465866594954	167.79990793066221
4	181.43654926036226	180.93310662322946
5	163.61932741950497	186.06851539371857
6	170.09657418487467	246.3381317643093
7	181.21738915025907	191.48510870837313
8	158.39846857414668	173.99857901571528
9	171.85539916774303	197.36267914980502
10		169.1351501306815
11		172.80388304871013
12		171.87224497324738
