	dmso-wt	drug-wt
0	994.1428571428571	108.42857142857143
1	596.0	170.42857142857142
2	877.1428571428571	44.42857142857143
3	1372.857142857143	657.2857142857143
4	444.85714285714283	438.57142857142856
5	220.85714285714286	161.42857142857142
6	369.42857142857144	327.42857142857144
7	601.2857142857143	478.0
8	965.4285714285714	996.4285714285714
9	1194.4285714285713	512.4285714285714
10		497.0
11		392.57142857142856
12		2036.142857142857
