	dmso-wt	drug-wt
0	46471.350565283465	98264.10869265193
1	27745.16615336788	291664.6797798482
2	19510.34040761971	671514.3869679292
3	22098.631495198406	17797.545061293404
4	179862.16109046136	19659.663139902917
5	60414.06474230672	204990.98384139012
6	39478.00965248775	23806.13113432972
7	17595.394576124472	16132.778759968396
8	30955.251904376277	14089.379630186593
9	12682.880122482626	17359.95046440479
10		22459.21385255438
11		16622.260958235463
12		8211.031477454486
