	dmso-wt	drug-wt
0	2.15	1.4
1	1.9	5.733333333333333
2	4.233333333333333	4.366666666666666
3	2.8666666666666667	1.95
4	3.716666666666667	4.833333333333333
5	3.15	1.5
6	1.4333333333333333	2.65
7	2.85	1.3833333333333333
8	6.966666666666667	3.316666666666667
9	8.466666666666667	4.733333333333333
10		4.333333333333333
11		2.7
12		3.4833333333333334
