	dmso-wt	drug-wt
0	12.216666666666667	4.9
1	8.4	50.3
2	46.81666666666667	32.916666666666664
3	6.316666666666666	8.633333333333333
4	21.85	12.816666666666666
5	13.983333333333333	5.3
6	4.816666666666666	17.416666666666668
7	9.033333333333333	7.366666666666666
8	23.25	9.033333333333333
9	27.266666666666666	17.083333333333332
10		24.65
11		7.183333333333334
12		12.416666666666666
