	dmso-wt	drug-wt
0	0.848207489477509	1.0021102139290565
1	0.8923366691293151	0.8848060184768675
2	0.8485787645554825	0.896339985267889
3	0.9725522135737737	1.0105490414394023
4	1.072362157868735	1.065602145670734
5	0.967510094145867	1.1429701266888794
6	1.04464682436023	1.159644291618168
7	1.1265251919917112	0.990096370880064
8	1.4929336533497555	0.9995309480983294
9	1.0211102236210157	1.3178562835861698
10		0.9402577698549893
11		1.0392220836263044
12		1.106685890997453
