	dmso-wt	drug-wt
0	130.48317057827714	193.0801701346245
1	241.3321308323972	190.90400906224428
2	155.38342375292515	238.5770386919013
3	153.07032579231847	183.7974029844377
4	173.29877917387725	206.30646500563122
5	167.37436089161682	165.561185655632
6	191.37919933849628	287.2170165322347
7	209.59221644478555	212.26304057035478
8	142.67398801794008	235.3162386408885
9	119.22136248964321	191.4871041683391
10		166.26307039970297
11		186.58392276604968
12		164.09172898836576
