	dmso-wt	drug-wt
0	0.07905305653148166	0.16633114519198017
1	0.1015435140802938	0.5229883388049043
2	0.1582520843497557	0.6511204824624078
3	0.2536324763999992	0.13951983392330253
4	0.17576839948303496	0.455901907155234
5	0.10273557360391886	0.10853357990084975
6	0.17870744306684663	0.6895311080131632
7	0.11644406776842516	0.39796456638820243
8	0.16501854169730043	0.17923863934414253
9	0.24821008137158357	0.31076225251274187
10		0.3068519724824124
11		0.21674840167134732
12		0.1874384536959361
