	dmso-wt	drug-wt
0	135.7546600794033	184.977408511485
1	190.5764400487369	210.14386468042255
2	143.55156819376842	198.24816405302684
3	154.2599815453342	164.38444247906753
4	164.4136370743574	191.25354902337645
5	141.67408215311508	159.65176000348092
6	179.14667652082517	221.94711206374416
7	166.73678723616908	198.08488227024344
8	150.5164950294057	188.20588029085914
9	145.29968085455985	148.5039006018121
10		148.0630888969424
11		164.54300611911262
12		145.99960458181948
