	dmso-wt	drug-wt
0	155.71428571428572	50.857142857142854
1	213.0	109.42857142857143
2	327.42857142857144	48.0
3	642.4285714285714	228.57142857142858
4	218.28571428571428	227.42857142857142
5	74.85714285714286	88.0
6	193.57142857142858	198.57142857142858
7	219.42857142857142	302.0
8	360.14285714285717	493.0
9	450.2857142857143	299.2857142857143
10		169.85714285714286
11		261.57142857142856
12		851.4285714285714
