	dmso-wt	drug-wt
0	96.71428571428571	145.42857142857142
1	150.14285714285714	247.85714285714286
2	258.7142857142857	96.0
3	382.2857142857143	523.1428571428571
4	277.14285714285717	175.42857142857142
5	238.71428571428572	110.14285714285714
6	368.0	341.14285714285717
7	297.0	255.28571428571428
8	190.0	265.2857142857143
9	457.0	212.14285714285714
10		235.28571428571428
11		217.42857142857142
12		517.5714285714286
