	dmso-wt	drug-wt
0	113.45305230626175	158.75744733255698
1	130.43906124789208	209.05046771063283
2	131.75984858420466	202.183366539199
3	148.4496212621593	142.89875151233596
4	182.48906658513573	206.2635915237034
5	136.70793273127063	148.02396193256106
6	165.57213096621956	283.85094071739945
7	176.10530096299243	186.86103327231103
8	229.69442309873764	183.01375442433084
9	160.4306400024573	193.69183605649627
10		150.9941325438547
11		171.14622314466743
12		183.99195422385588
