	dmso-wt	drug-wt
0	448.8412698412698	615.2539682539683
1	592.6825396825396	330.77777777777777
2	680.5079365079365	144.46031746031747
3	803.8412698412699	728.6031746031746
4	532.9047619047619	267.95238095238096
5	484.92063492063494	201.4126984126984
6	688.1111111111111	379.1746031746032
7	534.2222222222222	421.25396825396825
8	251.55555555555554	552.031746031746
9	686.0	724.0952380952381
10		626.952380952381
11		410.968253968254
12		900.968253968254
