	dmso-wt	drug-wt
0	43229.49823591361	118636.67730821887
1	18989.1756310364	499634.7554079307
2	18931.695355462693	648123.5328821953
3	34695.177123714675	20302.52241080105
4	25237.84233289499	16704.74939418881
5	80317.88968654168	62422.62149902119
6	57139.09340386085	31592.544746083593
7	18381.953512448155	17030.02987184988
8	19923.943552634235	12550.39334887527
9	9788.74296902439	15784.581412398136
10		28070.043023293987
11		16347.759628725316
12		4481.565906620686
