	dmso-wt	drug-wt
0	767.7857142857143	164.5
1	463.0	258.7142857142857
2	866.7142857142857	75.28571428571429
3	1252.0	775.2142857142857
4	506.2142857142857	360.07142857142856
5	373.7142857142857	181.35714285714286
6	445.07142857142856	406.64285714285717
7	632.8571428571429	412.2142857142857
8	752.2142857142857	721.0714285714286
9	1173.5	473.7142857142857
10		620.4285714285714
11		373.2142857142857
12		1521.7142857142858
