	dmso-wt	drug-wt
0	13.031746031746032	8.857142857142858
1	8.88888888888889	8.65079365079365
2	8.222222222222221	4.380952380952381
3	7.492063492063492	8.952380952380953
4	8.365079365079366	15.19047619047619
5	9.492063492063492	12.26984126984127
6	6.523809523809524	7.857142857142857
7	10.365079365079366	9.365079365079366
8	6.888888888888889	8.761904761904763
9	11.555555555555555	10.158730158730158
10		10.73015873015873
11		9.11111111111111
12		5.682539682539683
