	dmso-wt	drug-wt
0	15.285714285714286	8.571428571428571
1	9.714285714285714	4.142857142857143
2	4.571428571428571	1.7142857142857142
3	4.285714285714286	9.428571428571429
4	4.714285714285714	13.285714285714286
5	8.714285714285714	9.428571428571429
6	4.571428571428571	14.0
7	8.428571428571429	5.142857142857143
8	5.857142857142857	8.571428571428571
9	10.428571428571429	7.571428571428571
10		4.142857142857143
11		5.428571428571429
12		2.2857142857142856
