	dmso-wt	drug-wt
0	133.6894731296697	157.75325074125564
1	151.841077577054	219.123094460192
2	140.16067296637422	206.14921964987107
3	158.07982310516863	158.6900411260919
4	163.17173872519112	188.33448882789236
5	139.29057659187717	163.91644890297857
6	170.06689636056313	214.95028712011504
7	159.32032224750333	194.59668599291106
8	157.97374541719157	173.088750177251
9	152.19986516570503	158.36143558168482
10		148.67467934728725
11		168.78809180869843
12		149.22333078279556
