	dmso-wt	drug-wt
0	1.869047619047619	1.0595238095238095
1	1.1428571428571428	0.7738095238095238
2	0.6785714285714286	0.5833333333333334
3	0.8214285714285714	1.2380952380952381
4	0.6071428571428571	2.0357142857142856
5	1.1428571428571428	1.2261904761904763
6	0.7261904761904762	1.5833333333333333
7	1.1785714285714286	0.7857142857142857
8	1.0357142857142858	1.1666666666666667
9	1.619047619047619	1.2857142857142858
10		0.6190476190476191
11		0.8928571428571429
12		0.5833333333333334
