	dmso-wt	drug-wt
0	0.7943410919966388	1.0398153025854362
1	0.848922792907502	0.6121995661709824
2	0.6595089436445267	0.5784197494953229
3	0.9200485037427338	0.8506074003964063
4	0.9841704991024546	0.9909134188352443
5	0.891107477372372	1.0247216995906763
6	1.2437536900896806	0.8935690931538979
7	0.8890618623007593	0.9371151863626723
8	0.846288792847558	0.8838215143701319
9	0.7057764631684902	1.030397062991167
10		0.8649669709194281
11		1.1179226694296154
12		1.021604330066563
