	dmso-wt	drug-wt
0	91266.98286015235	290990.6547438321
1	179710.16812284736	49419.08464376776
2	100882.03414573592	525354.5848122076
3	30787.204424854925	109100.30722214407
4	149509.0133707507	48291.39337815131
5	236164.60704322404	428315.8096817149
6	141510.66779048103	31769.876573091755
7	58802.198894192574	145011.632210209
8	217740.70535189216	37402.226766559244
9	87450.39698576204	49345.96253209464
10		24602.76345310959
11		34877.9192084664
12		129669.39587088488
