	dmso-wt	drug-wt
0	0.8166666666666667	0.9
1	0.95	1.3166666666666667
2	1.1666666666666667	1.35
3	1.5166666666666666	0.8
4	2.1166666666666667	2.533333333333333
5	1.5	0.7833333333333333
6	0.75	0.9
7	1.5166666666666666	0.6833333333333333
8	2.3	1.7666666666666666
9	1.6	2.5833333333333335
10		2.15
11		1.4
12		1.9
