	dmso-wt	drug-wt
0	1.1904761904761905	0.7380952380952381
1	0.6666666666666666	0.8571428571428571
2	0.6190476190476191	0.9047619047619048
3	0.9285714285714286	0.8571428571428571
4	0.42857142857142855	1.880952380952381
5	0.8809523809523809	0.8571428571428571
6	0.6904761904761905	0.7857142857142857
7	0.9523809523809523	0.7142857142857143
8	1.119047619047619	0.8571428571428571
9	1.5238095238095237	1.3333333333333333
10		0.5238095238095238
11		0.9047619047619048
12		0.8095238095238095
