	dmso-wt	drug-wt
0	15.952380952380953	23.976190476190474
1	26.452380952380953	37.19047619047619
2	44.07142857142857	19.047619047619047
3	67.66666666666667	92.61904761904762
4	46.333333333333336	29.261904761904763
5	38.857142857142854	18.38095238095238
6	66.5952380952381	56.95238095238095
7	49.69047619047619	43.404761904761905
8	34.30952380952381	47.142857142857146
9	75.54761904761905	35.04761904761905
10		39.04761904761905
11		38.61904761904762
12		86.14285714285714
