	dmso-wt	drug-wt
0	6.070866141732283	5.26246719160105
1	4.984251968503937	5.230971128608924
2	5.464566929133858	2.1968503937007875
3	5.874015748031496	5.876640419947506
4	4.548556430446194	6.396325459317585
5	5.398950131233596	4.884514435695538
6	5.467191601049869	4.892388451443569
7	6.020997375328084	5.0498687664042
8	6.923884514435696	5.2808398950131235
9	8.398950131233596	6.036745406824147
10		5.383202099737533
11		4.57742782152231
12		5.811023622047244
