	dmso-wt	drug-wt
0	308799.0630671307	412721.95869380055
1	136220.91170109253	24135.95759480544
2	15485.847681604475	42992.120233920024
3	175300.18509636557	562591.8642475636
4	42801.75144370321	90475.21740060918
5	182405.59784166722	616345.8740651063
6	995826.106000489	41251.0255541402
7	122448.79608603896	272608.8027214337
8	57058.190769085966	148259.64985024033
9	52779.35859399326	50638.76622855742
10		38509.34031555662
11		141814.47982007367
12		63516.41280102973
