	dmso-wt	drug-wt
0	0.7933042456215241	1.0598951721522851
1	0.8352700229170296	0.6250195807979531
2	0.7107026293691718	0.6363504033982195
3	0.9309585659521618	0.840181589018466
4	0.9229119013028705	0.987213009450914
5	0.8431017196840355	1.0441377761445598
6	1.152875421868008	0.862221565775093
7	0.8455221096482121	0.9700483427486802
8	0.8364322418879396	0.895049539691276
9	0.6995866145157309	1.044280138437868
10		0.838111267550053
11		0.999294853200856
12		1.0038348623049507
