	dmso-het	drug-het
0	4834.387888591287	2798.7197286949295
1	8870.01549548707	19944.05527602633
2	14481.729732458134	2461.3420528402544
3	4038.5684006632223	26520.773820956252
4	2762.879457207298	2933.4309887889194
5	1445.3209477483038	10059.587718074426
6	7233.9058839605195	36935.93749644901
7	4967.934097040525	31419.26511782088
8	3512.3556441227097	34326.7428601572
9	8254.73109955197	6804.4307545429565
