	dmso-het	drug-het
0	2.3666666666666667	2.2
1	1.55	1.7
2	1.0333333333333334	1.8833333333333333
3	2.466666666666667	2.2
4	2.05	2.75
5	1.8666666666666667	1.8833333333333333
6	3.1666666666666665	1.1833333333333333
7	2.3	1.3
8	2.9833333333333334	2.0833333333333335
9	2.4833333333333334	1.5666666666666667
