	dmso-het	drug-het
0	342.03125	625.3125
1	320.484375	236.421875
2	733.6875	712.359375
3	764.5	321.890625
4	861.28125	387.75
5	947.96875	655.53125
6	811.09375	405.6875
7	1061.453125	424.71875
8	641.78125	244.15625
9	524.890625	337.484375
