	dmso-het	drug-het
0	57.42857142857143	53.57142857142857
1	45.42857142857143	39.0
2	46.57142857142857	37.42857142857143
3	35.0	45.142857142857146
4	46.285714285714285	51.714285714285715
5	45.0	52.142857142857146
6	54.0	15.714285714285714
7	52.42857142857143	14.571428571428571
8	58.0	36.42857142857143
9	54.142857142857146	27.285714285714285
