	dmso-het	drug-het
0	5.571428571428571	4.714285714285714
1	8.714285714285714	10.285714285714286
2	3.5714285714285716	12.714285714285714
3	6.571428571428571	10.571428571428571
4	4.714285714285714	9.857142857142858
5	8.714285714285714	8.0
6	7.285714285714286	6.0
7	9.428571428571429	6.714285714285714
8	3.0	9.714285714285714
9	6.857142857142857	10.0
