	dmso-het	drug-het
0	0.42857142857142855	0.40476190476190477
1	0.9761904761904762	1.880952380952381
2	0.6190476190476191	0.8571428571428571
3	0.2619047619047619	1.0
4	0.19047619047619047	0.30952380952380953
5	0.09523809523809523	1.380952380952381
6	1.2857142857142858	1.3333333333333333
7	1.0714285714285714	2.380952380952381
8	0.14285714285714285	2.1904761904761907
9	1.6666666666666667	1.4285714285714286
