	dmso-het	drug-het
0	9.785714285714286	9.547619047619047
1	7.9523809523809526	6.642857142857143
2	8.261904761904763	6.476190476190476
3	6.095238095238095	7.904761904761905
4	8.261904761904763	8.785714285714286
5	7.4523809523809526	9.023809523809524
6	9.214285714285714	2.1904761904761907
7	9.166666666666666	2.5952380952380953
8	9.928571428571429	6.333333333333333
9	9.428571428571429	4.309523809523809
