	dmso-het	drug-het
0	0.32843677452565484	0.37840127610581
1	0.14595956809214722	0.2867266520476038
2	0.44771774881052434	0.7954741303374904
3	0.788867376155442	1.2135428441364016
4	0.44358924740440875	1.4512901047821143
5	0.8831570667744083	0.35236209262961016
6	1.1714185554158498	2.1361608407512005
7	0.8566720703692494	0.5242220290242872
8	0.4654037604201241	0.40310463661555057
9	1.8545963271891794	0.5747286989301086
