	dmso-het	drug-het
0	174.16182592283937	179.34335402077855
1	171.11416055262032	163.67160228769737
2	207.23341962907656	184.29794950838917
3	204.93869211706743	207.55874715508185
4	204.13782535852195	203.22568531311052
5	220.97296314329265	168.35665408475
6	247.02529396487512	212.4038727618573
7	243.483613069833	163.8023190075853
8	248.666137264395	221.12520051153905
9	260.2160029830714	227.7496470529855
