	dmso-het	drug-het
0	40.13095238095238	35.90952380952381
1	28.89761904761905	14.040476190476191
2	25.28095238095238	29.704761904761906
3	50.34047619047619	10.7
4	38.84761904761905	21.2
5	52.18571428571428	19.257142857142856
6	25.935714285714287	7.0928571428571425
7	34.97380952380952	4.223809523809524
8	31.957142857142856	11.535714285714286
9	13.964285714285714	16.573809523809523
