	dmso-het	drug-het
0	43.392857142857146	30.4
1	24.30952380952381	14.338095238095239
2	38.430952380952384	15.614285714285714
3	22.635714285714286	15.183333333333334
4	37.49285714285714	19.385714285714286
5	25.63809523809524	24.573809523809523
6	32.57142857142857	2.0285714285714285
7	28.98095238095238	2.1880952380952383
8	36.00714285714286	12.988095238095237
9	20.447619047619046	5.9
