	dmso-het	drug-het
0	2.8833333333333333	3.5716666666666668
1	2.8133333333333335	0.8183333333333334
2	1.2583333333333333	1.6616666666666666
3	1.4983333333333333	3.48
4	2.205	3.32
5	6.663333333333333	2.1133333333333333
6	2.3833333333333333	18.401666666666667
7	2.955	8.378333333333334
8	4.131666666666667	1.0333333333333334
9	3.6733333333333333	2.58
