	dmso-het	drug-het
0	107357.67529061121	37692.93578883517
1	148228.95925455578	340806.6680833893
2	251022.59572796727	204642.2349295412
3	110450.44733626524	90112.79836344667
4	105890.8687753114	87691.86634445551
5	25285.25164571027	120748.02306015666
6	63470.5490910149	13739.103230279325
7	79366.18134082788	129663.38580313379
8	40618.444170705305	121323.85943647289
9	28651.381346570335	158053.14772165933
