	dmso-het	drug-het
0	0.9098014973562677	0.8779207553574926
1	0.904865590487649	0.8058367506993358
2	0.9611710081285685	0.9803555100198919
3	0.8812953773512611	1.4470392172970956
4	1.1634027410433783	0.9995334320138497
5	1.1142054664967815	0.7872841846164739
6	1.006175346817399	1.0124663085961352
7	1.1968925082980468	0.6518955723492497
8	1.1810405252979728	1.6958081274041377
9	1.430519895710916	1.3761651289677441
