	dmso-het	drug-het
0	184.05409464405523	163.64000213109472
1	185.83554595785228	211.8815945880373
2	233.13058769922554	248.16819106785377
3	244.0618087181235	409.2512636347695
4	272.9230380405374	406.0605131894663
5	303.7525750110148	254.22311199828948
6	298.8764980841238	438.25582831643567
7	310.49287039460086	259.59633012974376
8	201.03237561773872	290.5118185789602
9	416.56806815806357	282.6734817681467
