	dmso-het	drug-het
0	7.191601049868766	6.68503937007874
1	7.574803149606299	4.110236220472441
2	6.666666666666667	5.448818897637795
3	6.409448818897638	5.561679790026247
4	7.039370078740157	5.5065616797900265
5	8.36745406824147	6.7191601049868765
6	6.908136482939632	4.863517060367454
7	7.482939632545932	5.860892388451443
8	7.650918635170604	4.611548556430447
9	5.83989501312336	3.853018372703412
