	dmso-het	drug-het
0	5.166666666666667	4.883333333333334
1	3.816666666666667	2.6
2	2.0833333333333335	2.8333333333333335
3	4.45	4.5
4	3.3666666666666667	6.083333333333333
5	7.933333333333334	4.1
6	6.6	8.516666666666667
7	4.916666666666667	6.416666666666667
8	7.35	2.933333333333333
9	5.583333333333333	4.25
