	dmso-het	drug-het
0	2420.1428571428573	1661.5714285714287
1	1343.2857142857142	828.1428571428571
2	2141.285714285714	895.7142857142857
3	1245.2857142857142	834.2857142857143
4	2063.285714285714	1077.142857142857
5	1410.5714285714287	1319.857142857143
6	1710.142857142857	157.0
7	1501.857142857143	121.0
8	2058.1428571428573	716.5714285714286
9	1153.4285714285713	362.7142857142857
