	dmso-het	drug-het
0	10.0	9.761904761904763
1	9.928571428571429	7.357142857142857
2	6.857142857142857	9.261904761904763
3	9.19047619047619	7.714285714285714
4	9.952380952380953	9.738095238095237
5	9.857142857142858	8.619047619047619
6	8.0	3.7142857142857144
7	9.595238095238095	4.5476190476190474
8	10.0	6.595238095238095
9	7.642857142857143	5.619047619047619
