	dmso-het	drug-het
0	0.12612861530092145	0.17074281679056766
1	0.14226856934770363	0.056743499004416796
2	0.4212743929101238	0.28082623850117666
3	0.23907123472541464	0.3336408612466318
4	0.36767566735607204	0.4226850471881769
5	0.24434597071318506	0.17412935688155054
6	0.5963147067075697	0.8813739705153438
7	0.373960487981479	0.25240867337511225
8	0.2301638951231466	0.39419954237866073
9	0.5596236956787382	0.44226087000590875
