	dmso-het	drug-het
0	8.202515064186533	21.58684831019125
1	10.672779669897826	17.140948388787006
2	7.187581870578989	22.044275609117108
3	13.679329316216924	22.648152999738013
4	9.708409745873723	30.076499869007073
5	16.360492533403196	16.54964631909877
6	17.11474980351061	23.859575582918524
7	14.68430704741944	14.623526329578203
8	24.847786219544144	24.596803772596278
9	26.269059470788577	
