	dmso-het	drug-het
0	5.459317585301838	9.648293963254593
1	6.868766404199475	9.333333333333334
2	3.0761154855643045	8.976377952755906
3	6.818897637795276	9.908136482939632
4	7.2362204724409445	9.918635170603675
5	8.10498687664042	8.359580052493438
6	9.10236220472441	9.614173228346457
7	8.653543307086615	8.921259842519685
8	9.346456692913385	9.84514435695538
9	9.818897637795276	
