	dmso-het	drug-het
0	155.54701790021377	137.55256345353004
1	201.16498118529796	104.5685136992861
2	235.1608531877844	183.99159537185196
3	201.52086976814246	196.50322874914718
4	177.3503614490827	170.67890833696487
5	140.98337443510272	205.73579131480125
6	189.57135692745254	147.4639499898071
7	157.65540609193934	204.19943022881608
8	146.12821074541444	240.95543805874533
9	113.751648349874	
