	dmso-het	drug-het
0	13.735714285714286	36.01904761904762
1	8.476190476190476	36.65
2	16.483333333333334	34.51190476190476
3	28.11904761904762	34.34047619047619
4	17.05	28.811904761904763
5	18.873809523809523	17.776190476190475
6	21.676190476190477	34.46666666666667
7	29.3	31.154761904761905
8	23.51904761904762	43.81666666666667
9	29.57857142857143	
