	dmso-het	drug-het
0	131.0169583103597	126.50282489135772
1	206.26902288192505	108.27179573822461
2	185.39747243517166	183.81027912410704
3	182.92566013194087	189.57407799115563
4	192.36946683238347	165.30318955952114
5	167.68788722516229	234.91540069823608
6	166.77586180060845	168.22100001353883
7	150.02258984765064	183.39366500771098
8	161.3557804878172	182.84080924596716
9	157.4051140430353	
