	dmso-het	drug-het
0	9.15	42.035714285714285
1	7.310714285714286	39.53095238095238
2	12.542857142857143	35.477380952380955
3	24.28214285714286	32.464285714285715
4	15.458333333333334	33.35595238095238
5	17.84404761904762	18.664285714285715
6	20.370238095238093	30.654761904761905
7	24.402380952380952	28.133333333333333
8	29.04642857142857	39.523809523809526
9	31.129761904761907	
