	dmso-het	drug-het
0	486.375	1290.484375
1	634.140625	1032.75
2	426.671875	1321.953125
3	811.734375	1352.0625
4	575.765625	1792.9375
5	969.671875	974.4375
6	1016.375	1415.734375
7	874.71875	872.578125
8	1477.578125	1474.234375
9	1562.25	
