	dmso-het	drug-het
0	4.564285714285714	48.05238095238095
1	6.145238095238096	42.411904761904765
2	8.602380952380953	36.44285714285714
3	20.445238095238096	30.58809523809524
4	13.866666666666667	37.9
5	16.814285714285713	19.552380952380954
6	19.064285714285713	26.84285714285714
7	19.504761904761907	25.11190476190476
8	34.57380952380952	35.23095238095238
9	32.680952380952384	
