	dmso-het	drug-het
0	0.2280385831835294	0.09990117884071024
1	0.412602943014461	0.058937679163311
2	0.18255211655106016	0.22169056390283512
3	0.42714772368255555	0.18252863495894361
4	0.12883052805069284	0.13886414526059704
5	0.24440549168578157	0.22077870602995625
6	0.3808898921491446	0.10378924847092916
7	0.3204592584945253	0.4104993968853449
8	0.3039843308876311	0.2981097278973655
9	0.21058968982677742	
