	dmso-het	drug-het
0	177.03178870705338	144.3889567185608
1	270.8586730533749	111.93619649844393
2	249.54034330678	186.53782279082355
3	210.28564247751	194.75209497353993
4	216.83067890698862	199.28038574692542
5	194.6024278298137	221.64614051211856
6	193.9387846427334	180.58073522701008
7	160.71404837810422	214.32473613608485
8	157.92176702085663	212.68787928514098
9	178.50803373061984	
