	dmso-het	drug-het
0	372.57142857142856	2949.714285714286
1	362.2857142857143	2550.1428571428573
2	587.2857142857143	2168.0
3	1311.0	1818.857142857143
4	832.2857142857143	2134.714285714286
5	1170.5714285714287	1163.7142857142858
6	1143.5714285714287	1485.2857142857142
7	1326.7142857142858	1498.2857142857142
8	2080.5714285714284	2126.1428571428573
9	1972.142857142857	
