	dmso-het	drug-het
0	734.7142857142857	1975.0
1	521.5714285714286	1983.2857142857142
2	1076.857142857143	1968.7142857142858
3	1578.4285714285713	2010.4285714285713
4	940.2857142857143	1647.857142857143
5	940.5714285714286	1093.2857142857142
6	1279.2857142857142	2066.5714285714284
7	1615.7142857142858	1805.5714285714287
8	1332.7142857142858	2513.714285714286
9	1765.7142857142858	
