	dmso-het	drug-het
0	4.714285714285714	9.880952380952381
1	6.023809523809524	10.0
2	4.333333333333333	9.904761904761905
3	7.761904761904762	9.857142857142858
4	8.857142857142858	9.642857142857142
5	8.571428571428571	9.428571428571429
6	9.19047619047619	9.404761904761905
7	9.904761904761905	9.976190476190476
8	9.571428571428571	10.0
9	9.976190476190476	
