	dmso-het	drug-het
0	173.94883593160063	145.1327700276276
1	320.7478959349712	109.63490399196618
2	220.7090414931253	192.0439561921904
3	183.8012101990059	171.7279175633232
4	208.2778040969643	187.34511301915396
5	173.9742307114088	200.2540761590306
6	160.71381148576853	156.5021851141332
7	154.89385319563326	198.86400798397062
8	151.45677212299637	193.43297766000558
9	173.46124610790088	
