	dmso-het	drug-het
0	218844.44599390877	17010.429441911874
1	79250.93137942445	14349.516807196047
2	412166.45756066736	6396.0571244161465
3	23519.888296889832	5997.234990096167
4	91392.556018344	4812.474429764062
5	75070.1094438421	11107.030750731963
6	13486.309487921433	8573.8285338603
7	15058.208276737543	7566.400067511478
8	25145.846555333617	5060.007486808946
9	50584.73519126168	
