	dmso-het	drug-het
0	27.571428571428573	59.285714285714285
1	35.714285714285715	59.857142857142854
2	27.857142857142858	59.142857142857146
3	45.285714285714285	59.142857142857146
4	49.857142857142854	57.857142857142854
5	50.285714285714285	56.857142857142854
6	54.285714285714285	58.857142857142854
7	58.42857142857143	59.714285714285715
8	56.714285714285715	60.0
9	59.857142857142854	
