	dmso-het	drug-het
0	460.0	1190.625
1	600.171875	887.65625
2	413.46875	1280.125
3	773.796875	1324.25
4	548.75	1764.359375
5	921.875	934.125
6	936.28125	1371.796875
7	785.421875	778.265625
8	1195.484375	1446.8125
9	1283.953125	
