	dmso-het	drug-het
0	711.4285714285714	1952.2857142857142
1	499.85714285714283	1779.2857142857142
2	1067.2857142857142	1897.142857142857
3	1557.857142857143	1991.0
4	898.7142857142857	1587.2857142857142
5	876.0	1046.5714285714287
6	1163.7142857142858	1956.0
7	1463.7142857142858	1610.857142857143
8	1129.7142857142858	2512.0
9	1523.2857142857142	
