	dmso-het	drug-het
0	1.6	8.733333333333333
1	3.5166666666666666	9.733333333333333
2	1.7	9.716666666666667
3	5.333333333333333	9.966666666666667
4	3.6333333333333333	10.0
5	5.75	8.783333333333333
6	8.166666666666666	9.5
7	8.616666666666667	9.416666666666666
8	6.516666666666667	9.8
9	9.066666666666666	
