	dmso-het	drug-het
0	383304.0151657285	27762.17018651446
1	183378.27024621962	14974.65595422738
2	604630.372729419	6844.102648788921
3	46899.096498356	4972.902876017689
4	179664.14721289236	4839.994718371142
5	119085.8176161861	9293.851452878796
6	29098.607476850262	9015.953128732071
7	25312.52034453031	8184.386276143164
8	57915.372917073146	5192.113694573382
9	73995.62363284697	
