	dmso-het	drug-het
0	0.8283333333333334	11.011666666666667
1	2.625	6.69
2	4.67	13.976666666666667
3	4.026666666666666	22.4
4	1.76	19.27166666666667
5	3.075	14.063333333333333
6	7.945	14.285
7	8.733333333333333	13.683333333333334
8	4.5	15.968333333333334
9	8.476666666666667	
