	dmso-het	drug-het
0	0.7582680161172514	0.8890073930523597
1	0.9572909559390821	0.7599273278750035
2	1.0374122326972666	1.0121006925343392
3	0.9910382413230375	1.1709336766768614
4	1.0051235493802435	1.0764584091255656
5	0.8258762484323875	1.11634756352425
6	0.9727510508684127	1.0372886686883007
7	0.8959028877340071	1.1703973282390623
8	0.8338850557716921	1.2684306177626252
9	0.6162135732705212	
