	dmso-wt	dmso-het
0	3.2857142857142856	9.0
1	9.857142857142858	2.857142857142857
2	5.285714285714286	10.142857142857142
3	7.285714285714286	7.0
4	7.142857142857143	7.0
5	7.0	7.428571428571429
6	7.571428571428571	3.2857142857142856
7	11.571428571428571	6.0
8	10.571428571428571	6.428571428571429
9	8.857142857142858	10.571428571428571
10	9.0	12.285714285714286
11	11.857142857142858	3.7142857142857144
12	14.142857142857142	5.142857142857143
13	7.142857142857143	
