	dmso-het	drug-het
0	6.483333333333333	3.5833333333333335
1	3.0833333333333335	3.9166666666666665
2	4.433333333333334	5.083333333333333
3	6.033333333333333	4.283333333333333
4	6.466666666666667	2.5
5	7.466666666666667	4.4
6	7.583333333333333	4.9
7	7.75	6.083333333333333
8	8.1	3.933333333333333
9	8.066666666666666	3.216666666666667
10	9.9	2.6333333333333333
11	9.983333333333333	5.616666666666666
12	9.933333333333334	3.8666666666666667
13		8.25
14		5.283333333333333
15		6.35
