	dmso-mut	drug-mut
0	0.1678198851696337	0.1397430842131798
1	0.07009564440025648	0.0637018950453749
2	0.51038300910589	0.3290289995022001
3	0.24403855116892692	0.13998684992374885
4	0.255827697337595	0.6297747849730745
5	1.1649643747178726	0.5295415363085328
6	0.33849923665998904	0.25921549216647155
7	0.304763277109033	0.314664545176118
8	0.3256700247114947	0.6072140863560053
9	0.6922403088711782	0.29102199584627714
10	0.4973395111812147	
11	0.15392590518345203	
