	dmso-mut	drug-mut
0	49715.74561923108	17380.427487920944
1	127800.30118295726	124365.05791358298
2	138723.91286091876	50301.2779427311
3	270821.58780928404	227180.0051875294
4	88554.19799194073	250680.23767527466
5	120205.43914710358	92142.41730151292
6	46647.457351287325	182457.9743064319
7	146593.92498542933	18041.828043871752
8	71608.88932882894	98528.78305292921
9	31221.561172913047	59017.4165149599
10	45672.74935853034	
11	66648.2429734704	
