	dmso-mut	drug-mut
0	44.476190476190474	139.16666666666666
1	124.0	108.52380952380952
2	82.85714285714286	279.1666666666667
3	169.92857142857142	181.1904761904762
4	262.7857142857143	147.21428571428572
5	30.285714285714285	165.38095238095238
6	132.07142857142858	211.71428571428572
7	76.5952380952381	218.85714285714286
8	243.57142857142858	98.54761904761905
9	268.9761904761905	173.92857142857142
10	129.11904761904762	
11	86.5952380952381	
