	dmso-mut	drug-mut
0	1.180684514639293	0.9250396981170448
1	1.2665855902111876	1.2421452033556086
2	1.5671697064610475	1.2643593485035007
3	1.41961663600897	1.259164428525196
4	1.6442461804545783	1.6502356226243555
5	1.7906212664997	1.3281017114707487
6	1.504112920596574	1.4230321313894987
7	1.897520256057058	1.4484455930263043
8	1.6341696300097595	1.6847727412431521
9	1.7410528867505468	1.6372680859956124
10	1.8918260975672265	
11	1.7170330523263924	
