	dmso-mut	drug-mut
0	0.7532207074845845	0.6614911552446759
1	1.087997421206692	1.1548874608477047
2	1.2303300020781074	1.1279585090706787
3	1.1428148203617714	1.0906374648640267
4	0.8787713090356792	1.7393391128305318
5	1.4108569944206004	0.8241683694865924
6	1.368347104128505	1.301710917460142
7	1.46520736317663	1.2947657640418382
8	1.3754648276553174	1.23781068259852
9	1.251941814034385	1.2715472685402829
10	1.3488768311801929	
11	1.1801292784722572	
