	dmso-mut	drug-mut
0	201.32237461002416	181.0952012083834
1	201.90230932024244	181.63837627254148
2	220.43187568901251	280.9775129585744
3	254.1367602744902	257.0511155936688
4	231.14517125000722	186.12855006077146
5	280.16771584596194	362.17855322943245
6	307.5738238371056	207.3384690345
7	229.47033660386197	313.9118685409242
8	239.61972005939515	324.2929618666817
9	265.62349186642103	251.4233652021134
10	333.70850774219645	
11	196.11630318013627	
