	dmso-mut	drug-mut
0	1.4285714285714286	1.5476190476190477
1	1.6428571428571428	1.7142857142857142
2	1.0	1.4523809523809523
3	1.119047619047619	1.3571428571428572
4	1.1428571428571428	0.9047619047619048
5	1.6666666666666667	2.261904761904762
6	1.9523809523809523	0.8809523809523809
7	1.6666666666666667	0.8809523809523809
8	0.9047619047619048	1.3571428571428572
9	1.880952380952381	1.7380952380952381
10	1.4047619047619047	
11	1.6904761904761905	
