	dmso-mut	drug-mut
0	4.4523809523809526	8.69047619047619
1	9.928571428571429	10.0
2	4.666666666666667	8.452380952380953
3	9.714285714285714	6.833333333333333
4	8.857142857142858	4.904761904761905
5	6.357142857142857	7.261904761904762
6	8.404761904761905	10.0
7	7.261904761904762	7.738095238095238
8	9.904761904761905	5.0476190476190474
9	9.619047619047619	8.714285714285714
10	8.238095238095237	
11	8.80952380952381	
