	dmso-mut	drug-mut
0	5.7	7.477777777777778
1	6.8	7.263888888888889
2	5.730555555555555	6.783333333333333
3	6.811111111111111	5.502777777777778
4	7.238888888888889	5.425
5	5.466666666666667	6.3
6	6.791666666666667	7.311111111111111
7	7.413888888888889	7.583333333333333
8	7.177777777777778	5.0472222222222225
9	7.108333333333333	7.9527777777777775
10	6.219444444444444	
11	7.475	
