	dmso-mut	drug-mut
0	0.8095238095238095	1.0
1	0.6190476190476191	1.619047619047619
2	1.3571428571428572	1.2380952380952381
3	0.9761904761904762	1.0238095238095237
4	0.6904761904761905	0.6190476190476191
5	3.0714285714285716	1.5476190476190477
6	1.8333333333333333	0.30952380952380953
7	2.4523809523809526	0.7857142857142857
8	0.35714285714285715	1.5714285714285714
9	0.7142857142857143	1.3095238095238095
10	0.4523809523809524	
11	2.357142857142857	
