	dmso-mut	drug-mut
0	2.4	2.55
1	2.1	2.466666666666667
2	1.8	3.316666666666667
3	1.7333333333333334	1.4
4	2.75	0.8666666666666667
5	1.6833333333333333	1.2333333333333334
6	2.716666666666667	1.5166666666666666
7	2.2333333333333334	1.9
8	2.6	2.7666666666666666
9	2.566666666666667	3.183333333333333
10	2.35	
11	2.8833333333333333	
