	dmso-mut	drug-mut
0	8.571428571428571	9.714285714285714
1	10.285714285714286	10.571428571428571
2	5.571428571428571	9.142857142857142
3	6.857142857142857	8.714285714285714
4	7.142857142857143	5.428571428571429
5	9.857142857142858	13.571428571428571
6	11.857142857142858	5.285714285714286
7	9.571428571428571	5.714285714285714
8	5.714285714285714	8.714285714285714
9	11.285714285714286	10.714285714285714
10	8.428571428571429	
11	10.571428571428571	
