	dmso-mut	drug-mut
0	240.62188016376615	159.64761225654428
1	217.80682180495785	173.2254041418773
2	237.45053934832666	237.4750118215108
3	219.79561203972224	228.42627300725007
4	209.791884209724	264.1842128809175
5	299.63179490006985	205.47242833087807
6	327.3869716045378	209.4401973599552
7	284.4128996040355	226.96840119272002
8	226.56523018492942	234.95958011435994
9	308.2518193500857	229.93671082523286
10	321.2888043308611	
11	214.33404102309387	
