	dmso-mut	drug-mut
0	23.0	40.0
1	49.857142857142854	55.0
2	36.285714285714285	51.285714285714285
3	33.714285714285715	38.857142857142854
4	45.285714285714285	32.42857142857143
5	44.42857142857143	43.857142857142854
6	36.285714285714285	48.857142857142854
7	36.42857142857143	55.57142857142857
8	39.714285714285715	40.0
9	48.285714285714285	46.857142857142854
10	53.42857142857143	
11	46.142857142857146	
