	dmso-mut	drug-mut
0	496.56666666666666	751.1166666666667
1	1078.1833333333334	1197.0
2	507.45	740.1833333333333
3	768.55	710.2333333333333
4	1112.85	684.9166666666666
5	656.1	586.1666666666666
6	395.21666666666664	1487.1833333333334
7	660.5	874.15
8	793.95	343.8833333333333
9	935.3333333333334	1041.0333333333333
10	617.2666666666667	
11	670.3833333333333	
