	dmso-mut	drug-mut
0	1.0850480844048451	0.883653240431829
1	1.2786029781644221	1.216033989468157
2	1.4476213247808078	1.2187622776494522
3	1.4046049316558225	1.190433792554122
4	1.6130935975709757	1.4396627411125165
5	1.6491932038308454	1.3658229347420845
6	1.5231745865548214	1.4089839043875205
7	1.8405082872161238	1.5085931657036569
8	1.514415567266426	1.5772342163075144
9	1.751235782387924	1.5992982675952998
10	1.8148132192360564	
11	1.646322735838916	
