	dmso-mut	drug-mut
0	234.54861641330908	159.91874125324176
1	220.55505082705992	172.50825752980597
2	241.40316496111373	231.59015132372232
3	229.2347535883652	221.94863209312484
4	222.57881701853177	251.8734889053634
5	321.20414773616267	203.79428650638042
6	324.02230867358304	224.84742608729235
7	290.55286125569796	224.1137571859079
8	234.9575603287724	247.43644177448445
9	308.4655399545236	238.25289460058275
10	323.1409695326671	
11	220.49849427960447	
