	dmso-mut	drug-mut
0	72650.83797165898	61716.38137416459
1	14710.64825791338	19607.46379681692
2	78375.04814708528	5831.800363379407
3	31624.646601291588	8846.569414987849
4	7290.696169306592	42663.71909036497
5	34645.08049121766	37469.94446420394
6	15634.475229658208	66041.37005958936
7	72905.10498454057	6644.770067301102
8	33702.50324796482	6591.328858244164
9	5539.965898275063	50992.0208563506
10	5011.844562497336	
11	38865.57534288326	
