	dmso-mut	drug-mut
0	321.35714285714283	641.5
1	667.7857142857143	610.8571428571429
2	751.8571428571429	1615.0
3	762.9285714285714	1010.4285714285714
4	1363.2857142857142	1115.357142857143
5	611.1428571428571	787.7142857142857
6	787.0	1109.7142857142858
7	573.9285714285714	1330.5
8	1087.0714285714287	881.2142857142857
9	1374.642857142857	808.6428571428571
10	963.7857142857143	
11	555.4285714285714	
