	dmso-mut	drug-mut
0	145.94646621642784	172.3046495702188
1	162.0565826045471	162.81947021150535
2	225.74790259075237	245.35531682235052
3	246.86747274108933	260.39941456371275
4	200.66562803216107	207.9876115123181
5	228.77624314442346	302.72055776304757
6	289.0302754281536	194.8717545803528
7	196.028017729042	270.5212682331929
8	235.24395040304378	400.41166260661174
9	274.2540506533529	206.27365448457053
10	317.11861370798	
11	181.20624470763684	
