	dmso-mut	drug-mut
0	40445.59749973474	15337.869908979472
1	82422.8230813549	84024.77145165067
2	36285.26323441719	32287.42193837717
3	149187.72387878544	160630.81020119382
4	36278.86956283246	127782.90829048818
5	41852.89977980224	21729.47425012281
6	30914.25967900561	76269.38218888028
7	82758.88636916106	13279.204037418505
8	43340.559960262566	49823.56044401993
9	16564.76259729492	37100.90016955352
10	28210.980424686346	
11	43969.26738327724	
