	dmso-mut	drug-mut
0	176.65706216850697	110.6822477323753
1	238.9445343889185	198.94191140656352
2	315.8432834594928	270.1626144003783
3	285.78899046292906	229.22444457055738
4	191.23180385578374	520.6091687233878
5	530.7667040283005	239.75368567742026
6	460.30808694103257	273.4486635904051
7	416.1276638811696	299.74154712813396
8	281.6648235787394	366.51633028587423
9	407.09290749608294	301.10445691720014
10	458.0221709069287	
11	260.60711899688147	
