	dmso-mut	drug-mut
0	0.1792768719047125	0.5146833936248796
1	0.16198056017915463	0.3404999664938097
2	0.5270898005692188	1.232317726851239
3	0.7120371618141579	1.3041411731410182
4	0.5578295704966925	0.7034242072657073
5	0.3900157793241869	1.3769926674598978
6	1.739845439599117	0.6224046311267986
7	0.5752381404884672	1.0882668201081513
8	0.8998241461317085	2.3263774392206966
9	1.4396152976205268	0.7189411677721748
10	1.4537217726696023	
11	0.5132530055228652	
