	dmso-mut	drug-mut
0	490.2857142857143	837.1428571428571
1	1196.142857142857	1454.7142857142858
2	1210.5714285714287	1667.4285714285713
3	710.7142857142857	1085.0
4	1201.2857142857142	1233.4285714285713
5	1230.4285714285713	586.2857142857143
6	625.4285714285714	1689.857142857143
7	698.8571428571429	1419.0
8	1154.857142857143	1025.5714285714287
9	1124.4285714285713	824.1428571428571
10	1275.142857142857	
11	753.4285714285714	
