	dmso-mut	drug-mut
0	0.7399892546159256	0.6523279227141301
1	1.1052098880111878	1.1506982827048102
2	1.2249938585039895	1.153133671453526
3	1.1436674978199444	0.9817902831937734
4	0.7686059037298497	1.7328149551204686
5	1.447178316492166	0.85206826913515
6	1.3595453640591018	1.2541657973422928
7	1.3816397204663726	1.2736234461769953
8	1.1694845676630965	1.2965145216525649
9	1.1995481179539889	1.2291741640052847
10	1.3177572785626845	
11	1.0581766901175873	
