	dmso-mut	drug-mut
0	0.9187480429368104	0.8419366646527305
1	1.2885971196716366	1.1800915620849832
2	1.2754339109428416	1.1656714005326467
3	1.3866719637991458	1.116559706744679
4	1.5614109622840457	1.2184496673920804
5	1.4328211417306405	1.3692779724155975
6	1.5181803099190572	1.386047532747483
7	1.7186126884551025	1.4494510144954278
8	1.3965002366802461	1.2851337628324508
9	1.7561009920228197	1.552830387402221
10	1.6995867959732756	
11	1.503721712177242	
