	dmso-mut	drug-mut
0	503.42857142857144	861.8571428571429
1	1245.7142857142858	1596.857142857143
2	1222.5714285714287	1692.0
3	729.5714285714286	1093.7142857142858
4	1225.142857142857	1243.0
5	1249.4285714285713	627.5714285714286
6	638.2857142857143	1735.857142857143
7	714.5714285714286	1437.7142857142858
8	1171.857142857143	1036.5714285714287
9	1147.142857142857	856.2857142857143
10	1291.0	
11	819.0	
