	dmso-mut	drug-mut
0	5.285714285714286	5.714285714285714
1	3.5714285714285716	9.714285714285714
2	8.428571428571429	7.142857142857143
3	5.857142857142857	5.857142857142857
4	4.142857142857143	3.857142857142857
5	18.428571428571427	9.428571428571429
6	10.857142857142858	2.0
7	15.0	4.714285714285714
8	2.142857142857143	9.428571428571429
9	4.428571428571429	7.857142857142857
10	2.857142857142857	
11	13.857142857142858	
