	dmso-mut	drug-mut
0	167.49386113937194	157.86168787933306
1	175.1428028028124	164.09514663791393
2	196.2757610988185	215.6172459839939
3	328.71062507327457	203.36464869603142
4	256.44001673070863	229.2747536220202
5	265.70343065627713	278.1721962994085
6	418.9686515253478	194.347619042763
7	221.5451358241488	278.3681616674181
8	222.56397356248772	323.4679915334024
9	291.00117757756533	225.44627361698068
10	322.6199076195036	
11	217.20404406752473	
