	dmso-mut	drug-mut
0	2.6216666666666666	5.621666666666667
1	1.3983333333333334	1.315
2	3.66	2.4183333333333334
3	1.3366666666666667	1.2616666666666667
4	2.43	1.6333333333333333
5	1.9283333333333332	10.431666666666667
6	3.02	1.675
7	1.3016666666666667	6.915
8	2.09	2.4116666666666666
9	4.218333333333334	2.1866666666666665
10	2.91	
11	1.9	
