	dmso-wt	dmso-het
0	145.33333333333334	158.47619047619048
1	176.9047619047619	101.0
2	65.78571428571429	255.47619047619048
3	85.83333333333333	183.0952380952381
4	84.11904761904762	347.64285714285717
5	73.69047619047619	258.95238095238096
6	140.61904761904762	345.0238095238095
7	46.42857142857143	237.9047619047619
8	229.88095238095238	170.73809523809524
9	132.95238095238096	202.57142857142858
10	244.78571428571428	
