	dmso-wt	dmso-het
0	160.0952380952381	165.88095238095238
1	260.45238095238096	108.42857142857143
2	53.214285714285715	139.11904761904762
3	116.35714285714286	445.6190476190476
4	64.16666666666667	230.88095238095238
5	39.88095238095238	459.35714285714283
6	191.95238095238096	327.85714285714283
7	37.285714285714285	342.57142857142856
8	280.8095238095238	188.02380952380952
9	252.42857142857142	166.92857142857142
10	269.4761904761905	
