	dmso-wt	dmso-het
0	515.21875	342.6875
1	652.109375	378.625
2	234.921875	750.515625
3	292.875	875.734375
4	305.015625	906.9375
5	387.046875	1092.78125
6	746.40625	1070.0
7	222.140625	1228.9375
8	738.953125	642.765625
9	606.71875	548.75
10	950.125	
