	dmso-wt	dmso-het
0	166.61904761904762	193.92857142857142
1	202.95238095238096	127.9047619047619
2	60.95238095238095	302.54761904761904
3	86.83333333333333	269.1904761904762
4	66.95238095238095	405.3333333333333
5	70.66666666666667	346.5
6	163.0952380952381	451.2857142857143
7	52.214285714285715	322.23809523809524
8	296.3095238095238	204.28571428571428
9	169.85714285714286	221.5952380952381
10	273.9761904761905	
