	dmso-wt	dmso-het
0	965.1428571428571	1066.7142857142858
1	1356.2857142857142	706.2857142857143
2	338.57142857142856	1322.357142857143
3	603.5714285714286	2065.8571428571427
4	390.42857142857144	1884.142857142857
5	332.0	2360.285714285714
6	1054.2142857142858	2327.785714285714
7	257.57142857142856	1975.5714285714287
8	1682.5	1147.5
9	1243.0	1146.2142857142858
10	1609.357142857143	
