	dmso-wt	dmso-het
0	85.0971128608924	57.25459317585302
1	109.53543307086615	63.53018372703412
2	39.06561679790026	125.80577427821522
3	49.196850393700785	147.0997375328084
4	51.23359580052493	151.82677165354332
5	64.81889763779527	183.54593175853017
6	125.36482939632546	179.6955380577428
7	37.00787401574803	206.3044619422572
8	123.88976377952756	107.93175853018373
9	101.2992125984252	91.99737532808399
10	159.52230971128608	
