	dmso-wt	dmso-het
0	1008.2857142857143	1032.0
1	1668.4285714285713	684.0
2	336.42857142857144	923.1428571428571
3	711.8571428571429	2645.1428571428573
4	417.14285714285717	1474.142857142857
5	261.0	2761.4285714285716
6	1231.857142857143	2416.5714285714284
7	212.57142857142858	2352.1428571428573
8	1622.2857142857142	1103.142857142857
9	1556.5714285714287	1047.7142857142858
10	1736.4285714285713	
