	dmso-mut	drug-mut
0	1221.142857142857	345.57142857142856
1	591.4285714285714	87.85714285714286
2	647.7142857142857	86.85714285714286
3	955.7142857142857	32.857142857142854
4	162.0	112.42857142857143
5	564.8571428571429	52.0
6	209.85714285714286	340.85714285714283
7	2157.0	296.57142857142856
8	705.2857142857143	171.57142857142858
9	1247.0	171.0
10	1526.0	84.57142857142857
11	383.7142857142857	187.85714285714286
12	409.57142857142856	188.0
13	1087.2857142857142	
14	565.7142857142857	
