	dmso-het	drug-het
0	518.453125	1080.359375
1	403.125	519.0
2	840.984375	793.328125
3	573.234375	449.3125
4	864.890625	872.28125
5	1103.921875	1093.75
6	313.359375	829.90625
7	939.8125	1029.5625
8	521.0	1101.328125
9	770.875	964.671875
10	912.859375	921.03125
11	851.53125	727.421875
12	623.125	769.5625
13	973.46875	483.859375
14	619.34375	1155.59375
15	731.78125	484.3125
