	dmso-het	drug-het
0	629.84375	1161.671875
1	471.78125	658.65625
2	811.046875	887.5
3	629.90625	630.1875
4	839.03125	922.6875
5	917.890625	1020.140625
6	372.234375	944.1875
7	941.78125	963.5
8	529.0625	1107.96875
9	683.203125	1077.671875
10	992.75	998.046875
11	898.890625	805.140625
12	717.796875	748.546875
13	901.25	580.1875
14	654.296875	1112.0625
15	734.34375	461.6875
