	dmso-wt	drug-wt
0	12.05	20.133333333333333
1	2.6166666666666667	21.216666666666665
2	40.45	21.55
3	30.966666666666665	10.35
4	18.55	20.783333333333335
5	18.95	33.15
6	5.2	75.63333333333334
7	7.533333333333333	18.633333333333333
8	11.4	26.366666666666667
9	22.45	12.683333333333334
10	26.083333333333332	22.2
11	22.416666666666668	68.66666666666667
12	51.53333333333333	24.616666666666667
13	29.816666666666666	
14	62.583333333333336	
