	dmso-wt	dmso-het
0	1.0780881679634753	0.986786479787947
1	1.0782826448869234	0.9635743516304393
2	1.0378160231963522	1.266394539862264
3	1.0285826789031511	1.2418243988345754
4	1.3015875129902013	1.1993043944328245
5	1.1898799916895366	1.1699359688943953
6	1.0844581328360385	1.1239896976390085
7	0.9558344195513474	1.0575532078191312
8	1.134557341853196	0.969072600127871
9	1.395403082778842	1.0378545909364552
