	dmso-wt	dmso-het
0	1035.7142857142858	372.57142857142856
1	523.0	362.2857142857143
2	289.2857142857143	587.2857142857143
3	522.7142857142857	1311.0
4	1669.142857142857	832.2857142857143
5	644.7142857142857	1170.5714285714287
6	682.2857142857143	1143.5714285714287
7	1103.2857142857142	1326.7142857142858
8	1626.7142857142858	2080.5714285714284
9	1713.0	1972.142857142857
