	dmso-wt	dmso-het
0	5.369047619047619	4.654761904761905
1	5.607142857142857	5.380952380952381
2	7.214285714285714	3.761904761904762
3	6.869047619047619	7.964285714285714
4	7.380952380952381	9.142857142857142
5	6.654761904761905	8.583333333333334
6	6.023809523809524	9.380952380952381
7	9.464285714285714	9.535714285714286
8	9.845238095238095	9.773809523809524
9	9.976190476190476	9.976190476190476
