	dmso-wt	dmso-het
0	11.81765784647629	8.202515064186533
1	5.247838616714698	10.672779669897826
2	3.408959916164527	7.187581870578989
3	9.059470788577416	13.679329316216924
4	14.371233953366518	9.708409745873723
5	9.466334817919833	16.360492533403196
6	8.615666753995285	17.11474980351061
7	18.28058684831019	14.68430704741944
8	19.833376997642127	24.847786219544144
9	23.99947602829447	26.269059470788577
