	dmso-wt	dmso-het
0	34.359375	32.421875
1	22.9375	40.859375
2	29.65625	18.25
3	36.421875	40.640625
4	34.453125	43.171875
5	40.296875	48.21875
6	40.265625	54.390625
7	53.375	51.8125
8	55.296875	56.03125
9	58.625	58.90625
