	dmso-wt	dmso-het
0	186.2127805722803	187.6467036093289
1	205.04186669919028	211.19967532164122
2	170.73201010486818	270.9504871252749
3	345.01890803591743	220.46905409138625
4	189.7943700666611	197.0511376682732
5	129.70320494335238	154.87997468993598
6	305.57643413823723	192.67425288077843
7	149.27438231817646	173.01759149631295
8	117.89165103793668	166.40055984541593
9	133.34640081274307	138.87182456360654
