	dmso-wt	dmso-het
0	0.1879229066108166	0.5932095579542185
1	0.6306266410135494	0.9299102238991079
2	0.6581309335099856	0.8971588196891982
3	0.5955319544395946	0.4720115908727574
4	0.3995208987414865	0.43940236792607384
5	0.594505809479904	0.43664649115299115
6	1.0537994094426542	0.5638428038327479
7	0.32262750645009913	0.38131275896378086
8	0.46284293230790663	0.5000243225770367
9	0.44543642695239544	0.487664107037851
