	dmso-wt	dmso-het
0	2.55	1.6
1	2.25	3.5166666666666666
2	4.033333333333333	1.7
3	3.8833333333333333	5.333333333333333
4	1.8	3.6333333333333333
5	5.033333333333333	5.75
6	4.783333333333333	8.166666666666666
7	5.3	8.616666666666667
8	6.783333333333333	6.516666666666667
9	9.333333333333334	9.066666666666666
