	dmso-wt	dmso-het
0	1.062402779150404	0.9456200623156658
1	1.0296505721688796	0.9084020071940618
2	1.010273602088528	1.2298036923122633
3	0.844583374284087	1.1821949206976556
4	1.2830301790228487	1.1705461680851887
5	1.0725929713054851	1.108566825555141
6	1.1351094584627202	1.0621940369425498
7	0.9283287960788327	0.9696551920441208
8	1.1093702289844511	0.9510634630150071
9	1.56783875549786	1.0361682671673305
