	dmso-wt	dmso-het
0	1.0347302601348973	0.7853966570532888
1	0.9545648878583542	0.858166458858231
2	0.90223904075873	1.0257450140872337
3	0.9334931876273661	1.0708125096229177
4	1.1779040852845057	1.118561396368401
5	0.9908781652938592	1.017499660746933
6	0.918601228596997	1.0039337802268498
7	1.0215500535323299	0.9841125119863338
8	0.9237571006485121	0.9662950342884744
9	1.1750444165284863	0.9652541184711236
