	dmso-wt	dmso-het
0	0.12466370865387058	0.2280385831835294
1	0.11049256344656855	0.412602943014461
2	0.2560972467558369	0.18255211655106016
3	0.47462201846779917	0.42714772368255555
4	0.10684493821777699	0.12883052805069284
5	0.36117985034297695	0.24440549168578157
6	0.36062626276042664	0.3808898921491446
7	0.11369007856159445	0.3204592584945253
8	0.13517261064101405	0.3039843308876311
9	0.16349783032021434	0.21058968982677742
