	dmso-wt	dmso-het
0	363.7142857142857	422.7142857142857
1	504.14285714285717	348.42857142857144
2	294.57142857142856	697.7142857142857
3	315.7142857142857	806.7857142857143
4	536.8571428571429	472.0
5	326.92857142857144	501.0
6	389.85714285714283	628.5714285714286
7	541.6428571428571	732.5
8	849.4285714285714	780.0
9	431.7857142857143	706.1428571428571
