	dmso-wt	dmso-het
0	5.761904761904762	4.595238095238095
1	4.142857142857143	4.738095238095238
2	6.166666666666667	3.1904761904761907
3	6.642857142857143	8.166666666666666
4	8.714285714285714	9.428571428571429
5	6.928571428571429	8.595238095238095
6	7.261904761904762	9.571428571428571
7	9.476190476190476	9.166666666666666
8	9.928571428571429	9.976190476190476
9	9.976190476190476	9.976190476190476
