	dmso-wt	dmso-het
0	162880.11095128185	218844.44599390877
1	227452.27744735708	79250.93137942445
2	103321.05922299056	412166.45756066736
3	61279.903466941476	23519.888296889832
4	429473.00794604426	91392.556018344
5	35272.92482906424	75070.1094438421
6	45910.067442911815	13486.309487921433
7	74301.5236530631	15058.208276737543
8	613345.5494299292	25145.846555333617
9	65882.25697313008	50584.73519126168
