	dmso-wt	dmso-het
0	12.623809523809523	13.735714285714286
1	15.883333333333333	8.476190476190476
2	8.121428571428572	16.483333333333334
3	11.814285714285715	28.11904761904762
4	15.592857142857143	17.05
5	12.804761904761905	18.873809523809523
6	9.073809523809524	21.676190476190477
7	23.545238095238094	29.3
8	31.478571428571428	23.51904761904762
9	29.945238095238096	29.57857142857143
