	dmso-wt	dmso-het
0	861.8571428571429	553.6428571428571
1	673.2857142857143	441.92857142857144
2	371.0	832.0714285714286
3	606.5714285714286	1444.7142857142858
4	1270.642857142857	886.2857142857143
5	678.9285714285714	1055.5714285714287
6	546.5714285714286	1211.4285714285713
7	1213.0714285714287	1471.2142857142858
8	1706.7857142857142	1706.642857142857
9	1755.7142857142858	1868.9285714285713
