	dmso-wt	dmso-het
0	14.536904761904761	9.15
1	11.210714285714285	7.310714285714286
2	6.272619047619048	12.542857142857143
3	9.772619047619047	24.28214285714286
4	22.43095238095238	15.458333333333334
5	11.346428571428572	17.84404761904762
6	9.513095238095238	20.370238095238093
7	20.726190476190474	24.402380952380952
8	29.225	29.04642857142857
9	29.488095238095237	31.129761904761907
