	dmso-wt	dmso-het
0	4.976190476190476	4.714285714285714
1	7.071428571428571	6.023809523809524
2	8.261904761904763	4.333333333333333
3	7.095238095238095	7.761904761904762
4	6.0476190476190474	8.857142857142858
5	6.380952380952381	8.571428571428571
6	4.785714285714286	9.19047619047619
7	9.452380952380953	9.904761904761905
8	9.761904761904763	9.571428571428571
9	9.976190476190476	9.976190476190476
