	dmso-het	drug-het
0	114.02380952380952	92.0952380952381
1	122.85714285714286	4.285714285714286
2	94.47619047619048	11.523809523809524
3	25.452380952380953	106.61904761904762
4	109.26190476190476	36.523809523809526
5	258.1190476190476	20.904761904761905
6	91.80952380952381	13.904761904761905
7	133.11904761904762	54.214285714285715
8	331.04761904761904	33.30952380952381
9	176.6904761904762	120.35714285714286
10	187.73809523809524	139.76190476190476
11	221.95238095238096	135.04761904761904
