	dmso-het	drug-het
0	128.69166666666666	68.15
1	75.52222222222223	28.169444444444444
2	67.10277777777777	25.905555555555555
3	42.2	52.44722222222222
4	58.78055555555556	48.05833333333333
5	157.9138888888889	23.830555555555556
6	81.09722222222223	20.18888888888889
7	92.19166666666666	71.22777777777777
8	164.625	29.08888888888889
9	102.03055555555555	64.48611111111111
10	62.9	64.76388888888889
11	130.4138888888889	80.8861111111111
