	dmso-het	drug-het
0	702.2857142857143	556.5714285714286
1	767.2857142857143	27.0
2	613.2857142857143	73.71428571428571
3	159.14285714285714	654.2857142857143
4	667.5714285714286	221.71428571428572
5	1612.5714285714287	131.42857142857142
6	558.0	89.85714285714286
7	834.2857142857143	333.2857142857143
8	2054.0	226.85714285714286
9	1081.4285714285713	754.0
10	1131.2857142857142	905.1428571428571
11	1360.0	843.8571428571429
