	dmso-het	drug-het
0	1844.0714285714287	471.5
1	673.2142857142857	108.92857142857143
2	870.5714285714286	85.78571428571429
3	800.1428571428571	511.07142857142856
4	723.2142857142857	306.85714285714283
5	2244.0	141.57142857142858
6	609.0	150.78571428571428
7	919.8571428571429	557.6428571428571
8	1801.7142857142858	259.7142857142857
9	1302.0	759.2142857142857
10	939.6428571428571	1082.7857142857142
11	1380.5714285714287	1138.4285714285713
