	dmso-het	drug-het
0	307.1547619047619	79.94047619047619
1	111.60714285714286	17.88095238095238
2	145.54761904761904	14.392857142857142
3	133.16666666666666	85.97619047619048
4	121.64285714285714	51.86904761904762
5	372.6666666666667	23.44047619047619
6	101.52380952380952	24.952380952380953
7	154.01190476190476	93.23809523809524
8	305.14285714285717	43.13095238095238
9	214.76190476190476	127.60714285714286
10	158.07142857142858	181.3095238095238
11	230.91666666666666	190.41666666666666
