	dmso-wt	drug-wt
0	23.0	60.0
1	56.714285714285715	30.714285714285715
2	56.142857142857146	60.0
3	60.0	60.0
4	56.42857142857143	52.714285714285715
5	45.0	60.0
6	47.285714285714285	60.0
7	54.857142857142854	60.0
8	55.57142857142857	59.857142857142854
9	54.57142857142857	60.0
10		59.714285714285715
11		59.714285714285715
12		57.714285714285715
13		58.57142857142857
