	dmso-wt	drug-wt
0	157113.15109310267	7699.240217665806
1	7763.723450755986	18125.53590631045
2	4584.474035541348	10045.093990556874
3	4033.9407034461133	1469.362589984366
4	7082.176165906053	22788.537249113622
5	81309.85970014546	6332.764772195242
6	37681.427955372696	6264.690292098479
7	8432.215116869987	4745.597314207289
8	18963.330212036377	5656.089475233382
9	18025.349183899274	1930.3259223228915
10		1874.550856995565
11		1812.5563885350982
12		3600.0799364652844
13		6942.312258809267
