	dmso-wt	drug-wt
0	862.4285714285714	1798.0
1	1036.4285714285713	694.0
2	1281.7142857142858	1704.142857142857
3	2092.1428571428573	2390.1428571428573
4	483.14285714285717	635.4285714285714
5	731.7142857142857	2066.714285714286
6	428.85714285714283	1700.4285714285713
7	1305.142857142857	1595.0
8	481.42857142857144	1950.857142857143
9	838.2857142857143	1763.5714285714287
10		1824.857142857143
11		1384.142857142857
12		1288.0
13		917.1428571428571
