	dmso-wt	drug-wt
0	261.618357732112	116.01098032730059
1	260.0403278120812	159.82673138942843
2	261.365241220832	148.61475460803118
3	276.6993095821664	210.31301970956312
4	243.5491600961721	216.03593194919307
5	206.71469914340545	222.93315080426825
6	234.89219232465635	192.93817055241456
7	237.02336801830396	199.40242907673476
8	216.04522060122895	254.17579612990136
9	249.98025971360033	329.67678477395816
10		365.7633788181455
11		338.37995087882035
12		296.9456473060705
13		341.2860548932012
