	dmso-wt	drug-wt
0	259.0045907775168	114.94032827520812
1	250.10838567399148	157.22533990798604
2	245.7535939746986	148.618075744611
3	266.8068684870196	207.44847870382313
4	232.15752257221635	213.95339599061003
5	201.5018643870011	213.5491662439908
6	222.9628182369806	189.52681893970907
7	231.3576599878934	198.65057917903377
8	191.28013383971103	251.51450235755718
9	224.54623449912827	324.8939207153404
10		356.5916725284862
11		335.01135854340106
12		292.4882702672591
13		338.40330928201564
