	dmso-wt	drug-wt
0	27.642857142857142	59.57142857142857
1	52.714285714285715	29.285714285714285
2	53.642857142857146	59.642857142857146
3	58.5	59.214285714285715
4	54.42857142857143	47.357142857142854
5	46.785714285714285	60.0
6	49.07142857142857	60.0
7	54.714285714285715	59.642857142857146
8	54.714285714285715	59.92857142857143
9	53.07142857142857	59.714285714285715
10		58.285714285714285
11		57.785714285714285
12		53.285714285714285
13		56.857142857142854
