	dmso-wt	drug-wt
0	677.0	550.4285714285714
1	1099.857142857143	414.85714285714283
2	924.0	443.57142857142856
3	901.2857142857143	2270.5714285714284
4	578.7142857142857	925.2857142857143
5	412.57142857142856	774.8571428571429
6	262.0	636.0
7	805.5714285714286	826.5714285714286
8	605.5714285714286	898.1428571428571
9	969.5714285714286	1730.4285714285713
10		1718.7142857142858
11		1794.4285714285713
12		1195.0
13		822.4285714285714
