	dmso-wt	drug-wt
0	6.785714285714286	11.0
1	7.5	8.785714285714286
2	8.071428571428571	11.357142857142858
3	3.0714285714285716	1.4285714285714286
4	13.5	9.357142857142858
5	11.5	3.0714285714285716
6	13.857142857142858	1.7142857142857142
7	11.214285714285714	5.571428571428571
8	13.071428571428571	2.7142857142857144
9	12.142857142857142	1.0
10		3.2142857142857144
11		2.142857142857143
12		8.928571428571429
13		8.071428571428571
