	dmso-wt	drug-wt
0	186.31717231268243	132.3629214368198
1	209.3700458112145	157.81097730374026
2	210.1540109090259	135.64477779010502
3	216.23277755489596	176.6469798912279
4	210.7172304059297	175.69511406571684
5	195.885167116938	199.9104561955867
6	217.0437354016005	189.69334210747056
7	205.00398923504153	203.46660082509524
8	202.90530125678583	182.83040671926602
9	199.23641675369666	166.93516416791758
10		238.29430293161815
11		253.23881722627252
12		217.120415185561
13		221.04440431437567
