	dmso-wt	drug-wt
0	210.0928827745875	132.7911563713949
1	184.40608211898837	168.12939087746483
2	177.21439940367262	133.25886133320282
3	231.1108566900138	191.62147734879144
4	173.94273469684057	188.50771499877212
5	187.00354735947766	193.7359666671699
6	163.90189347291798	147.6911814884133
7	186.3288926969626	161.65463157172957
8	165.92448089840246	160.4378779582606
9	163.13152324386823	206.2048237742079
10		261.31210918267936
11		237.2381916282418
12		213.65050904397833
13		192.5568097846812
