	dmso-wt	drug-wt
0	768.7903225806451	1181.2903225806451
1	789.7903225806451	648.0806451612904
2	937.2903225806451	1218.1451612903227
3	1113.9516129032259	1469.3870967741937
4	713.983870967742	961.7741935483871
5	638.9516129032259	953.8548387096774
6	476.5483870967742	1003.0645161290323
7	838.258064516129	1090.6451612903227
8	694.2741935483871	1372.7096774193549
9	857.016129032258	1309.8709677419354
10		1301.2903225806451
11		1121.7096774193549
12		1046.016129032258
13		1002.3709677419355
