	dmso-wt	drug-wt
0	736.5714285714286	504.7142857142857
1	925.7857142857143	366.2142857142857
2	903.0714285714286	441.35714285714283
3	909.7142857142857	2210.3571428571427
4	478.64285714285717	787.2857142857143
5	519.1428571428571	1317.142857142857
6	323.64285714285717	739.1428571428571
7	960.7857142857143	672.7857142857143
8	477.14285714285717	958.7142857142857
9	851.5714285714286	1389.642857142857
10		1660.357142857143
11		1484.7857142857142
12		1279.857142857143
13		756.2142857142857
