	dmso-wt	drug-wt
0	700.1428571428571	1829.7142857142858
1	1368.5714285714287	539.1428571428571
2	1740.4285714285713	2094.4285714285716
3	2082.8571428571427	2789.8571428571427
4	748.0	1184.5714285714287
5	485.0	1287.142857142857
6	323.14285714285717	1407.7142857142858
7	1032.5714285714287	2357.4285714285716
8	760.2857142857143	1892.5714285714287
9	1091.857142857143	2732.5714285714284
10		1959.4285714285713
11		2125.285714285714
12		1448.0
13		1273.4285714285713
