	dmso-wt	drug-wt
0	278.8281815681661	141.85099247165337
1	268.30048918965025	176.62986073956424
2	262.4793979691652	157.58541010679625
3	295.81744692532544	224.7235289225651
4	214.78517866234895	191.99133526801188
5	184.2528099138889	198.19088340313812
6	177.54096520403345	166.85131591292114
7	251.3160782261891	207.09444361741294
8	174.88050453928983	238.9983955287576
9	198.1901735322509	293.2723167849138
10		353.4109251444038
11		321.2882683691141
12		296.6423913182284
13		265.28877767437893
