	dmso-wt	drug-wt
0	1.130952380952381	1.7619047619047619
1	1.2023809523809523	1.4285714285714286
2	1.2380952380952381	1.7380952380952381
3	0.3333333333333333	0.10714285714285714
4	2.2857142857142856	1.369047619047619
5	1.9523809523809523	0.5119047619047619
6	2.2857142857142856	0.19047619047619047
7	1.869047619047619	0.9285714285714286
8	2.2142857142857144	0.42857142857142855
9	2.0952380952380953	0.047619047619047616
10		0.38095238095238093
11		0.25
12		1.3928571428571428
13		1.2738095238095237
