	dmso-wt	drug-wt
0	287.92333657362667	147.20640402029744
1	279.2676775153316	160.6718165071304
2	271.5611299813477	159.39150499376305
3	312.288765811789	236.72980021068656
4	211.06512294851348	206.70520549967245
5	214.18600064531697	216.02619636655533
6	169.53965653061704	145.3213095907698
7	270.3158293040503	202.53854955437842
8	170.80116188943018	246.97397681122462
9	204.66498191867217	281.73766825970733
10		374.0923728639908
11		329.49014542754134
12		324.5083245450184
13		272.4225405600248
