	dmso-wt	drug-wt
0	269.1307533200526	150.65617482510476
1	288.123922315851	165.91643188385115
2	288.9242004213642	159.7573674957563
3	304.08604671566854	239.69036650276186
4	229.91346073423438	213.82508364232746
5	219.96439237501082	229.9871401723543
6	214.5034184693427	151.79592802138077
7	252.39698748647294	203.80617058474098
8	234.71698524805612	257.79922541486354
9	236.69559016129747	282.9567125956396
10		403.2409125178584
11		348.0862394069908
12		342.51209117383877
13		285.2538608276686
