	dmso-wt	drug-wt
0	5.666666666666667	9.952380952380953
1	8.547619047619047	4.595238095238095
2	8.80952380952381	9.880952380952381
3	9.738095238095237	9.928571428571429
4	8.833333333333334	7.023809523809524
5	8.023809523809524	10.0
6	8.357142857142858	10.0
7	9.214285714285714	9.880952380952381
8	9.071428571428571	10.0
9	8.833333333333334	10.0
10		9.880952380952381
11		9.380952380952381
12		8.142857142857142
13		9.119047619047619
