	dmso-wt	drug-wt
0	158099.62548252373	19774.18513795959
1	147381.62889072974	27424.246566320096
2	68628.24402499635	30531.994068543365
3	38332.36870467721	7701.230641963502
4	68961.33561302217	25242.73647619264
5	50340.676956707866	9250.651637025838
6	35041.15749507643	7422.495890481098
7	71382.41800538152	11565.167701454815
8	111287.33492740356	7183.523602474785
9	87079.82881573444	15757.35749556359
10		5743.689886402497
11		4911.10240628415
12		16525.04463175681
13		12224.612319096454
