	dmso-wt	drug-wt
0	1.0	1.9047619047619047
1	0.9285714285714286	1.5952380952380953
2	1.0238095238095237	1.5476190476190477
3	0.2619047619047619	0.023809523809523808
4	2.3095238095238093	1.1666666666666667
5	2.238095238095238	0.8333333333333334
6	2.3333333333333335	0.23809523809523808
7	2.5714285714285716	0.6190476190476191
8	2.2857142857142856	0.42857142857142855
9	2.3333333333333335	0.0
10		0.30952380952380953
11		0.023809523809523808
12		1.2142857142857142
13		0.8809523809523809
