	dmso-wt	drug-wt
0	83592.21019492814	17670.154893838582
1	84639.3533991809	23059.1323762369
2	45401.68472364999	28888.16091032567
3	25312.160754049106	6488.865333429833
4	38066.90803103122	19175.28634161583
5	28624.145207397716	8284.454567777086
6	19011.216891762622	7333.914582545052
7	41135.90021729191	10206.803913850697
8	44491.07389371178	6369.566154284771
9	18659.6864034946	14812.823822934506
10		3784.721572568543
11		4655.904524240227
12		14637.389327434303
13		9901.164463634033
