	dmso-wt	drug-wt
0	781.2857142857143	1813.857142857143
1	1202.5	616.5714285714286
2	1511.0714285714287	1899.2857142857142
3	2087.5	2590.0
4	615.5714285714286	910.0
5	608.3571428571429	1676.9285714285713
6	376.0	1554.0714285714287
7	1168.857142857143	1976.2142857142858
8	620.8571428571429	1921.7142857142858
9	965.0714285714286	2248.0714285714284
10		1892.142857142857
11		1754.7142857142858
12		1368.0
13		1095.2857142857142
