	dmso-wt	drug-wt
0	2.1333333333333333	2.816666666666667
1	2.2666666666666666	1.5166666666666666
2	3.0	2.8
3	3.1333333333333333	2.066666666666667
4	2.9166666666666665	3.316666666666667
5	1.9666666666666666	2.3833333333333333
6	2.466666666666667	1.75
7	3.066666666666667	1.4166666666666667
8	2.0	0.4
9	2.6166666666666667	1.8166666666666667
10		0.75
11		0.7
12		1.9166666666666667
13		1.2666666666666666
