	dmso-wt	drug-wt
0	754.5806451612904	1003.8225806451613
1	779.8225806451613	619.1935483870968
2	927.0483870967741	1117.1290322580646
3	1099.1612903225807	1432.6774193548388
4	676.0967741935484	921.9354838709677
5	594.3548387096774	911.8064516129032
6	388.7258064516129	983.0967741935484
7	766.9032258064516	1033.6290322580646
8	625.2741935483871	1357.4193548387098
9	793.6612903225806	1304.274193548387
10		1297.3709677419354
11		1116.758064516129
12		1034.741935483871
13		986.5322580645161
