	dmso-wt	drug-wt
0	795.8571428571429	2111.5
1	1217.142857142857	649.7857142857143
2	1534.2142857142858	2179.0
3	2119.4285714285716	2593.714285714286
4	677.6428571428571	960.1428571428571
5	680.3571428571429	1701.9285714285713
6	505.14285714285717	1577.7142857142858
7	1258.0	2173.1428571428573
8	774.2857142857143	1971.7857142857142
9	1058.9285714285713	2251.285714285714
10		1899.2142857142858
11		1757.7142857142858
12		1398.5714285714287
13		1129.357142857143
