	dmso-wt	drug-wt
0	1.4	5.895
1	1.5783333333333334	6.0216666666666665
2	2.03	5.675
3	3.115	11.87
4	3.2383333333333333	6.87
5	5.876666666666667	8.671666666666667
6	8.763333333333334	11.9
7	7.5183333333333335	7.703333333333333
8	5.308333333333334	14.606666666666667
9	7.17	5.67
10		14.51
11		11.72
12		5.395
13		6.753333333333333
