	dmso-wt	drug-wt
0	3.7142857142857144	10.0
1	9.642857142857142	5.309523809523809
2	9.404761904761905	10.0
3	10.0	10.0
4	9.452380952380953	8.976190476190476
5	7.619047619047619	10.0
6	7.857142857142857	10.0
7	9.095238095238095	10.0
8	9.261904761904763	9.976190476190476
9	9.214285714285714	10.0
10		9.952380952380953
11		10.0
12		9.642857142857142
13		9.880952380952381
