	dmso-wt	drug-wt
0	13.633333333333333	34.8
1	12.783333333333333	33.8
2	19.8	24.316666666666666
3	29.433333333333334	93.4
4	18.8	39.81666666666667
5	38.63333333333333	72.01666666666667
6	39.93333333333333	97.06666666666666
7	23.25	58.86666666666667
8	27.816666666666666	105.08333333333333
9	42.2	41.43333333333333
10		158.83333333333334
11		120.51666666666667
12		43.1
13		60.333333333333336
