	dmso-wt	drug-wt
0	199.50570266985756	134.9514084594128
1	190.36828941717764	161.27035906102722
2	188.2981367819736	136.7190263067076
3	230.87096390711275	193.84763655559286
4	184.06179989757746	184.62849218971502
5	198.62982358154088	203.8008659311249
6	193.69470888783255	151.86908559466048
7	187.45239046290752	163.75880565589438
8	193.2895155986621	165.60912646293392
9	175.09096795339	201.6384823784154
10		274.6749258975722
11		246.8685096491382
12		221.75226927700422
13		198.85614080829097
