	dmso-wt	drug-wt
0	4.690476190476191	9.976190476190476
1	9.095238095238095	4.9523809523809526
2	9.107142857142858	9.94047619047619
3	9.869047619047619	9.964285714285714
4	9.142857142857142	8.0
5	7.821428571428571	10.0
6	8.107142857142858	10.0
7	9.154761904761905	9.94047619047619
8	9.166666666666666	9.988095238095237
9	9.023809523809524	10.0
10		9.916666666666666
11		9.69047619047619
12		8.892857142857142
13		9.5
