	dmso-wt	dmso-het
0	157113.15109310267	22573.564463459054
1	7763.723450755986	13495.346281813845
2	4584.474035541348	74522.2782525043
3	4033.9407034461133	14301.655320540842
4	7082.176165906053	5507.422145410315
5	81309.85970014546	54654.26600663669
6	37681.427955372696	130478.47137143626
7	8432.215116869987	21914.7007060066
8	18963.330212036377	32421.51378526684
9	18025.349183899274	14015.920592778579
10		4530.9225250832915
