	dmso-wt	dmso-het
0	8.571428571428571	7.142857142857143
1	8.714285714285714	9.714285714285714
2	10.142857142857142	6.428571428571429
3	4.428571428571429	6.285714285714286
4	13.857142857142858	7.571428571428571
5	10.142857142857142	6.142857142857143
6	13.571428571428571	10.0
7	8.571428571428571	9.0
8	12.142857142857142	8.428571428571429
9	11.428571428571429	9.285714285714286
10		9.285714285714286
