	dmso-wt	dmso-het
0	210.0928827745875	146.22054787297782
1	184.40608211898837	142.39593216262867
2	177.21439940367262	142.1071478521684
3	231.1108566900138	165.54046290408814
4	173.94273469684057	150.37397357845407
5	187.00354735947766	154.62846282214565
6	163.90189347291798	169.68706147822093
7	186.3288926969626	149.15583268216093
8	165.92448089840246	159.7045799765947
9	163.13152324386823	179.6917115078771
10		212.3496343629704
