	dmso-wt	dmso-het
0	200.315025045725	152.50424400510465
1	198.5283396535143	149.40641908703284
2	197.86815561358722	152.82680685772442
3	213.5878300796379	157.33423649492886
4	188.29622075902526	158.3606242688907
5	180.2958541638736	161.03948485115882
6	194.04816851857055	174.0549350346417
7	186.73121138066034	154.40505071227065
8	180.87588403347138	163.31872399212082
9	178.9705200317928	180.97205264475588
10		214.38284065371
