	dmso-het	drug-het
0	1.007542289508563	0.9586297359177118
1	1.0015942216603977	0.8526671303619044
2	1.298138735674897	1.1029325771211704
3	1.3177324491418705	1.20333810374513
4	1.2436156757274635	1.1373531653060875
5	1.1830631168115051	1.250169670637417
6	1.2082940981499397	1.316292066376911
7	1.0243168567172278	1.2438105419348897
8	0.9556972346899786	1.240473171810176
9	1.0083519220634887	
