	dmso-het	drug-het
0	261.42857142857144	1497.7142857142858
1	309.42857142857144	638.1428571428571
2	453.85714285714283	1288.5714285714287
3	707.7142857142857	703.0
4	439.85714285714283	1171.142857142857
5	576.8571428571429	679.5714285714286
6	453.2857142857143	485.14285714285717
7	650.5714285714286	704.2857142857143
8	911.1428571428571	1098.5714285714287
9	722.1428571428571	
