	dmso-het	drug-het
0	31662.899695010965	3527.1353088194114
1	15295.34406404719	7658.164529765281
2	28373.49710965961	3262.0024899386876
3	5598.109399506095	4079.641251348095
4	7858.022403181422	3514.1699906631175
5	9950.958302866244	4832.892521725557
6	7841.808495787142	6211.822910646751
7	5991.616136396915	4972.9914920862575
8	7517.941551333969	2553.015409007969
9	7019.889270271896	
