	dmso-het	drug-het
0	0.5795898820058761	0.3502097071846842
1	1.5480134067086944	0.10752322975973798
2	0.9218267296505688	0.483676055722439
3	0.4335131346438788	0.33198382751182154
4	0.4483027197831021	0.5569978220297874
5	0.48507115223859715	0.46403753116275753
6	0.3115989929706916	0.2707024753039
7	0.34111775100209396	0.6561630668074816
8	0.5130912581242557	0.6006547103714274
9	0.5047352937836248	
