	dmso-het	drug-het
0	0.5763815503964926	0.25173188499659005
1	0.8101776657690354	0.09911858803987184
2	0.6918143920093784	0.4781233987574519
3	0.43836457259642686	0.5087435613518994
4	0.4165518411564558	0.5206805243575181
5	0.423656959402419	0.5377184359556149
6	0.43235136303467403	0.34922822993992164
7	0.298036162775084	0.9444958533196531
8	0.35848634273316776	0.7818624480106602
9	0.35704914657406905	
