	dmso-het	drug-het
0	0.4697419732150878	0.3260257172398734
1	1.2772458460380978	0.09839455454031601
2	0.6574495479245497	0.4491787382844834
3	0.4004502336631297	0.29364452408232855
4	0.40282377961761984	0.4657658784099745
5	0.3722307901279822	0.399131085506012
6	0.2589890819858591	0.1952332579608898
7	0.2847239143225534	0.614000825517454
8	0.4174417504608694	0.5674021192516518
9	0.37020645820814474	
