	dmso-het	drug-het
0	0.7593148282568196	0.8756744778445694
1	0.867085641333646	0.7726112419762394
2	0.950244236615257	1.0833885798600098
3	1.0311068286359417	1.067642632238352
4	1.1009890606147261	1.0483024335193547
5	0.9729531165059758	1.1521089393588213
6	0.9710762757768157	1.1121008406528075
7	0.9363345679677357	1.083653540899979
8	0.9803335295667577	1.051611772958268
9	0.9448915882672209	
