	dmso-wt	dmso-het
0	2.033333333333333	5.016666666666667
1	1.7666666666666666	2.55
2	2.05	5.7
3	3.816666666666667	4.8
4	2.533333333333333	2.716666666666667
5	4.65	3.566666666666667
6	2.0166666666666666	5.933333333333334
7	3.6333333333333333	5.116666666666666
8	3.1666666666666665	2.3333333333333335
9	7.016666666666667	4.733333333333333
10	2.9833333333333334	8.2
11	2.9833333333333334	7.45
12	5.25	3.3333333333333335
13	3.8	
