	dmso-wt	dmso-het
0	57.0	51.5
1	36.642857142857146	57.42857142857143
2	25.857142857142858	53.214285714285715
3	28.0	48.142857142857146
4	31.571428571428573	49.357142857142854
5	53.214285714285715	38.92857142857143
6	49.142857142857146	58.0
7	50.142857142857146	52.92857142857143
8	34.92857142857143	49.357142857142854
9	53.285714285714285	52.07142857142857
10	27.142857142857142	56.785714285714285
11	43.857142857142854	58.07142857142857
12	37.0	57.57142857142857
13	55.714285714285715	
