	dmso-wt	dmso-het
0	1.8571428571428572	8.357142857142858
1	9.214285714285714	2.142857142857143
2	6.214285714285714	5.785714285714286
3	8.0	6.785714285714286
4	7.071428571428571	5.142857142857143
5	6.785714285714286	8.928571428571429
6	8.5	2.142857142857143
7	13.785714285714286	5.214285714285714
8	10.928571428571429	6.928571428571429
9	8.5	8.214285714285714
10	9.5	7.0
11	12.5	3.7857142857142856
12	15.071428571428571	4.285714285714286
13	6.214285714285714	
