	dmso-wt	dmso-het
0	1448.857142857143	877.7142857142857
1	216.57142857142858	1372.857142857143
2	304.57142857142856	1179.5714285714287
3	286.2857142857143	1606.7142857142858
4	936.5714285714286	1887.0
5	441.14285714285717	905.2857142857143
6	993.0	2443.285714285714
7	389.0	2030.5714285714287
8	411.7142857142857	1896.7142857142858
9	1057.4285714285713	1569.5714285714287
10	536.0	954.2857142857143
11	503.14285714285717	1003.0
12	226.57142857142858	1363.5714285714287
13	727.7142857142857	
