	dmso-wt	dmso-het
0	4.533333333333333	32.15
1	4.383333333333334	8.0
2	4.416666666666667	24.533333333333335
3	10.033333333333333	21.583333333333332
4	21.033333333333335	12.716666666666667
5	24.15	21.233333333333334
6	7.833333333333333	51.43333333333333
7	9.233333333333333	25.65
8	10.283333333333333	44.55
9	33.016666666666666	20.166666666666668
10	19.366666666666667	36.56666666666667
11	7.05	52.53333333333333
12	20.45	23.05
13	12.316666666666666	
