	dmso-wt	dmso-het
0	59.857142857142854	54.57142857142857
1	33.714285714285715	59.42857142857143
2	28.428571428571427	57.0
3	29.0	49.714285714285715
4	36.714285714285715	57.57142857142857
5	50.0	33.0
6	47.142857142857146	60.0
7	49.285714285714285	55.42857142857143
8	33.57142857142857	50.0
9	53.857142857142854	57.142857142857146
10	28.428571428571427	59.857142857142854
11	49.285714285714285	59.42857142857143
12	38.42857142857143	59.857142857142854
13	59.57142857142857	
