	dmso-wt	dmso-het
0	160.09346145343454	137.13622773564688
1	170.12757365962648	143.43057799950486
2	169.8299158996222	179.94885887079914
3	231.7935056655576	265.3149897921851
4	292.1984534678935	265.7444761089793
5	284.9778546613883	264.43199804038454
6	230.1216260789109	237.81921032440755
7	258.49551725877916	251.75813098851793
8	205.8954274131156	257.6804905545655
9	232.37614937206607	266.5711152796643
