	dmso-wt	dmso-het
0	38.285714285714285	36.34920634920635
1	32.0	35.17460317460318
2	35.74603174603175	35.523809523809526
3	41.82539682539682	44.15873015873016
4	33.857142857142854	49.20634920634921
5	42.888888888888886	42.25396825396825
6	37.333333333333336	39.333333333333336
7	39.80952380952381	35.53968253968254
8	39.682539682539684	42.507936507936506
9	39.44444444444444	39.93650793650794
