	dmso-wt	dmso-het
0	9.833333333333334	10.0
1	7.095238095238095	9.214285714285714
2	5.619047619047619	9.142857142857142
3	7.261904761904762	8.285714285714286
4	6.357142857142857	7.238095238095238
5	8.833333333333334	8.428571428571429
6	5.261904761904762	7.690476190476191
7	9.285714285714286	5.666666666666667
8	7.309523809523809	7.690476190476191
9	9.761904761904763	6.9523809523809526
