	dmso-wt	dmso-het
0	6.4214659685863875	6.117801047120419
1	5.37696335078534	5.924083769633508
2	6.023560209424084	5.950261780104712
3	7.023560209424084	7.37434554973822
4	5.704188481675392	8.230366492146597
5	7.196335078534031	7.099476439790576
6	6.282722513089006	6.615183246073299
7	6.68848167539267	5.989528795811518
8	6.662303664921466	7.133507853403142
9	6.636125654450262	6.717277486910994
