	dmso-wt	dmso-het
0	1581.7142857142858	2865.1428571428573
1	1075.0	2667.8571428571427
2	409.14285714285717	2586.4285714285716
3	799.4285714285714	1944.4285714285713
4	965.7142857142857	1279.0
5	2399.714285714286	1814.142857142857
6	435.42857142857144	853.1428571428571
7	2305.285714285714	1045.142857142857
8	1705.0	1549.142857142857
9	2027.7142857142858	1777.142857142857
