	dmso-wt	dmso-het
0	1951.0	1943.7142857142858
1	1111.142857142857	2147.285714285714
2	611.0	1511.5714285714287
3	1117.142857142857	995.8571428571429
4	742.0	672.5714285714286
5	633.5714285714286	2190.1428571428573
6	402.85714285714283	1237.2857142857142
7	1808.2857142857142	1631.2857142857142
8	1144.142857142857	1065.7142857142858
9	1103.4285714285713	471.14285714285717
