	dmso-wt	dmso-het
0	3.2857142857142856	3.2857142857142856
1	6.142857142857143	2.7142857142857144
2	6.571428571428571	5.142857142857143
3	7.0	8.142857142857142
4	10.571428571428571	8.0
5	9.714285714285714	2.7142857142857144
6	6.428571428571429	8.571428571428571
7	6.285714285714286	6.857142857142857
8	9.0	7.571428571428571
9	8.571428571428571	9.857142857142858
