	dmso-wt	dmso-het
0	1791.642857142857	2412.5714285714284
1	1100.357142857143	2409.0
2	524.4285714285714	2049.4285714285716
3	972.9285714285714	1474.7142857142858
4	862.9285714285714	992.7857142857143
5	1518.7142857142858	2007.5714285714287
6	429.35714285714283	1055.357142857143
7	2063.8571428571427	1348.642857142857
8	1428.7142857142858	1316.357142857143
9	1584.0714285714287	1128.0
