	dmso-wt	dmso-het
0	0.14468094067634352	0.12990075132442536
1	0.11262274884989516	0.18061867849681335
2	0.19374108713074778	0.1481196268919102
3	0.258584149961815	0.24488520619880103
4	0.20485267993639864	0.22916682893940546
5	0.1656545914273493	0.22733560808856518
6	0.22876791439679883	0.40589299115992244
7	0.3107464457600916	0.6569525642697672
8	0.26402073108589336	0.33990961914059914
9	0.484602183800625	0.33580520071317477
