	dmso-wt	dmso-het
0	166.804332304991	155.31806717413934
1	157.39084045479675	153.23844881650913
2	174.71808874083985	180.49905469652114
3	182.4337080283165	221.32118280912078
4	203.19571888458594	196.69916206773163
5	187.90057042306984	185.08812423928444
6	189.75787539852558	194.72175098349481
7	192.86235538946738	200.18631461576797
8	174.24928178923605	188.68399974950165
9	185.96335674407376	203.89581983092847
