	dmso-wt	dmso-het
0	52.285714285714285	48.42857142857143
1	37.857142857142854	46.42857142857143
2	26.142857142857142	38.285714285714285
3	45.142857142857146	42.42857142857143
4	32.857142857142854	30.857142857142858
5	29.428571428571427	48.0
6	21.142857142857142	41.714285714285715
7	55.142857142857146	39.857142857142854
8	36.714285714285715	35.142857142857146
9	36.0	28.857142857142858
