	dmso-wt	dmso-het
0	16.545502229215842	23.079464988198268
1	11.074744295830055	25.288224495148178
2	10.895357985837922	22.93181222134802
3	18.071597167584578	17.53920797272489
4	13.275635982166273	18.687647521636507
5	19.012850773669026	24.040125885129818
6	14.074744295830055	15.396800419617099
7	20.27799632835038	20.937581956464726
8	19.493836873852608	22.33044846577498
9	20.242591135588775	22.151848937844218
