	dmso-wt	dmso-het
0	0.14221628558082347	0.09392525700386378
1	0.08561692669277554	0.11085514821186314
2	0.13050096713562206	0.11813427653148106
3	0.18658497080984154	0.20803810001333897
4	0.1265636142287901	0.2147891123088238
5	0.13214634238069317	0.17617194059756716
6	0.22277333364836147	0.2660507151026471
7	0.2711920934074229	0.35858630390123375
8	0.24315536323509604	0.29636425303954944
9	0.2957746763225423	0.352190051205006
