	dmso-wt	dmso-het
0	9.273809523809524	9.142857142857142
1	6.75	8.583333333333334
2	5.011904761904762	7.785714285714286
3	7.380952380952381	7.690476190476191
4	5.988095238095238	6.130952380952381
5	6.892857142857143	8.202380952380953
6	4.380952380952381	7.321428571428571
7	9.297619047619047	6.130952380952381
8	6.75	6.821428571428571
9	7.964285714285714	5.904761904761905
