	dmso-wt	dmso-het
0	1933.142857142857	1930.2857142857142
1	1097.5714285714287	2142.1428571428573
2	595.8571428571429	1505.7142857142858
3	1098.2857142857142	977.4285714285714
4	728.1428571428571	652.4285714285714
5	626.7142857142857	2181.4285714285716
6	391.2857142857143	1222.142857142857
7	1800.5714285714287	1621.857142857143
8	1134.2857142857142	1049.7142857142858
9	1092.142857142857	454.57142857142856
