	dmso-wt	dmso-het
0	55893.83311376684	505217.4972148739
1	315353.7889858974	263124.2982459747
2	92798.73867768206	39162.22269729138
3	37417.93826964537	20732.02923463765
4	130061.96318738916	8957.57633789119
5	63512.837534603044	153107.3192693053
6	33568.939389612715	46723.30156239333
7	28719.179486455912	31112.025230636027
8	152757.14619084547	40374.42502391915
9	225720.0472651044	20267.845536085002
