	dmso-wt	dmso-het
0	30.266666666666666	40.84404761904762
1	18.21904761904762	40.951190476190476
2	8.836904761904762	34.55714285714286
3	16.17142857142857	24.73690476190476
4	14.394047619047619	17.232142857142858
5	26.175	33.641666666666666
6	7.122619047619048	17.607142857142858
7	34.86547619047619	21.789285714285715
8	23.826190476190476	22.82857142857143
9	26.826190476190476	18.73452380952381
