	dmso-wt	dmso-het
0	153.9409019014751	138.34797100058324
1	145.7472325907885	141.28554305824383
2	145.31999355771586	172.73489574176725
3	170.0221976384077	174.94020925337077
4	197.89947247304124	172.54071965129765
5	202.84447577565558	194.12842812049317
6	169.8747193481675	164.40092173148068
7	181.76724968405188	204.87507842508253
8	151.92855175115787	171.91360986796215
9	156.67612335832504	187.7074675216473
