	dmso-wt	dmso-het
0	0.7905779950956723	0.8854681640828993
1	1.2049640382941238	0.9090393236340376
2	0.7135059871897597	0.7918233662392941
3	0.8423569923071017	0.8674992037699008
4	0.8768818737588909	0.9541887469912625
5	1.20766437356873	0.8558892501912524
6	0.9727448249471575	1.0012243101670635
7	1.3183538148260172	1.0488977406284892
8	0.9356886660782638	1.0708123467705872
9	1.082214184978412	1.0657111990573542
