	dmso-wt	dmso-het
0	1.1541577197326256	1.0878197059740515
1	1.2646363031741108	1.0824373129314924
2	1.313320286590752	1.1368103029241357
3	1.5843034847770365	1.3893446161532683
4	1.8845177297999702	1.4631349204917394
5	1.6465017694855142	1.7294916410561576
6	1.522931096590844	1.3868293274049215
7	1.4801189547760745	1.4790397863250557
8	1.5028656953279798	1.644659337933911
9	1.5493444328257175	1.321264103988683
