	dmso-wt	dmso-het
0	199.42375509414438	178.35914349145463
1	184.4902828924242	186.24004405370493
2	207.30649556925908	198.58163605939382
3	200.19622579600562	218.37911899496703
4	245.74956732951674	199.08377749013897
5	227.1109869845849	203.67703523526853
6	232.49860788197196	245.9706834554886
7	259.877125442759	238.66341166619864
8	222.10626678592797	213.08961143745427
9	239.47795256327367	242.2520769193872
