	dmso-wt	dmso-het
0	1.011471102773588	0.9287135590077319
1	1.1238243845864178	0.9979997928925833
2	1.0227677360883471	1.0156066854502013
3	1.306947827978961	1.2346796196607743
4	1.4847834095488828	1.3413794596292379
5	1.5045769055671503	1.4992400640771437
6	1.2353242618414593	1.2655540259863707
7	1.3483525987566263	1.2973504984134738
8	1.2033727626643587	1.4349816510116868
9	1.2962649317426742	1.322531860313794
