	dmso-wt	dmso-het
0	133217.9144040232	512162.7328917316
1	351999.6439477509	503045.87007113657
2	255470.75387459478	78926.69550622781
3	85796.11612906032	131226.11540737574
4	226693.5243595488	12677.766822547217
5	83206.80808991568	265707.09344533435
6	42287.07095054128	118385.76167007389
7	43319.56451295594	188964.1564562437
8	316175.0114612602	82795.24427471774
9	263314.3044053421	33151.35213551417
