	dmso-wt	dmso-het
0	955.2857142857143	1351.984126984127
1	642.6507936507936	1481.3492063492063
2	613.3809523809524	1362.7460317460318
3	1055.936507936508	1028.2063492063492
4	761.2063492063492	1097.2380952380952
5	1113.2380952380952	1415.1746031746031
6	812.4285714285714	905.063492063492
7	1190.142857142857	1225.5396825396826
8	1148.2857142857142	1304.5714285714287
9	1183.6349206349207	1288.142857142857
