	dmso-het	drug-het
0	6.714285714285714	12.714285714285714
1	4.857142857142857	4.428571428571429
2	7.714285714285714	12.0
3	8.571428571428571	6.571428571428571
4	8.285714285714286	5.428571428571429
5	6.285714285714286	4.142857142857143
6	7.285714285714286	4.571428571428571
7	8.571428571428571	6.714285714285714
8	4.285714285714286	5.571428571428571
9	7.142857142857143	5.428571428571429
