	dmso-het	drug-het
0	18.465024888656014	8.609641079381714
1	23.26801152737752	8.324076499869006
2	6.952318574796961	4.29709195703432
3	9.805868483101913	8.715745349751113
4	19.230547550432277	12.26329578202777
5	17.41655750589468	8.987424679067331
6	17.53785695572439	7.338747707623789
7	13.455331412103746	14.664396122609379
8	25.684045061566675	13.188629813990044
9	17.40712601519518	8.092481006025675
