	dmso-het	drug-het
0	140.79104250063529	117.83778575692234
1	165.3294738672693	139.20543693539872
2	147.90895801311845	134.4630603387139
3	163.1024160413927	145.62482301441912
4	177.6173543010943	137.9475383447522
5	170.90051307577096	127.78659925026254
6	149.05342510108187	117.88552410531251
7	234.8324582026637	165.39057956404014
8	174.22129226143016	153.3128489438504
9	167.9063786446985	169.928549056547
