	dmso-het	drug-het
0	0.9697402266290736	0.9519810336123987
1	1.2484568028866612	0.8376783134768158
2	1.1176433694454073	0.6608838581301876
3	1.1162439410855876	0.9884178429297558
4	1.1916943922011478	0.9249180008475244
5	1.2027996887407681	0.9871267770198076
6	1.152971124012387	0.9429701545376258
7	1.2696570158635225	1.0633923601621982
8	1.1206479449136626	1.0424314168501558
9	1.0308730465676381	1.1990252258165777
