	dmso-het	drug-het
0	131.62127742863248	130.4460311230204
1	167.9500433003489	145.68946705507224
2	141.90005610728699	120.52142150527672
3	295.8691947859831	150.30573530285676
4	180.8142791668387	177.95321557019847
5	165.4924736055629	125.55348032426248
6	168.96767036527524	153.32713228073285
7	251.08360572487132	163.26677935499475
8	143.34688854338418	180.17747537064992
9	224.16250578828243	171.1539268128563
