	dmso-het	drug-het
0	2121.714285714286	773.8571428571429
1	2551.1428571428573	628.0
2	316.7142857142857	103.57142857142857
3	851.0	637.8571428571429
4	1091.7142857142858	1651.142857142857
5	1051.7142857142858	655.7142857142857
6	1020.2857142857143	574.7142857142857
7	894.8571428571429	1568.5714285714287
8	2137.8571428571427	1212.7142857142858
9	2077.714285714286	211.85714285714286
