	dmso-het	drug-het
0	7.396325459317585	6.485564304461942
1	6.824146981627297	5.291338582677166
2	5.3858267716535435	4.099737532808399
3	5.800524934383202	6.320209973753281
4	5.291338582677166	5.619422572178478
5	6.199475065616798	5.645669291338582
6	8.223097112860893	4.2362204724409445
7	7.05249343832021	6.826771653543307
8	9.509186351706036	6.448818897637795
9	8.503937007874017	5.68503937007874
