	dmso-het	drug-het
0	0.6428642328836427	0.7983628824253399
1	1.0227825584498444	0.7176677904222529
2	0.8215831717470554	0.6687833950377339
3	0.8017006681012596	0.7571769254449726
4	1.0353419876850392	0.6479701850753063
5	0.8188417960770812	0.9485464433634357
6	0.8310585501664635	0.6863994788338512
7	1.1142891342045342	0.6352601669481106
8	0.7196065321024424	0.7915651964894732
9	1.22137174045533	0.8684051978280243
