	dmso-het	drug-het
0	1984.5714285714287	737.5714285714286
1	1907.7142857142858	448.85714285714283
2	911.5714285714286	376.14285714285717
3	709.7142857142857	460.57142857142856
4	929.5714285714286	946.8571428571429
5	851.8571428571429	1099.0
6	1140.142857142857	756.0
7	1036.0	1002.8571428571429
8	2189.4285714285716	654.2857142857143
9	815.4285714285714	199.71428571428572
