	dmso-het	drug-het
0	155.57493876050648	129.05595015700334
1	150.78025830763607	150.73937394189392
2	162.540943756919	212.20950767386762
3	165.3972182119024	169.68388711342342
4	163.02474756739238	148.02379108344175
5	169.251366765411	153.2099847095037
6	153.17220514452276	150.19482748067406
7	166.19320891943542	152.79058936118238
8	153.55665429417346	155.4080833875104
9	199.62754495274385	168.52145331778308
