	dmso-het	drug-het
0	1.1428571428571428	2.0952380952380953
1	0.8333333333333334	0.8095238095238095
2	1.3095238095238095	2.0238095238095237
3	1.4047619047619047	1.0952380952380953
4	1.380952380952381	0.9285714285714286
5	1.0238095238095237	0.6428571428571429
6	1.2380952380952381	0.7619047619047619
7	1.380952380952381	1.119047619047619
8	0.7142857142857143	0.8809523809523809
9	1.1428571428571428	0.8809523809523809
