	dmso-het	drug-het
0	0.331242030258061	0.07836955881708384
1	0.2253788065519445	0.14952706234254332
2	0.24923259781796214	0.7209606350419786
3	0.2376891462667487	0.21357962695412805
4	0.3422199381209338	0.257350271247487
5	0.31790913536478127	0.18640602409755674
6	0.37018443961817576	0.18971624226004272
7	0.4651205910823869	0.2549110513667369
8	0.4233434361413379	0.1479704403118718
9	1.1390504757925917	0.431015266934923
