	dmso-het	drug-het
0	4.857142857142857	15.285714285714286
1	4.428571428571429	8.571428571428571
2	7.0	3.7142857142857144
3	8.285714285714286	11.714285714285714
4	4.857142857142857	3.857142857142857
5	5.428571428571429	7.142857142857143
6	13.142857142857142	2.5714285714285716
7	8.857142857142858	5.714285714285714
8	4.571428571428571	10.571428571428571
9	1.4285714285714286	8.571428571428571
