	dmso-het	drug-het
0	732.4285714285714	202.07142857142858
1	656.2142857142857	294.7857142857143
2	242.85714285714286	242.35714285714286
3	264.0	259.0
4	618.6428571428571	597.8571428571429
5	448.07142857142856	361.64285714285717
6	442.2857142857143	256.2142857142857
7	599.4285714285714	584.1428571428571
8	1214.7142857142858	300.2857142857143
9	871.2142857142857	122.42857142857143
