	dmso-het	drug-het
0	0.9642857142857143	2.3214285714285716
1	0.7976190476190477	1.1071428571428572
2	1.2261904761904763	1.2976190476190477
3	1.4047619047619047	1.5119047619047619
4	1.0833333333333333	0.7857142857142857
5	0.9642857142857143	0.9047619047619048
6	1.7023809523809523	0.6071428571428571
7	1.4404761904761905	1.0476190476190477
8	0.7380952380952381	1.3095238095238095
9	0.7261904761904762	1.130952380952381
