	dmso-het	drug-het
0	757.5714285714286	182.0
1	613.2857142857143	376.0
2	111.71428571428571	101.42857142857143
3	280.7142857142857	271.57142857142856
4	679.0	766.4285714285714
5	526.4285714285714	243.14285714285714
6	366.0	171.0
7	508.7142857142857	666.1428571428571
8	1280.5714285714287	330.7142857142857
9	1016.4285714285714	121.85714285714286
