	dmso-het	drug-het
0	7.633333333333334	4.45
1	0.75	1.15
2	3.75	2.1333333333333333
3	2.316666666666667	4.683333333333334
4	2.216666666666667	3.0833333333333335
5	5.266666666666667	2.1666666666666665
6	9.15	1.65
7	8.95	7.033333333333333
8	9.733333333333333	3.683333333333333
9	8.5	8.65
