	dmso-het	drug-het
0	2205.4285714285716	1070.142857142857
1	2691.285714285714	652.7142857142857
2	395.0	107.42857142857143
3	929.7142857142857	747.7142857142857
4	1103.4285714285713	1685.7142857142858
5	1133.4285714285713	706.0
6	1370.0	587.8571428571429
7	928.2857142857143	1605.2857142857142
8	2245.1428571428573	1376.2857142857142
9	2099.8571428571427	242.14285714285714
