	dmso-het	drug-het
0	0.7857142857142857	2.5476190476190474
1	0.7619047619047619	1.4047619047619047
2	1.1428571428571428	0.5714285714285714
3	1.4047619047619047	1.9285714285714286
4	0.7857142857142857	0.6428571428571429
5	0.9047619047619048	1.1666666666666667
6	2.1666666666666665	0.4523809523809524
7	1.5	0.9761904761904762
8	0.7619047619047619	1.7380952380952381
9	0.30952380952380953	1.380952380952381
