	dmso-het	drug-het
0	34.94047619047619	15.035714285714286
1	33.357142857142854	8.071428571428571
2	16.2	6.809523809523809
3	12.366666666666667	7.626190476190477
4	15.95	16.41190476190476
5	15.311904761904762	18.62857142857143
6	21.585714285714285	12.84047619047619
7	18.678571428571427	18.473809523809525
8	38.96190476190476	11.852380952380953
9	15.147619047619047	3.723809523809524
