	dmso-het	drug-het
0	36770.348781646906	35911.29059187773
1	80943.59703617996	95055.97604513858
2	82284.7684771969	94343.44432083375
3	77339.74716898018	45764.31060544732
4	156784.5190674087	60700.774046855666
5	46922.561071091484	107437.70895803203
6	35441.37185430614	75011.5257210464
7	21730.426560221364	32531.80459546773
8	18128.163149597945	43745.057350556795
9	33760.20562387484	38633.14355584293
