	dmso-het	drug-het
0	125.45238095238095	30.476190476190474
1	100.52380952380952	62.45238095238095
2	18.261904761904763	13.976190476190476
3	47.23809523809524	45.0
4	113.0	128.4047619047619
5	86.04761904761905	39.92857142857143
6	55.73809523809524	28.952380952380953
7	83.07142857142857	107.07142857142857
8	210.35714285714286	55.26190476190476
9	169.61904761904762	19.666666666666668
