	dmso-het	drug-het
0	131.82630880615554	129.0475809611442
1	171.93609605326435	142.86458972205017
2	151.5095323647199	123.51151337666181
3	276.2868623094401	147.5778467681241
4	188.9916386230342	173.6201500240525
5	169.61815764897102	129.88373456034466
6	171.88887034341562	147.81804407934288
7	252.7154837226704	163.52759825314737
8	148.56848736113653	176.93905057659964
9	224.67390631221372	177.09474305025674
