	dmso-het	drug-het
0	2081.4285714285716	880.1428571428571
1	1943.2857142857142	466.57142857142856
2	950.4285714285714	389.7142857142857
3	742.7142857142857	479.2857142857143
4	954.0	981.5714285714286
5	911.0	1112.5714285714287
6	1251.142857142857	770.4285714285714
7	1078.5714285714287	1045.4285714285713
8	2316.0	683.0
9	906.8571428571429	219.28571428571428
