	dmso-het	drug-het
0	0.9837271024838576	0.9429326330289228
1	1.2450906313172792	0.8352406162578492
2	1.0692964696995877	0.5961684207216252
3	1.139565826649195	1.0612718810542905
4	1.1833065312345241	0.919973969193319
5	1.2012747891143514	1.0857415947810634
6	1.1308158844446823	0.9467787470803144
7	1.2675165527775347	1.047942265704984
8	1.0408381633828099	0.9987987651795
9	1.0544916311443766	1.1438744697389394
