	dmso-het	drug-het
0	2143.4285714285716	975.1428571428571
1	2317.285714285714	559.6428571428571
2	672.7142857142857	248.57142857142858
3	836.2142857142857	613.5
4	1028.7142857142858	1333.642857142857
5	1022.2142857142857	909.2857142857143
6	1310.5714285714287	679.1428571428571
7	1003.4285714285714	1325.357142857143
8	2280.5714285714284	1029.642857142857
9	1503.357142857143	230.71428571428572
