	dmso-het	drug-het
0	0.8287544338595806	0.8554197956554948
1	1.0686875762912877	0.817116014321947
2	0.9026730634546763	0.6243640736665668
3	1.0815544425181371	0.8786046339171852
4	1.0944439282107121	0.829149564143437
5	1.0268991621086367	0.7936914944741673
6	1.0240394003604087	0.8846763070762999
7	1.2703675785341917	0.8873918019174877
8	0.8603693761781847	1.0352266982421072
9	1.1406500914069235	1.0060333290918826
