	dmso-het	drug-het
0	125.80941210458246	132.79125154879478
1	236.47537826396749	113.2818722943723
2	137.5333502584861	97.81109490657717
3	142.9646411416654	148.36512142906398
4	180.187817284767	108.93112562327595
5	166.520933383722	186.73694418851417
6	154.64584678255335	145.33116428028913
7	240.5353329836307	144.95371147011403
8	137.5087926789693	144.62492911836063
9	292.61777878021155	149.87066487700727
