	dmso-het	drug-het
0	0.3672475719975531	0.05101228041571889
1	0.14936842526817426	0.1960616518092345
2	0.1735193513370752	0.4448579220838556
3	0.226937149588895	0.23919246537327715
4	0.37323064085310464	0.23692948415538753
5	0.34065831628729104	0.11390459258334662
6	0.20988399209322436	0.14096836865944926
7	0.49967078355430283	0.16444565616317575
8	0.5348656485595772	0.13075512663655026
9	0.4789514637050187	0.3567297408608742
