	dmso-het	drug-het
0	31.233333333333334	17.216666666666665
1	5.266666666666667	3.9833333333333334
2	21.483333333333334	12.05
3	14.883333333333333	40.75
4	9.833333333333334	27.183333333333334
5	31.25	9.3
6	87.75	7.116666666666666
7	48.45	34.93333333333333
8	74.16666666666667	17.316666666666666
9	39.8	37.7
