	dmso-het	drug-het
0	0.9526941011925645	0.9262590684972145
1	1.1899717610887868	0.8068739990113588
2	1.0166777919993861	0.7169340753738636
3	1.0137590138107153	0.92778414130812
4	1.1203050407623505	0.9018802555623072
5	1.1056525324763848	0.9239529600130346
6	1.0316204036729772	0.8790339291730995
7	1.2739651328858284	1.0482824729406133
8	1.1077074426858395	1.112142157209434
9	0.9752344446838768	1.143176857076574
