	dmso-het	drug-het
0	36.90714285714286	17.742857142857144
1	45.035714285714285	10.752380952380953
2	6.40952380952381	1.4666666666666666
3	15.611904761904762	12.404761904761905
4	18.373809523809523	28.185714285714287
5	18.580952380952382	11.604761904761904
6	22.35	9.904761904761905
7	14.988095238095237	25.973809523809525
8	37.15952380952381	23.083333333333332
9	34.86190476190476	3.888095238095238
