	dmso-het	drug-het
0	4.443333333333333	2.5483333333333333
1	0.7683333333333333	0.61
2	2.9766666666666666	1.4266666666666667
3	1.9566666666666668	6.326666666666667
4	1.2616666666666667	3.513333333333333
5	4.56	1.3233333333333333
6	11.876666666666667	1.035
7	11.176666666666666	4.951666666666667
8	13.426666666666666	2.3716666666666666
9	8.203333333333333	5.355
