	dmso-het	drug-het
0	198.4972235894949	167.1825070364645
1	183.5052063255555	151.25724539442038
2	180.84362568421963	163.3681128954632
3	191.79667165954294	194.73737684926382
4	178.60571426583934	176.5088283238755
5	188.34917964151876	186.52385156065972
6	183.0795689494361	183.3717536041792
7	221.77048147757736	222.60526857561288
8	181.91695384928886	186.1225517566492
9	198.88249590368062	173.37696823989637
