	dmso-het	drug-het
0	122.29761904761905	33.80952380952381
1	110.17857142857143	49.73809523809524
2	40.48809523809524	40.357142857142854
3	44.20238095238095	41.38095238095238
4	103.0952380952381	99.60714285714286
5	74.04761904761905	60.01190476190476
6	73.30952380952381	42.916666666666664
7	100.53571428571429	98.11904761904762
8	201.79761904761904	50.892857142857146
9	144.89285714285714	20.095238095238095
