	dmso-het	drug-het
0	153.55370005440946	129.21251963237938
1	146.73769755025353	163.32652079937472
2	156.861157284192	203.05134089429606
3	158.12696583649125	163.7184790021971
4	161.84772121684054	151.2898113975872
5	163.56629160273962	146.58282686660897
6	149.68642522030152	143.54115769758974
7	179.13516585904668	157.679325483074
8	156.19872008713926	147.58217475066388
9	188.17426109518186	156.2331323327113
