	dmso-het	drug-het
0	44.23809523809524	38.682539682539684
1	40.666666666666664	31.476190476190474
2	31.96825396825397	24.333333333333332
3	34.714285714285715	37.65079365079365
4	31.365079365079364	33.79365079365079
5	36.96825396825397	33.55555555555556
6	49.15873015873016	25.126984126984127
7	42.12698412698413	40.682539682539684
8	56.96825396825397	38.42857142857143
9	51.01587301587302	33.77777777777778
