	dmso-het	drug-het
0	5162.8716091464385	23442.18213433706
1	6670.055732758597	14642.847430282114
2	26706.05000230604	42023.75717270495
3	21849.315255805843	15720.339209914784
4	7276.864039148522	7203.962975573767
5	16130.906679243228	16092.72560519968
6	11454.987472947296	24072.219314373808
7	6300.9198687215	6795.883742292098
8	3043.56787887329	91950.23829362761
9	5136.042669976787	46780.23723449966
