	dmso-het	drug-het
0	0.6370269881698616	0.8122353337735176
1	1.1889693887103103	0.7570062506522202
2	0.7216652657721225	0.5731174934247298
3	0.733024939845236	0.790453612740621
4	1.0101158662526883	0.59017531488146
5	0.8513136985257362	0.9656943399884358
6	0.8236820652165321	0.7833037587391564
7	1.047194257226038	0.6371503378323446
8	0.7132087915366332	0.7489445789335062
9	1.3431586720993138	0.8384800822074919
