	dmso-het	drug-het
0	1102.015873015873	515.7142857142857
1	1380.7777777777778	496.44444444444446
2	408.1746031746032	256.58730158730157
3	590.6825396825396	520.2222222222222
4	1126.7142857142858	739.7460317460317
5	1039.2857142857142	529.8730158730159
6	1044.3968253968253	431.44444444444446
7	797.1587301587301	874.1269841269841
8	1525.4761904761904	776.5555555555555
9	1045.6349206349207	475.8888888888889
