	dmso-het	drug-het
0	0.09971139781726676	0.06469483934515831
1	0.28716824473597385	0.04262723676163371
2	0.13069030504670648	0.167792948438177
3	0.1617292185520366	0.10836243736706941
4	0.1497648031300616	0.1347395555916135
5	0.1736297991845474	0.14063005757785685
6	0.13372124912936442	0.0844216289551685
7	0.3921763212593546	0.2665180808545288
8	0.15098700319865416	0.12868373813309758
9	0.549866434926076	0.11428813864515415
