	dmso-het	drug-het
0	155.49782800837193	130.06436575649465
1	155.00303977123895	152.77415639758215
2	162.78726351583262	215.2061643825486
3	161.82545934544194	157.85368355782663
4	172.1276300552347	148.46340203529482
5	169.4566595149026	151.9770587392902
6	155.29304667110154	145.91175073847597
7	170.5200555611403	150.69259679359774
8	153.56618366303272	149.10095464879672
9	200.09867545006801	170.00243409733253
