	dmso-het	drug-het
0	0.3402283288889661	0.06712504922815402
1	0.17579071789532866	0.13291836360212755
2	0.22021908292807524	0.6743114219386708
3	0.20755427498311055	0.16460258515563309
4	0.26063081346880973	0.2508003042668896
5	0.286588978659869	0.17808344470316909
6	0.34910839082249434	0.19474218469959803
7	0.3857701631922448	0.2344632550112351
8	0.37077744990209377	0.13641637624893546
9	0.8457389308565441	0.3862537424490203
