	dmso-wt	drug-wt
0	174.8584756090506	130.55417029565874
1	225.06741297234746	153.35052054003117
2	123.28843456792798	155.72738905307853
3	142.4220828665216	171.89616532559893
4	186.57561466406483	202.23732715442682
5	168.8910420779667	172.99049499114773
6	213.50101151443192	182.96468207647598
7	221.8876191812541	209.39291835594312
8	206.44347042859945	209.69169107216956
9	189.91321873693087	181.53971007308985
10	200.37181152426353	
11	170.59565373378695	
