	dmso-wt	drug-wt
0	13.416666666666666	7.916666666666667
1	6.35	7.883333333333334
2	8.466666666666667	19.75
3	13.033333333333333	16.95
4	8.583333333333334	8.5
5	15.3	14.316666666666666
6	34.166666666666664	19.283333333333335
7	18.016666666666666	20.5
8	21.35	16.216666666666665
9	21.116666666666667	10.15
10	10.766666666666667	
11	16.283333333333335	
