	dmso-wt	drug-wt
0	329.14285714285717	424.14285714285717
1	410.42857142857144	92.28571428571429
2	80.42857142857143	496.7142857142857
3	209.57142857142858	247.28571428571428
4	131.0	126.42857142857143
5	127.0	297.2857142857143
6	221.42857142857142	106.42857142857143
7	213.71428571428572	687.2857142857143
8	143.28571428571428	123.85714285714286
9	121.85714285714286	347.2857142857143
10	166.0	
11	186.42857142857142	
