	dmso-wt	drug-wt
0	189.56941222704248	128.1828037726504
1	207.32833169713115	157.6577422779131
2	136.51710081715834	174.10230813242958
3	153.51370626108013	184.00224508000608
4	197.58306602493127	227.35503486544874
5	179.60330725705148	185.4396361065204
6	225.77278601005065	179.355931820346
7	247.2996008814233	214.91079214277156
8	216.03391159977718	213.6873092595943
9	215.32585744146	194.8249229431007
10	200.7826929665552	
11	180.4653258343951	
