	dmso-wt	drug-wt
0	367.57142857142856	1088.142857142857
1	1261.0	359.7142857142857
2	838.7142857142857	799.2857142857143
3	1000.5714285714286	877.1428571428571
4	471.2857142857143	688.4285714285714
5	416.7142857142857	704.8571428571429
6	702.7142857142857	694.0
7	330.2857142857143	983.5714285714286
8	456.7142857142857	232.57142857142858
9	746.2857142857143	2264.714285714286
10	619.1428571428571	
11	931.5714285714286	
