	dmso-wt	drug-wt
0	58.26190476190476	70.64285714285714
1	59.714285714285715	15.023809523809524
2	13.047619047619047	82.61904761904762
3	31.047619047619047	35.11904761904762
4	21.214285714285715	20.357142857142858
5	20.80952380952381	45.69047619047619
6	38.26190476190476	16.857142857142858
7	35.095238095238095	113.5952380952381
8	23.404761904761905	20.238095238095237
9	19.904761904761905	51.666666666666664
10	26.5	
11	29.785714285714285	
