	dmso-wt	drug-wt
0	32.42857142857143	67.47619047619048
1	118.61904761904762	29.738095238095237
2	48.76190476190476	95.5952380952381
3	80.73809523809524	79.4047619047619
4	43.023809523809526	62.54761904761905
5	37.19047619047619	75.0
6	61.69047619047619	39.833333333333336
7	29.142857142857142	103.35714285714286
8	53.54761904761905	23.047619047619047
9	65.28571428571429	152.04761904761904
10	50.61904761904762	
11	36.19047619047619	
