	dmso-wt	drug-wt
0	167.73635367366643	135.83564527801448
1	196.05654176992496	178.75439479495603
2	149.3897853690086	180.20947573349903
3	160.9245894981488	199.38323600036637
4	220.4686752851919	231.60615609695853
5	215.7653614092442	212.20826293513568
6	238.36739577757203	202.2597390150904
7	253.37757866751	224.68550312345243
8	235.43654832872704	233.88030863684133
9	245.64494573193355	207.0085227143122
10	206.500536334149	
11	193.50759297783824	
