	dmso-wt	drug-wt
0	9.285714285714286	11.142857142857142
1	4.714285714285714	8.0
2	9.428571428571429	11.714285714285714
3	8.714285714285714	12.571428571428571
4	13.142857142857142	6.714285714285714
5	5.857142857142857	11.0
6	14.857142857142858	8.571428571428571
7	9.857142857142858	11.571428571428571
8	8.285714285714286	10.0
9	7.0	3.857142857142857
10	12.0	
11	6.857142857142857	
