	dmso-wt	drug-wt
0	102202.51015088682	59738.256700136975
1	114809.75228544444	116849.39620055714
2	175630.6120660796	59892.748413464804
3	71017.4162676433	83132.88780289024
4	136313.84203956666	119480.95913186454
5	81876.03035305197	55781.22098432687
6	59913.284824801616	83553.30310522114
7	65821.77057664783	66158.81832391681
8	72182.80418372761	86888.73311387462
9	96473.92022963752	115653.39826285384
10	147355.78388390882	
11	100239.62001116855	
