	dmso-wt	drug-wt
0	131063.75376093891	171396.3710017002
1	808769.019194337	364731.55416085594
2	960160.6815649527	45717.80419190387
3	189582.63900085693	101886.04591348745
4	522930.3711096657	190744.3566541145
5	79434.66947615046	132059.47526551614
6	119337.12223079187	190842.78850340773
7	95082.22327373302	54519.699490156985
8	130534.03059437193	119333.51036880631
9	110613.24424511932	291073.69716535363
10	275407.8114813884	
11	142247.08298234717	
