	dmso-wt	drug-wt
0	50.04312668463612	40.23450134770889
1	62.04851752021563	20.070080862533693
2	23.598382749326145	45.83827493261455
3	49.91644204851752	34.894878706199464
4	26.652291105121293	24.30188679245283
5	47.01078167115903	45.1455525606469
6	48.15094339622642	32.96495956873316
7	40.056603773584904	42.539083557951486
8	29.98921832884097	21.01078167115903
9	32.086253369272235	49.59568733153639
10	19.53099730458221	
11	24.765498652291104	
