	dmso-wt	drug-wt
0	1.0562993903161217	0.9414976509609777
1	1.2367475543635136	1.1183164876585712
2	1.0633249500290585	1.10827417518499
3	1.1262119619874607	1.2874817060831898
4	1.2802566166962701	1.6769845733581568
5	1.2843474115636366	1.2613133122019515
6	1.607852916867777	1.1135223929995637
7	1.5316609727932247	1.396330874111784
8	1.4758203791442424	1.439687342498241
9	1.4265346733800122	1.4078711015879417
10	1.3660776282544176	
11	1.3399681149773226	
