	dmso-wt	drug-wt
0	536.1290322580645	800.4677419354839
1	748.8548387096774	357.03225806451616
2	488.19354838709677	616.6129032258065
3	790.6290322580645	551.3548387096774
4	419.4516129032258	365.3709677419355
5	665.3870967741935	612.4193548387096
6	593.0	500.03225806451616
7	479.43548387096774	556.4032258064516
8	308.14516129032256	428.9032258064516
9	463.98387096774195	969.758064516129
10	336.741935483871	
11	642.9354838709677	
