	dmso-wt	drug-wt
0	180.70712788729134	135.40934985351774
1	161.1319579593748	148.1691269219177
2	134.59822501058412	163.9196433059258
3	142.63925546315915	151.93378897147701
4	154.66879617714955	148.875427748892
5	151.6872309212709	150.62796479260433
6	150.72659799255982	157.68850610213968
7	164.0233083455777	163.52427110550784
8	160.655648186089	149.82465961968578
9	159.95584774935097	148.38134358528083
10	150.9152107882719	
11	140.33968997732828	
