	dmso-wt	drug-wt
0	0.9894246080776458	1.0172022671834344
1	1.3019514264042638	1.1931615370159379
2	1.1176943474733565	1.0890908398284536
3	1.186480100856499	1.3583426052748346
4	1.3899148700669313	1.6291036277080568
5	1.3557455988051017	1.4267908596940273
6	1.5825525754267884	1.2490005542838218
7	1.4960673131541953	1.437205780388932
8	1.5019704734732657	1.5214876527159322
9	1.513023488818493	1.4247391384753274
10	1.3867518564020542	
11	1.4040505930730995	
