	dmso-wt	drug-wt
0	8.648809523809524	20.154761904761905
1	16.079761904761906	5.160714285714286
2	10.614285714285714	14.380952380952381
3	13.867857142857142	14.382142857142858
4	6.444047619047619	9.082142857142857
5	7.010714285714286	12.394047619047619
6	10.70357142857143	8.560714285714285
7	8.611904761904762	20.445238095238096
8	6.098809523809524	5.044047619047619
9	9.357142857142858	31.35952380952381
10	9.69404761904762	
11	15.779761904761905	
