	dmso-wt	drug-wt
0	0.6373596920581344	0.12297768859650156
1	0.35074262773855525	0.1340737012696046
2	0.06802961299086961	0.2477283948622314
3	0.1153547567681805	0.12093193951145069
4	0.13129268037118363	0.12031044782641961
5	0.3381866176098242	0.17330270877471066
6	0.18922408632043614	0.16061949907797102
7	0.16369223558144116	0.3230144989541562
8	0.2867756777821758	0.2713972589662621
9	0.1426869756429363	0.14316686844343915
10	0.1773665832574562	
11	0.09876571740635412	
