	dmso-wt	drug-wt
0	1.0288721970220258	0.8404207648047821
1	1.0830064173643033	0.9917350613172099
2	0.892658464728287	1.147235820625709
3	0.929812036350485	1.1184138318843933
4	1.1002055819746568	1.2357218813121174
5	1.1194723856277107	1.105806252151842
6	1.2770221226764464	1.0291324553979015
7	1.3537280506234726	1.0637411621536654
8	1.2465724637291726	1.3892374072825402
9	1.200439303880942	1.1711414516927852
10	1.178243494932901	
11	1.1416381575289005	
