	dmso-wt	drug-wt
0	179.07384052261938	123.70213872476259
1	188.25414910783655	168.79172359409256
2	135.77963097638508	190.8374909357528
3	145.56710044790168	181.3630199376311
4	187.37091423603164	201.70789752652104
5	197.02001904280135	196.346002842142
6	226.56788390444788	176.2013318820344
7	276.9705019184097	186.79247320263846
8	214.82336460572438	223.77269296336144
9	219.09638829459828	197.11555144508043
10	197.3666782959538	
11	178.69064929544928	
