	dmso-wt	drug-wt
0	531.2857142857143	1065.5714285714287
1	624.8571428571429	174.71428571428572
2	285.42857142857144	776.2857142857143
3	527.4285714285714	586.5714285714286
4	235.57142857142858	308.42857142857144
5	254.71428571428572	615.2857142857143
6	431.7142857142857	247.57142857142858
7	471.57142857142856	1211.142857142857
8	215.57142857142858	249.0
9	273.85714285714283	1290.857142857143
10	345.0	
11	772.0	
