	dmso-wt	drug-wt
0	10.019047619047619	20.11190476190476
1	9.245238095238095	3.566666666666667
2	6.078571428571428	14.145238095238096
3	9.44047619047619	11.683333333333334
4	4.6	5.957142857142857
5	6.402380952380953	11.602380952380953
6	8.652380952380952	4.5
7	10.097619047619048	22.35952380952381
8	4.304761904761905	5.4
9	5.664285714285715	21.09285714285714
10	7.145238095238096	
11	14.438095238095238	
