	dmso-wt	drug-wt
0	167.01610621105314	135.8276451349066
1	150.46707084917358	154.89879287997505
2	140.52797714881817	178.80826531866384
3	139.85654609758166	151.26488083290943
4	163.38119038494264	151.80563570833218
5	168.8840035655362	160.0978858294878
6	155.91494134942937	168.92083886278883
7	180.43749279222104	164.6440485781168
8	166.16825544910918	161.29719040239743
9	175.0990230540405	158.7835689285949
10	153.5471571986621	
11	140.71205837902627	
