	dmso-wt	drug-wt
0	150.8452163499008	106.39348977881131
1	207.88521893814996	191.83067343802637
2	171.75350692248225	213.04023175507592
3	158.00701022587174	197.42173287099823
4	236.0580544389812	233.8677387164326
5	237.30749683930148	205.27954621537629
6	281.21620621204704	190.47021283477022
7	266.37599034982236	182.96147865668837
8	226.244302150185	279.98459913950626
9	237.92592096909416	252.45289887985038
10	255.59846451004546	
11	192.15307706853818	
