	dmso-wt	drug-wt
0	9.071428571428571	12.071428571428571
1	5.571428571428571	10.428571428571429
2	10.214285714285714	10.785714285714286
3	9.285714285714286	13.785714285714286
4	13.571428571428571	7.785714285714286
5	8.785714285714286	10.785714285714286
6	15.285714285714286	10.714285714285714
7	10.142857142857142	12.571428571428571
8	10.928571428571429	11.071428571428571
9	8.785714285714286	6.714285714285714
10	13.0	
11	8.214285714285714	
