	dmso-wt	drug-wt
0	8.857142857142858	13.0
1	6.428571428571429	12.857142857142858
2	11.0	9.857142857142858
3	9.857142857142858	15.0
4	14.0	8.857142857142858
5	11.714285714285714	10.571428571428571
6	15.714285714285714	12.857142857142858
7	10.428571428571429	13.571428571428571
8	13.571428571428571	12.142857142857142
9	10.571428571428571	9.571428571428571
10	14.0	
11	9.571428571428571	
