	dmso-wt	drug-wt
0	1.9616666666666667	1.305
1	0.9883333333333333	1.1166666666666667
2	1.0866666666666667	2.705
3	1.74	2.32
4	1.1366666666666667	1.0666666666666667
5	2.4033333333333333	1.8516666666666666
6	4.23	2.4766666666666666
7	2.3016666666666667	2.4266666666666667
8	2.2383333333333333	2.1766666666666667
9	2.7383333333333333	1.285
10	1.1666666666666667	
11	2.151666666666667	
