	dmso-wt	drug-wt
0	17746.703568699013	13017.499820794212
1	11545.655266072936	33958.51503136014
2	34213.99149939908	7434.321583629528
3	21186.388094903414	11749.015868790872
4	53639.75899158739	45158.2923712962
5	27346.493448927882	17804.32027648122
6	16204.854934937088	32543.267554711954
7	34737.460209314246	8557.337268948735
8	21576.963530231402	74532.40976874597
9	42379.87939035865	10915.339397236434
10	19336.145699021487	
11	27106.979363270093	
