	dmso-wt	drug-wt
0	259.35714285714283	409.5
1	534.9285714285714	135.5
2	183.5	530.4285714285714
3	340.7857142857143	348.07142857142856
4	202.21428571428572	248.92857142857142
5	179.28571428571428	364.7857142857143
6	293.64285714285717	177.07142857142858
7	190.78571428571428	646.6428571428571
8	232.85714285714286	130.35714285714286
9	255.78571428571428	614.9285714285714
10	230.28571428571428	
11	206.0	
