	dmso-wt	drug-wt
0	179.06560888687363	134.8206822764213
1	152.76846402219894	146.8356549078332
2	141.83657897575762	172.57898004137527
3	148.1332050773993	155.84826770332313
4	162.02139172481088	155.5451573463267
5	156.7153861452859	160.16371470473138
6	151.3459556070878	157.94586145520702
7	170.46652397884552	164.49192925708647
8	159.644314067348	151.85922128482443
9	173.07113088892237	154.86660661606305
10	150.73005499040275	
11	143.5960401123208	
