	dmso-wt	drug-wt
0	8.403225806451612	14.661290322580646
1	9.548387096774194	12.838709677419354
2	9.258064516129032	12.838709677419354
3	9.725806451612904	13.225806451612904
4	12.209677419354838	11.387096774193548
5	11.67741935483871	11.903225806451612
6	13.5	13.306451612903226
7	12.919354838709678	16.677419354838708
8	14.903225806451612	12.241935483870968
9	11.290322580645162	8.612903225806452
10	12.306451612903226	
11	10.903225806451612	
