	dmso-wt	drug-wt
0	4.8544474393531	7.212938005390836
1	5.857142857142857	5.412398921832884
2	4.9703504043126685	6.245283018867925
3	6.762803234501348	7.315363881401617
4	6.272237196765499	5.617250673854447
5	6.727762803234501	7.277628032345014
6	6.366576819407008	6.501347708894879
7	6.544474393530997	7.433962264150943
8	5.601078167115903	5.660377358490566
9	6.44743935309973	6.495956873315364
10	5.3584905660377355	
11	5.9703504043126685	
