	dmso-wt	drug-wt
0	584.8571428571429	1203.2857142857142
1	649.0	220.14285714285714
2	360.7142857142857	813.0
3	620.8571428571429	775.0
4	286.2857142857143	366.85714285714283
5	380.7142857142857	731.8571428571429
6	486.0	295.85714285714283
7	606.7142857142857	1333.5714285714287
8	261.14285714285717	327.14285714285717
9	344.0	1463.7142857142858
10	447.7142857142857	
11	900.1428571428571	
