	dmso-wt	drug-wt
0	42600.65384130783	18752.081352794416
1	59119.94718047966	107048.41602948877
2	133643.84475932713	9156.482699290385
3	28678.765473158226	39856.48640459862
4	99182.86532172098	116191.73285706346
5	87093.28378114427	59074.18045680736
6	34443.617077472365	106872.74107540706
7	85048.21267788799	23341.940310549246
8	120578.07031133273	115274.86199860906
9	123127.8783507642	7553.356460413072
10	29853.161328367987	
11	85095.75837829226	
