	dmso-wt	drug-wt
0	1.4166666666666667	2.533333333333333
1	0.6666666666666666	1.3
2	0.48333333333333334	3.35
3	1.5333333333333334	2.2
4	1.0166666666666666	1.7333333333333334
5	2.55	2.4166666666666665
6	2.4	1.7166666666666666
7	2.55	3.183333333333333
8	2.45	2.05
9	2.033333333333333	1.2666666666666666
10	1.5	
11	1.4333333333333333	
