	dmso-wt	drug-wt
0	11978.624256316369	14180.069484970201
1	12319.922902886348	42143.91090309111
2	53630.91780103928	7422.49918893185
3	34687.195170197774	15161.214687976402
4	68924.91207151797	72241.22056016003
5	33382.8965732935	25424.59848072909
6	17983.98988121012	42200.82996160985
7	36595.75408442131	7817.246523136397
8	25286.594997969984	86760.94026044896
9	61822.044790015665	16543.856908568683
10	23551.76777974361	
11	36216.70040871415	
