	dmso-wt	drug-wt
0	182.34864688770898	135.9419538518431
1	168.53962401801618	149.2803536003214
2	127.1742722257908	155.46648125465367
3	136.5669953632095	148.01931023963087
4	146.7506163565912	142.38596111355014
5	148.41893002566115	141.5812276964837
6	150.13673359777127	157.46975405203244
7	157.74530336957318	162.57965243372868
8	161.51528218701878	148.06503872010643
9	148.25843305730075	141.89608055449858
10	151.1048825812111	
11	136.9163475277209	
