	dmso-wt	drug-wt
0	167.65352380860898	134.596921769353
1	192.33871915260846	183.71298333264625
2	160.14793080359019	200.81193728809384
3	167.48079650630206	211.76090334335413
4	229.91048815633255	248.96635701131524
5	227.7035979066497	224.0386881702518
6	247.89937309408919	202.3775071805287
7	278.82995609984545	232.501927177837
8	247.92676188444102	256.82358840192614
9	271.997207803399	225.3961000652536
10	209.29331913086932	
11	208.40963127470602	
