	dmso-wt	drug-wt
0	21054.209654115803	22074.278513052614
1	91357.0526070996	88209.16101240803
2	101628.7036119711	9534.342683185889
3	86449.81119760468	42768.185581685204
4	194629.60935973623	153076.79591167712
5	115773.39726993798	100715.1667342318
6	29716.78850071574	114639.75555463957
7	71881.643030505	9962.135082331873
8	83994.2499994335	146664.734147521
9	145224.90373559413	30410.703728491422
10	35106.41170268085	
11	100502.10699323246	
