	dmso-wt	drug-wt
0	1.0097160194518675	0.8610367823390702
1	1.111460071524401	1.0260830128239027
2	0.9225149223405649	1.1712400271303667
3	0.9551577372204985	1.161943897684211
4	1.1833660154518728	1.29147518069396
5	1.1727080726564976	1.1816834335101347
6	1.3340922191022322	1.0670202937409712
7	1.3768410759977205	1.1248035612734066
8	1.3057283311133465	1.4356539331136384
9	1.289684977947779	1.205103233595623
10	1.2240910651640164	
11	1.18951424832151	
