	dmso-wt	drug-wt
0	503.07142857142856	1185.5714285714287
1	960.7142857142857	308.14285714285717
2	622.0	831.4285714285714
3	833.5714285714286	861.5714285714286
4	398.64285714285717	542.7142857142857
5	420.85714285714283	739.2857142857143
6	621.0714285714286	519.0
7	499.42857142857144	1195.2857142857142
8	367.64285714285717	299.7142857142857
9	559.7857142857143	1880.0714285714287
10	569.1428571428571	
11	947.5714285714286	
