	dmso-wt	dmso-het
0	37.1875	43.484375
1	47.34375	41.78125
2	41.1875	43.671875
3	41.4375	51.859375
4	43.75	49.421875
5	43.0625	39.8125
6	40.15625	33.015625
7	23.796875	50.578125
8	29.53125	40.71875
9	29.625	43.9375
10	35.890625	52.21875
11	37.875	47.96875
12	35.046875	42.359375
13	34.59375	47.4375
14	49.453125	41.34375
15	38.921875	45.453125
16	43.46875	
17	48.96875	
18	40.5625	
19	31.015625	
20	38.359375	
