	dmso-wt	dmso-het
0	11.1875	7.546875
1	10.625	6.21875
2	12.25	9.5625
3	9.671875	6.734375
4	8.90625	8.734375
5	6.46875	7.265625
6	8.140625	9.453125
7	8.875	6.140625
8	10.359375	9.359375
9	7.5625	6.875
10	9.21875	5.71875
11	9.78125	7.734375
12	7.65625	7.046875
13	10.0	7.671875
14	7.515625	7.453125
15	7.71875	9.046875
16	9.671875	
17	10.265625	
18	7.390625	
19	8.953125	
20	12.78125	
