	dmso-wt	dmso-het
0	499.015625	724.53125
1	563.25	545.75
2	425.3125	889.96875
3	787.9375	723.109375
4	618.078125	945.265625
5	561.28125	1003.328125
6	893.421875	474.609375
7	249.90625	1097.59375
8	459.75	623.09375
9	498.1875	743.6875
10	566.15625	1126.515625
11	375.15625	1024.40625
12	644.6875	812.328125
13	451.625	1059.3125
14	735.53125	732.734375
15	602.796875	825.9375
16	638.46875	
17	486.3125	
18	605.609375	
19	422.40625	
20	516.75	
