	dmso-mut	drug-mut
0	143.64821659037437	168.27240571271128
1	180.6285760921408	170.64825067890882
2	155.2864333213894	170.89569543145743
3	217.27346521395867	160.04502767315404
4	489.8194291836553	272.50473580926433
5	298.27231376805105	257.5850117450911
6	228.65460697925283	219.44501263475044
7	220.2375151345201	194.8117997638102
8	399.3029452227187	265.44658131610277
9	208.36840094276818	395.20650726633465
