	dmso-mut	drug-mut
0	0.35674981443643633	0.6052016497638668
1	0.33702812216883865	0.28091226427964633
2	0.3693280637288911	0.33520086853695946
3	0.4563713816001286	0.24667708338760683
4	1.4346728861591191	0.6744331313628825
5	0.8983608558860797	0.8194681063046488
6	0.5465336778853321	0.6347249718298338
7	0.7310670864117981	0.3966622769352387
8	0.446476498001434	0.8800724475575731
9	0.6247228286352244	0.7726553740370198
