	dmso-mut	drug-mut
0	0.8517042213720575	0.9435337442695413
1	0.9420835053425894	1.0240531026648625
2	0.9314092633533056	0.9360352123194063
3	1.0023773852083122	0.9796554871339717
4	1.1528984875771673	0.9450658960104232
5	1.083530406867436	1.0235861500159509
6	1.2216994293510122	1.1190492146263809
7	1.0816435154173254	1.0902541769913858
8	1.1940961830665096	1.1730074761112679
9	1.0956912024781331	1.1322759200073922
