	dmso-mut	drug-mut
0	144.0817734489354	172.63462028811406
1	174.22230154401183	171.93876393199767
2	147.82712883160434	158.88112212003995
3	202.5182783949143	162.0118379287894
4	378.9782581259791	215.5295771653206
5	278.9194877019604	233.74145056479577
6	214.09062827605803	212.400668952848
7	203.606000439262	186.41974923311486
8	304.7997754092478	252.92450612587857
9	200.4444700265551	293.8806479565335
