	dmso-mut	drug-mut
0	6.714285714285714	9.0
1	8.0	3.7142857142857144
2	3.857142857142857	5.857142857142857
3	8.714285714285714	9.142857142857142
4	8.142857142857142	4.857142857142857
5	15.0	2.7142857142857144
6	11.428571428571429	5.285714285714286
7	9.428571428571429	11.857142857142858
8	4.428571428571429	9.0
9	9.428571428571429	4.0
