	dmso-mut	drug-mut
0	7586.954591504256	7490.395483943119
1	42220.29505607786	15610.544308987992
2	27210.607199453574	74204.61089995712
3	30684.56439436001	63598.52885906664
4	105752.14343049565	131470.5070740398
5	97400.96574439389	77265.17973027178
6	28961.890402032826	4413.2270640890165
7	73735.14993018829	14219.953479116706
8	220851.7388981553	16468.81866340091
9	55496.29004907053	52029.28755649494
