	dmso-mut	drug-mut
0	160.92782949634784	195.11919948160386
1	179.93081493483498	153.57594451565458
2	155.59214660013976	163.05929090063117
3	163.23299418320832	171.05577945042978
4	280.82501697759517	190.43629516545852
5	242.2700114902308	178.51297626899196
6	204.71945651054352	192.77899906394592
7	191.32379240262662	169.8005149531637
8	232.3308544214226	234.6666695978444
9	225.91720924600705	219.04196505688273
