	dmso-mut	drug-mut
0	142.63985687924165	172.947790385264
1	166.89732575181006	174.64570063469733
2	150.7216932761019	167.06569634664325
3	205.58199383764014	172.48911653296256
4	333.3204838738138	242.5544063694435
5	253.8312189217931	244.789565163722
6	230.39471618609429	223.69834461424944
7	243.30404285030926	191.94359654737679
8	239.8952897615088	255.7507406391841
9	210.0704326214477	249.14083210035912
