	dmso-mut	drug-mut
0	147.4076987757342	177.16930978227103
1	168.31660586017256	151.44719459538095
2	150.89063666899958	149.57101300367196
3	167.16073076210589	150.15468550766826
4	314.1827454267704	197.85567036339884
5	222.803505297274	195.36120765271596
6	164.95976508520445	183.16054759515683
7	172.08496387064812	153.44181713909916
8	189.3189081687672	212.2818593897911
9	181.56687326129213	198.99117030154926
