	dmso-mut	drug-mut
0	11024.7082689629	13004.998683882892
1	14948.055725545666	46000.790595209655
2	13363.76373518957	11832.633858067982
3	7031.325718119473	37068.18679662004
4	304529.7847778649	61041.951928784416
5	13607.045559340899	6538.258714158051
6	11073.563136468127	9680.289012753141
7	9894.227202772281	11676.131998487428
8	34081.172256340375	11710.707985016705
9	10657.455198571513	9840.504715075864
