	dmso-mut	drug-mut
0	1.0003676548490579	1.0221616566993716
1	1.069753888703827	1.1700078126115536
2	1.0036586238000114	1.0952264162068694
3	1.2368775157536351	1.0863926829568917
4	1.0404670964140634	1.0624315142812966
5	1.1912956125901224	1.1720288204895872
6	1.386405150524133	1.234030258557178
7	1.23250646019221	1.2691181018382816
8	1.3811687723827961	1.27624363069004
9	1.1514235476439663	1.3733254918089501
