	dmso-het	drug-het
0	1.30224161389518	0.9462099824178883
1	1.0055936571902124	0.9384641979437855
2	1.2299789625137956	0.8491279569953212
3	1.4012563338944755	0.9474592001920297
4	1.4076667876995057	1.0030736820629578
5	1.3579585944257506	0.8410463357345884
6	1.4129541628504263	1.114709037199426
7	1.3694724016214839	1.105208160321516
8	1.4332063294901063	1.1464060452358409
9	1.3894800231776807	1.1523744553215405
10	1.2198368666634447	1.2812580752804688
11	1.246028964240596	1.263237402643876
