	dmso-het	drug-het
0	769.15	409.71666666666664
1	447.1	168.41666666666666
2	397.65	157.23333333333332
3	253.41666666666666	311.53333333333336
4	351.2	287.95
5	942.7	143.71666666666667
6	480.85	121.13333333333334
7	551.5666666666667	425.8
8	977.5666666666667	175.63333333333333
9	615.35	390.8833333333333
10	374.68333333333334	390.8333333333333
11	777.4	490.0833333333333
