	dmso-het	drug-het
0	186.41376050253936	113.97990435691602
1	140.4285394709747	126.56048767442843
2	174.4640828084821	106.27839564923303
3	257.1703043620189	117.92708785032812
4	222.88007380636313	130.4574091157529
5	227.4404344347564	110.75279689178056
6	214.31091572236303	173.31632222546918
7	228.61917424423189	166.8226295269334
8	392.3177586284108	215.3939043383034
9	301.77431575240763	170.12874066782575
10	179.64782558565122	200.4017595458887
11	201.9810460035528	206.53022120005303
