	dmso-het	drug-het
0	143.4307012734488	116.33769897309216
1	158.19808481464483	120.22541591734685
2	145.17040424492816	129.5223475654354
3	196.73604269124021	131.01328413950083
4	151.47853532902536	128.04937308060605
5	171.8463887198712	124.48001676325387
6	176.55997673729763	163.16492709713768
7	179.1839039664401	136.82911371137897
8	208.72973648129644	207.11249112148286
9	210.86896443596785	147.53769708726554
10	145.44922772677938	178.42195150563393
11	155.57367748718272	165.47722236787894
