	dmso-het	drug-het
0	6022.973859997582	3778.7485142075725
1	20886.170569970887	49327.61236363449
2	9821.788449084603	21348.614628870524
3	24807.073047483223	5018.20739145818
4	6162.154227406304	7220.290246010488
5	2590.0782310285786	6864.692532605906
6	17479.40502854626	52644.0246358317
7	5264.245179912534	9297.542349639201
8	1380.3879104204157	11907.262186278642
9	2815.7928424151783	5201.580667977112
10	4864.864294081627	3869.7214809825373
11	3323.415688956415	6453.461678407354
