	dmso-het	drug-het
0	155.1286326445826	110.6490065838712
1	147.74816593925817	116.68116867161638
2	164.80654184525528	107.65185123964622
3	207.27100046207855	110.81995116296982
4	191.88117508772433	123.55624103577973
5	218.82255762037735	98.64238645063271
6	247.0100983738326	149.55858699910297
7	208.4892238130021	190.2308658828896
8	269.124712291341	196.3378161021041
9	292.90478446898294	170.30605036647404
10	195.71971331230458	231.22563366146642
11	178.9460859298274	225.3372319149247
