	dmso-wt	dmso-het
0	9.693548387096774	8.241935483870968
1	8.53225806451613	11.03225806451613
2	9.67741935483871	10.919354838709678
3	8.419354838709678	13.564516129032258
4	12.548387096774194	11.483870967741936
5	10.806451612903226	9.32258064516129
6	13.887096774193548	11.209677419354838
7	12.209677419354838	12.82258064516129
8	12.241935483870968	11.096774193548388
9	12.951612903225806	9.258064516129032
10		10.85483870967742
