	dmso-wt	dmso-het
0	85.47619047619048	129.95238095238096
1	183.57142857142858	85.47619047619048
2	145.8095238095238	37.69047619047619
3	150.9047619047619	67.95238095238095
4	95.4047619047619	191.64285714285714
5	63.92857142857143	51.92857142857143
6	42.404761904761905	64.69047619047619
7	104.5	144.28571428571428
8	98.07142857142857	96.71428571428571
9	128.66666666666666	121.33333333333333
10		213.64285714285714
