	dmso-wt	dmso-het
0	123.63095238095238	102.19047619047619
1	159.97619047619048	81.89285714285714
2	157.26190476190476	58.05952380952381
3	156.52380952380952	70.25
4	83.0952380952381	174.72619047619048
5	86.38095238095238	90.08333333333333
6	52.535714285714285	87.36904761904762
7	162.6904761904762	151.82142857142858
8	78.27380952380952	124.78571428571429
9	141.60714285714286	161.83333333333334
10		214.72619047619048
