	dmso-wt	dmso-het
0	1.423954278121328	1.1863585182078535
1	1.5726130449760594	1.2583633891008563
2	1.6264694791663818	1.088669474226497
3	1.4182760491963915	1.2063646019691379
4	1.223239040355636	1.394825197371143
5	1.1552097356242181	1.258497055743872
6	1.0595930920410308	1.196940077989346
7	1.4141475509921102	1.372832018604716
8	0.93785190145169	1.342831105973008
9	1.247267506601717	1.5232404067328627
10		1.7418285536145985
