	dmso-wt	dmso-het
0	28450.403786907053	13091.258436421103
1	8102.154771768802	11779.904338386086
2	16296.831046460853	91843.87027803517
3	4909.6762102451385	19843.457999473976
4	25544.745545421494	12970.720477780444
5	33446.13850291822	16451.44440061537
6	99762.49679605332	100902.6281854429
7	7766.911090646974	51794.08244756137
8	52853.21380593608	6909.287988523161
9	25679.648238984268	16605.941736884048
10		4508.852686460699
