	dmso-wt	dmso-het
0	5878.33272496416	7075.919141156324
1	4206.951334211538	8092.542393589879
2	5815.156358934745	20695.393648308585
3	6621.5038749883615	10163.986618121267
4	11098.469426556707	6786.869813879662
5	11453.957626939418	8974.996038035817
6	13577.636874301592	12046.155220529918
7	4853.667364568136	6922.214956967202
8	12214.50602170155	6557.864759457357
9	5604.399055232849	5977.28580427848
10		3701.4271770253577
