	dmso-wt	dmso-het
0	1.0	1.1904761904761905
1	0.9285714285714286	2.142857142857143
2	1.0238095238095237	1.9761904761904763
3	0.2619047619047619	2.3095238095238093
4	2.3095238095238093	1.0714285714285714
5	2.238095238095238	2.2142857142857144
6	2.3333333333333335	2.0476190476190474
7	2.5714285714285716	1.9285714285714286
8	2.2857142857142856	1.619047619047619
9	2.3333333333333335	1.9047619047619047
10		1.4761904761904763
