	dmso-wt	dmso-het
0	22380.460258636045	31209.766637988276
1	35176.89108753718	36631.88830750557
2	25724.70145635028	34159.82768098159
3	16728.94932770963	39135.82129591402
4	15692.861450548984	20023.052934584648
5	14855.111877664189	45394.01735593713
6	13317.435514388773	40763.20212961457
7	20011.133219772684	19356.832441678558
8	22335.31084571295	42545.05199594009
9	11497.354163593265	27242.98616003192
10		12219.216510598097
