	dmso-wt	dmso-het
0	5091.673835929165	9146.74880397771
1	5226.179739240573	7655.864970303847
2	7856.907434671923	14160.882474891308
3	9399.09932664872	9337.222834635531
4	16155.578920103362	9113.061689665616
5	11123.1609345397	6122.079276098688
6	11101.547393236595	6917.636188400983
7	4525.69129839714	9408.31102665179
8	14068.498100629467	4612.198233518762
9	6138.128906771041	4731.359976859801
10		3991.604232138398
