	dmso-wt	drug-wt
0	1.1833333333333333	2.283333333333333
1	0.95	0.5333333333333333
2	1.5833333333333333	0.8166666666666667
3	2.3333333333333335	1.4666666666666666
4	0.95	1.4833333333333334
5	1.7166666666666666	1.0333333333333334
6	1.15	2.316666666666667
7	2.216666666666667	1.5166666666666666
8	1.9666666666666666	2.6166666666666667
9	2.85	1.8666666666666667
10	2.05	1.0
11	1.8666666666666667	
12	2.716666666666667	
13	2.1333333333333333	
