	dmso-wt	drug-wt
0	54.142857142857146	54.142857142857146
1	39.57142857142857	49.42857142857143
2	23.285714285714285	40.857142857142854
3	27.0	53.142857142857146
4	26.428571428571427	26.857142857142858
5	56.42857142857143	30.0
6	51.142857142857146	32.285714285714285
7	51.0	51.142857142857146
8	36.285714285714285	35.857142857142854
9	52.714285714285715	43.57142857142857
10	25.857142857142858	51.0
11	38.42857142857143	
12	35.57142857142857	
13	51.857142857142854	
