	dmso-wt	drug-wt
0	10.0	10.0
1	5.309523809523809	8.30952380952381
2	4.571428571428571	5.238095238095238
3	5.214285714285714	9.69047619047619
4	6.261904761904762	4.928571428571429
5	7.738095238095238	5.119047619047619
6	7.5	4.5
7	8.047619047619047	9.928571428571429
8	5.738095238095238	8.80952380952381
9	8.761904761904763	9.142857142857142
10	4.785714285714286	9.547619047619047
11	8.357142857142858	
12	6.761904761904762	
13	9.976190476190476	
