	dmso-wt	drug-wt
0	2.033333333333333	3.8666666666666667
1	1.7666666666666666	0.8666666666666667
2	2.05	1.5166666666666666
3	3.816666666666667	2.25
4	2.533333333333333	2.5
5	4.65	1.6666666666666667
6	2.0166666666666666	3.9
7	3.6333333333333333	2.2666666666666666
8	3.1666666666666665	3.9833333333333334
9	7.016666666666667	2.933333333333333
10	2.9833333333333334	1.5833333333333333
11	2.9833333333333334	
12	5.25	
13	3.8	
