	dmso-wt	drug-wt
0	59.857142857142854	60.0
1	33.714285714285715	50.857142857142854
2	28.428571428571427	33.57142857142857
3	29.0	56.714285714285715
4	36.714285714285715	29.428571428571427
5	50.0	31.428571428571427
6	47.142857142857146	28.0
7	49.285714285714285	59.57142857142857
8	33.57142857142857	52.142857142857146
9	53.857142857142854	53.285714285714285
10	28.428571428571427	57.285714285714285
11	49.285714285714285	
12	38.42857142857143	
13	59.57142857142857	
