	dmso-wt	drug-wt
0	6.758064516129032	10.112903225806452
1	8.580645161290322	8.435483870967742
2	8.82258064516129	11.080645161290322
3	12.85483870967742	9.129032258064516
4	8.96774193548387	9.048387096774194
5	9.016129032258064	10.016129032258064
6	7.838709677419355	10.564516129032258
7	13.290322580645162	6.209677419354839
8	12.46774193548387	10.419354838709678
9	9.403225806451612	9.096774193548388
10	11.725806451612904	7.016129032258065
11	10.5	
12	15.806451612903226	
13	9.935483870967742	
