	dmso-wt	drug-wt
0	0.63	1.055
1	0.72	0.6583333333333333
2	0.5266666666666666	1.0833333333333333
3	1.34	0.47833333333333333
4	2.5433333333333334	1.4366666666666668
5	2.9816666666666665	1.3066666666666666
6	0.9883333333333333	1.4166666666666667
7	1.2733333333333334	1.0366666666666666
8	1.1133333333333333	1.3916666666666666
9	3.6666666666666665	0.7883333333333333
10	1.87	0.8633333333333333
11	0.8816666666666667	
12	2.526666666666667	
13	1.3816666666666666	
