	dmso-wt	drug-wt
0	2590.9285714285716	2285.4285714285716
1	668.5714285714286	1754.142857142857
2	644.4285714285714	705.8571428571429
3	513.6428571428571	1733.7142857142858
4	954.4285714285714	657.2857142857143
5	1163.357142857143	363.7857142857143
6	1416.0	913.8571428571429
7	1160.857142857143	1839.142857142857
8	726.5714285714286	1561.9285714285713
9	1134.9285714285713	1065.4285714285713
10	674.5	1966.4285714285713
11	918.0	
12	416.35714285714283	
13	1847.5714285714287	
