	dmso-wt	drug-wt
0	2811.714285714286	2272.8571428571427
1	539.4285714285714	1715.7142857142858
2	502.7142857142857	274.14285714285717
3	422.14285714285717	1736.142857142857
4	1173.857142857143	648.5714285714286
5	968.5714285714286	428.2857142857143
6	1261.0	719.2857142857143
7	938.5714285714286	2469.1428571428573
8	696.2857142857143	2072.5714285714284
9	1087.142857142857	1097.4285714285713
10	713.7142857142857	1921.142857142857
11	1133.5714285714287	
12	380.14285714285717	
13	1665.0	
