	dmso-wt	drug-wt
0	2584.5714285714284	2245.785714285714
1	629.5	1628.0714285714287
2	633.7857142857143	694.0714285714286
3	494.35714285714283	1700.2857142857142
4	931.7857142857143	634.2857142857143
5	1124.2142857142858	327.64285714285717
6	1400.857142857143	903.6428571428571
7	1042.142857142857	1832.0
8	689.2857142857143	1543.142857142857
9	1119.5714285714287	1046.9285714285713
10	650.2142857142857	1932.142857142857
11	855.5	
12	383.07142857142856	
13	1797.5	
