	dmso-wt	drug-wt
0	0.42857142857142855	2.5714285714285716
1	8.571428571428571	9.428571428571429
2	7.142857142857143	12.571428571428571
3	8.714285714285714	6.0
4	7.0	8.571428571428571
5	6.571428571428571	9.857142857142858
6	9.428571428571429	8.857142857142858
7	16.0	0.5714285714285714
8	11.285714285714286	7.0
9	8.142857142857142	8.571428571428571
10	10.0	5.857142857142857
11	13.142857142857142	
12	16.0	
13	5.285714285714286	
