	dmso-wt	drug-wt
0	2370.1428571428573	2298.0
1	797.7142857142857	1792.5714285714287
2	786.1428571428571	1137.5714285714287
3	605.1428571428571	1731.2857142857142
4	735.0	666.0
5	1358.142857142857	299.2857142857143
6	1571.0	1108.4285714285713
7	1383.142857142857	1209.142857142857
8	756.8571428571429	1051.2857142857142
9	1182.7142857142858	1033.4285714285713
10	635.2857142857143	2011.7142857142858
11	702.4285714285714	
12	452.57142857142856	
13	2030.142857142857	
