	dmso-wt	drug-wt
0	1296.0	771.5
1	260.64285714285717	536.0
2	462.42857142857144	681.7142857142857
3	342.7857142857143	691.3571428571429
4	725.7857142857143	481.92857142857144
5	589.7857142857143	177.14285714285714
6	1263.2142857142858	952.7857142857143
7	476.85714285714283	1500.9285714285713
8	409.14285714285717	1015.0714285714286
9	1178.857142857143	719.9285714285714
10	495.7142857142857	1496.9285714285713
11	449.85714285714283	
12	282.85714285714283	
13	1011.7142857142857	
