	dmso-wt	drug-wt
0	2809.714285714286	2228.5714285714284
1	499.57142857142856	1535.7142857142858
2	486.7142857142857	259.14285714285717
3	397.85714285714283	1691.142857142857
4	1149.0	616.8571428571429
5	936.5714285714286	392.7142857142857
6	1243.142857142857	707.1428571428571
7	829.8571428571429	2468.5714285714284
8	655.7142857142857	2047.0
9	1069.0	1077.142857142857
10	677.7142857142857	1876.5714285714287
11	1043.0	
12	339.0	
13	1585.7142857142858	
