	dmso-wt	drug-wt
0	1493.5967741935483	1120.7096774193549
1	355.7096774193548	955.6290322580645
2	257.66129032258067	315.9516129032258
3	408.51612903225805	638.6451612903226
4	1003.0806451612904	705.8870967741935
5	691.7903225806451	410.7258064516129
6	642.0322580645161	515.1935483870968
7	497.741935483871	1014.4032258064516
8	373.7741935483871	1263.0
9	1033.5645161290322	638.241935483871
10	466.5483870967742	709.5967741935484
11	720.0	
12	373.3225806451613	
13	927.1290322580645	
