	dmso-wt	drug-wt
0	2359.4285714285716	2263.0
1	759.4285714285714	1720.4285714285713
2	780.8571428571429	1129.0
3	590.8571428571429	1709.4285714285713
4	714.5714285714286	651.7142857142857
5	1311.857142857143	262.57142857142856
6	1558.5714285714287	1100.142857142857
7	1254.4285714285713	1195.4285714285713
8	722.8571428571429	1039.2857142857142
9	1170.142857142857	1016.7142857142857
10	622.7142857142857	1987.7142857142858
11	668.0	
12	427.14285714285717	
13	2009.2857142857142	
