	dmso-wt	drug-wt
0	3.2857142857142856	4.0
1	9.857142857142858	6.714285714285714
2	5.285714285714286	9.571428571428571
3	7.285714285714286	5.142857142857143
4	7.142857142857143	8.285714285714286
5	7.0	13.0
6	7.571428571428571	6.0
7	11.571428571428571	6.857142857142857
8	10.571428571428571	9.571428571428571
9	8.857142857142858	10.571428571428571
10	9.0	4.571428571428571
11	11.857142857142858	
12	14.142857142857142	
13	7.142857142857143	
