	dmso-wt	drug-wt
0	4.533333333333333	8.283333333333333
1	4.383333333333334	2.8666666666666667
2	4.416666666666667	8.166666666666666
3	10.033333333333333	3.283333333333333
4	21.033333333333335	14.183333333333334
5	24.15	12.75
6	7.833333333333333	12.2
7	9.233333333333333	7.683333333333334
8	10.283333333333333	11.016666666666667
9	33.016666666666666	6.116666666666666
10	19.366666666666667	7.7
11	7.05	
12	20.45	
13	12.316666666666666	
