	dmso-het	drug-het
0	10.816666666666666	10.816666666666666
1	31.683333333333334	21.25
2	22.316666666666666	9.7
3	8.666666666666666	9.9
4	70.26666666666667	92.5
5	61.016666666666666	4.166666666666667
6	66.88333333333334	36.6
7	88.71666666666667	31.333333333333332
8	46.68333333333333	33.4
9	11.566666666666666	29.5
10	69.65	66.2
11	27.75	36.766666666666666
12	62.31666666666667	35.56666666666667
13	85.78333333333333	26.4
14	30.266666666666666	21.916666666666668
15	92.95	
16	108.95	
