	dmso-mut	drug-mut
0	129.1639344262295	209.47540983606558
1	204.70491803278688	160.13114754098362
2	102.72131147540983	176.7704918032787
3	159.672131147541	234.21311475409837
4	275.9672131147541	248.08196721311475
5	398.08196721311475	138.60655737704917
6		237.11475409836066
7		136.36065573770492
8		203.7704918032787
