	dmso-het	drug-het
0	43.484375	48.21875
1	41.78125	36.8125
2	43.671875	47.53125
3	51.859375	47.765625
4	49.421875	47.140625
5	39.8125	46.015625
6	33.015625	48.75
7	50.578125	43.34375
8	40.71875	43.53125
9	43.9375	48.59375
10	52.21875	51.609375
11	47.96875	48.984375
12	42.359375	41.078125
13	47.4375	49.25
14	41.34375	49.15625
15	45.453125	39.1875
