	dmso-het	drug-het
0	724.53125	1255.1875
1	545.75	740.140625
2	889.96875	990.640625
3	723.109375	828.671875
4	945.265625	1077.015625
5	1003.328125	1101.8125
6	474.609375	1101.71875
7	1097.59375	1049.25
8	623.09375	1194.96875
9	743.6875	1206.796875
10	1126.515625	1121.265625
11	1024.40625	973.0625
12	812.328125	828.96875
13	1059.3125	665.296875
14	732.734375	1226.25
15	825.9375	549.5625
