	dmso-het	drug-het
0	1.4666666666666666	2.8833333333333333
1	1.6833333333333333	2.3
2	2.3333333333333335	3.1166666666666667
3	2.033333333333333	1.7833333333333334
4	2.45	2.783333333333333
5	2.15	2.05
6	2.4	2.65
7	1.3166666666666667	3.2
8	1.3	2.566666666666667
9	1.8	3.05
10	1.5833333333333333	2.716666666666667
11	2.25	0.75
12	1.8166666666666667	2.1166666666666667
13	2.533333333333333	2.466666666666667
14	1.8333333333333333	1.3
15	1.7833333333333334	2.966666666666667
