	dmso-het	drug-het
0	707.875	1243.78125
1	539.65625	682.375
2	880.140625	959.28125
3	714.46875	763.484375
4	934.109375	1047.140625
5	998.84375	1080.375
6	457.765625	1079.21875
7	1070.296875	1024.15625
8	609.84375	1178.0
9	729.234375	1187.234375
10	1117.609375	1108.03125
11	1014.984375	900.71875
12	802.71875	800.859375
13	1044.78125	624.015625
14	722.890625	1213.625
15	808.90625	492.703125
