	dmso-mut	drug-mut
0	175.4516129032258	51.70967741935484
1	123.93548387096774	35.725806451612904
2	155.61290322580646	11.370967741935484
3	121.7258064516129	14.241935483870968
4	91.7741935483871	29.080645161290324
5	99.80645161290323	32.806451612903224
6	107.83870967741936	64.58064516129032
7	71.96774193548387	35.354838709677416
8	252.06451612903226	
9	76.66129032258064	
10	124.64516129032258	
11	81.20967741935483	
