	dmso-mut	drug-mut
0	1259.142857142857	1122.0
1	1085.5714285714287	1823.2857142857142
2	2984.285714285714	723.2857142857143
3	617.1428571428571	621.8571428571429
4	1340.857142857143	1265.4285714285713
5	667.5714285714286	1117.5714285714287
6	825.5714285714286	685.2857142857143
7	870.5714285714286	1316.0
8	833.4285714285714	1028.2857142857142
9	719.5714285714286	1284.5714285714287
10	536.7142857142857	799.5714285714286
11	1181.857142857143	1274.2857142857142
12	1100.857142857143	
