	dmso-mut	drug-mut
0	7.142857142857143	6.857142857142857
1	7.285714285714286	10.857142857142858
2	0.2857142857142857	11.0
3	5.0	8.857142857142858
4	6.285714285714286	5.428571428571429
5	16.571428571428573	0.2857142857142857
6	6.428571428571429	11.142857142857142
7	9.0	12.0
8	10.428571428571429	3.7142857142857144
9	11.571428571428571	8.714285714285714
10	14.285714285714286	7.285714285714286
11	12.0	9.285714285714286
12	9.0	
