	dmso-mut	drug-mut
0	6.153846153846154	5.116710875331565
1	5.901856763925729	5.981432360742706
2	6.151193633952254	6.928381962864721
3	4.559681697612732	6.554376657824934
4	6.068965517241379	7.002652519893899
5	6.647214854111406	5.843501326259947
6	6.076923076923077	7.127320954907161
7	6.665782493368701	9.379310344827585
8	7.76657824933687	7.344827586206897
9	6.835543766578249	7.387267904509284
10	7.387267904509284	6.907161803713528
11	8.856763925729442	7.612732095490716
12	9.015915119363395	
