	dmso-mut	drug-mut
0	25.185714285714287	19.01904761904762
1	21.823809523809523	32.35
2	51.01904761904762	12.416666666666666
3	8.18095238095238	12.602380952380953
4	24.764285714285716	26.747619047619047
5	11.635714285714286	23.564285714285713
6	19.021428571428572	10.683333333333334
7	14.721428571428572	22.923809523809524
8	16.93095238095238	19.935714285714287
9	13.878571428571428	22.576190476190476
10	9.876190476190477	15.366666666666667
11	23.23095238095238	23.8
12	19.304761904761904	
