	dmso-mut	drug-mut
0	25.285714285714285	16.529761904761905
1	19.413095238095238	24.909523809523808
2	50.43690476190476	10.4
3	9.638095238095238	13.28452380952381
4	27.575	31.31904761904762
5	9.7	40.50119047619047
6	20.345238095238095	10.325
7	18.798809523809524	24.260714285714286
8	17.14047619047619	29.116666666666667
9	11.927380952380952	22.676190476190477
10	8.2	18.24404761904762
11	20.377380952380953	21.598809523809525
12	23.425	
