	dmso-mut	drug-mut
0	1650.7142857142858	817.0
1	1180.0	1123.0
2	3078.1428571428573	506.42857142857144
3	719.0	898.7142857142857
4	1823.857142857143	2340.8571428571427
5	485.0	3453.1428571428573
6	1586.5714285714287	513.7142857142857
7	1127.5714285714287	1310.0
8	1174.5714285714287	2282.8571428571427
9	631.4285714285714	1337.142857142857
10	430.14285714285717	1339.142857142857
11	1245.5714285714287	1140.7142857142858
12	1445.142857142857	
