	dmso-wt	dmso-het
0	1.3833333333333333	1.3166666666666667
1	3.433333333333333	0.8333333333333334
2	1.9166666666666667	1.5833333333333333
3	2.066666666666667	9.25
4	2.183333333333333	0.55
5	3.35	2.4166666666666665
6	3.3666666666666667	2.6333333333333333
7	2.033333333333333	2.05
8	3.85	2.7
9	7.05	6.683333333333334
10	4.233333333333333	5.466666666666667
11	5.533333333333333	2.0833333333333335
12	6.516666666666667	3.3666666666666667
13	4.1	6.35
14	5.6	1.95
15	5.016666666666667	
