	dmso-mut	drug-mut
0	678.6428571428571	827.7142857142857
1	496.57142857142856	687.5714285714286
2	953.5	597.2857142857143
3	730.5	557.4285714285714
4	306.07142857142856	558.5714285714286
5	257.14285714285717	731.2142857142857
6	560.3571428571429	1272.857142857143
7	437.14285714285717	411.5
8	346.7857142857143	489.07142857142856
9	541.7857142857143	684.8571428571429
