	dmso-het	drug-het
0	800.0333333333333	648.3166666666667
1	652.15	165.65
2	659.35	150.73333333333332
3	180.25	576.8333333333334
4	571.45	459.95
5	943.4833333333333	164.0
6	531.7666666666667	132.38333333333333
7	676.75	562.9833333333333
8	1025.1666666666667	134.61666666666667
9	550.7833333333333	516.8166666666667
10	820.8166666666667	490.73333333333335
11	1097.4166666666667	677.3666666666667
