	dmso-het	drug-het
0	1685.7142857142858	1546.5714285714287
1	1251.7857142857142	330.42857142857144
2	1096.4285714285713	356.2857142857143
3	523.9285714285714	1413.357142857143
4	963.7857142857143	941.4285714285714
5	2348.3571428571427	587.8571428571429
6	572.5714285714286	271.7857142857143
7	914.0	1181.2142857142858
8	1462.2857142857142	319.2857142857143
9	1163.857142857143	1353.5
10	1391.9285714285713	1435.2142857142858
11	1723.5	1419.142857142857
