	dmso-het	drug-het
0	753.65	182.91666666666666
1	344.8333333333333	46.63333333333333
2	428.1166666666667	40.75
3	231.03333333333333	166.4
4	359.53333333333336	132.7
5	835.9166666666666	39.31666666666667
6	479.8333333333333	61.266666666666666
7	586.3666666666667	323.5
8	981.4666666666667	101.18333333333334
9	501.1333333333333	282.25
10	484.23333333333335	352.98333333333335
11	743.9833333333333	464.25
