	dmso-het	drug-het
0	41.285714285714285	57.0
1	43.5	32.42857142857143
2	44.42857142857143	34.42857142857143
3	38.57142857142857	57.357142857142854
4	47.07142857142857	51.785714285714285
5	56.92857142857143	48.57142857142857
6	37.0	20.928571428571427
7	41.214285714285715	55.142857142857146
8	44.357142857142854	24.785714285714285
9	55.07142857142857	53.57142857142857
10	48.285714285714285	55.785714285714285
11	56.0	49.92857142857143
