	dmso-het	drug-het
0	12.865999443981096	6.8167917709202115
1	7.554072838476508	2.8181818181818183
2	6.697803725326661	2.591326105087573
3	4.221017514595497	5.247428412566027
4	5.878231859883236	4.808173477898248
5	15.771754239644148	2.3833750347511815
6	8.110647762023909	2.0194606616624964
7	9.221017514595497	7.125660272449263
8	16.466499860995274	2.909646927995552
9	10.206561023074785	6.450097303308312
10	6.289129830414234	6.465109813733667
11	13.034751181540173	8.091465109813734
