	dmso-het	drug-het
0	1.0238095238095237	0.07142857142857142
1	1.6904761904761905	0.42857142857142855
2	0.5952380952380952	0.6428571428571429
3	1.7380952380952381	0.7380952380952381
4	1.619047619047619	0.6190476190476191
5	2.0952380952380953	1.3333333333333333
6	2.238095238095238	1.119047619047619
7	2.261904761904762	1.3571428571428572
8	1.9523809523809523	0.11904761904761904
9	1.3333333333333333	
