	dmso-het	drug-het
0	0.5863997199800473	0.29175764348861793
1	1.238961815303901	0.10237737617841026
2	0.9094927746698833	0.5083304505046021
3	0.4527623627583181	0.4291951951460054
4	0.443852543854588	0.5315446076720024
5	0.4608588216957942	0.6561754868838436
6	0.43772089840171974	0.3235326782758213
7	0.36121525498293733	0.8298467844389121
8	0.5065577903506461	0.7167698334029228
9	0.49619970041073785	
