	dmso-het	drug-het
0	0.9642857142857143	0.2857142857142857
1	1.7857142857142858	0.7380952380952381
2	0.6071428571428571	0.75
3	1.4285714285714286	0.6428571428571429
4	1.6666666666666667	0.8214285714285714
5	1.8571428571428572	1.5595238095238095
6	2.0595238095238093	1.0952380952380953
7	1.9761904761904763	1.2738095238095237
8	1.880952380952381	0.07142857142857142
9	1.4166666666666667	
