	dmso-het	drug-het
0	5.857142857142857	3.0
1	10.714285714285714	7.0
2	3.7142857142857144	5.428571428571429
3	7.285714285714286	2.857142857142857
4	9.857142857142858	6.0
5	10.714285714285714	9.571428571428571
6	11.142857142857142	6.714285714285714
7	10.857142857142858	6.428571428571429
8	11.428571428571429	0.42857142857142855
9	9.0	
