	dmso-het	drug-het
0	43878.249147607065	2246.233988197436
1	13970.009035186475	5659.524769079712
2	8864.44299388924	2734.0091756073903
3	6639.113912726608	4996.820006161456
4	8167.614652979018	2873.344350976712
5	9780.252394659852	5108.91453492413
6	9380.934229913813	7845.081540491041
7	7269.117582353624	6398.79282992382
8	7368.337014726864	3051.788511128402
9	6660.673016472075	
