	dmso-het	drug-het
0	118110.96128085484	2641.074209747099
1	45301.79993011623	6091.23411302682
2	150154.06469550732	2854.766512402381
3	13473.625285468073	6033.492378202985
4	10004.456543784867	13928.15712868825
5	19148.302143380028	6365.8504540790955
6	12856.65524753988	17573.883999781243
7	16565.069042448027	6877.731813915965
8	12964.679506568848	3289.983583372064
9	10131.843950333017	
