	dmso-het	drug-het
0	0.5239654870361411	0.2888788011182317
1	1.0408286189883256	0.09875657129009394
2	0.6749443776404624	0.4636510685209675
3	0.41940740312977837	0.401194042717114
4	0.4096878103870379	0.4932232013837464
5	0.39794387476520054	0.46842476073081346
6	0.34462587141961104	0.2713030633963152
7	0.29138003854881867	0.7792483394185535
8	0.38831919965561923	0.6746322836311561
9	0.36362780239110687	
