	dmso-het	drug-het
0	141228.41099286213	3689.865355166648
1	48382.964472381136	7963.037623850978
2	136202.45616062437	3432.9321435909646
3	11834.716903083658	4781.376761227496
4	9213.678672361024	9731.553562030633
5	18266.3325444644	9539.560380604025
6	14327.205875954747	12991.11866127262
7	13109.423881082039	5928.709033205983
8	16657.106189664995	2717.814142590029
9	11487.726356326797	
