	dmso-het	drug-het
0	6.142857142857143	1.5714285714285714
1	10.928571428571429	5.0
2	3.4285714285714284	5.214285714285714
3	8.5	3.7857142857142856
4	10.357142857142858	5.142857142857143
5	11.142857142857142	9.0
6	12.142857142857142	6.642857142857143
7	11.714285714285714	7.714285714285714
8	11.285714285714286	0.5714285714285714
9	8.642857142857142	
