	dmso-het	drug-het
0	188.94677355661491	160.10723340731136
1	289.43711767455267	130.63431546541207
2	184.05379285006717	177.0839136874788
3	171.0379077195018	169.2512435562759
4	197.44114441952306	178.90914282923137
5	169.28403231559153	177.78225374549908
6	162.5761239224162	140.51724994754636
7	148.93916033844	188.47923788703946
8	154.81001494208743	195.43813031795665
9	159.4864061442664	
