	dmso-het	drug-het
0	0.26687358324825594	0.132835428989599
1	0.5559181417039448	0.08415200918360471
2	0.5384368615524305	0.37011873701235776
3	0.3581834518611222	0.4098218576881591
4	0.310445981212714	0.2779724337091651
5	0.3196683766761265	0.5815819911939663
6	0.296421814578826	0.22321467007247803
7	0.2641605087936568	0.42815226273682616
8	0.39007202961662907	0.39401605074213264
9	0.32628513546870175	
