	dmso-het	drug-het
0	0.193253732097091	0.12575484796767195
1	0.4547312564010744	0.0810665251567453
2	0.4232902680340687	0.356260008044377
3	0.3309065785471074	0.40342378244628163
4	0.2647709965635813	0.25970860266988743
5	0.27298024145694566	0.5297826257596122
6	0.2573107293055431	0.20487230194023073
7	0.21970469785080243	0.41075986386957497
8	0.32219861696822044	0.37667391873109474
9	0.2709665941278278	
