	dmso-wt	dmso-het
0	1.2517587528919922	1.1763050061947617
1	1.2255777069616183	1.2066047231228718
2	1.271787327691951	1.2570530574117822
3	1.1104520848593797	1.388490908692823
4	1.1841885052704837	1.398833923758645
5	1.3973732006929032	1.474941874289912
6	1.3278700061154614	1.5038851829418225
7	1.6489906859319325	1.6604184277162943
8	1.5007431565369196	1.2651101973657124
9	1.461936931069192	1.473716707646184
10	1.3636048494237658	
