	dmso-wt	dmso-het
0	210.2231853031063	175.3014661836161
1	182.38352209282579	169.8486256206669
2	199.02275014436918	221.91694131962788
3	202.642332210698	266.5904297146373
4	236.59069048991884	260.7521776355082
5	275.0273901468533	292.73858106308774
6	308.75958421005924	269.14769136283996
7	242.8459484354347	308.28047396127164
8	296.0959824339211	273.59788167557
9	290.1068179015916	393.46858687138456
10	326.0643497927506	
