	dmso-wt	dmso-het
0	201.61101846298703	184.05409464405523
1	207.64694894424528	185.83554595785228
2	228.64676925272553	233.13058769922554
3	247.6105550813407	244.0618087181235
4	256.0405796508437	272.9230380405374
5	308.7829078354642	303.7525750110148
6	359.73870252151863	298.8764980841238
7	311.9954897959626	310.49287039460086
8	292.2794226852012	201.03237561773872
9	263.2609142305755	416.56806815806357
10	291.3216186541867	
