	dmso-wt	dmso-het
0	4244.786757498307	4118.543311927661
1	3363.2008854906176	7436.144634465823
2	14570.594387728352	4002.6459769541425
3	6877.6040983689845	2787.9953020296666
4	15192.55513628867	2040.2086114879155
5	11107.510531056889	1906.7025015806928
6	5329.253636861465	1984.6194542022185
7	17373.53596804648	2625.983005299956
8	2677.0852527636825	3450.7420529040437
9	4570.154442024235	3444.6320891933597
10	2294.287671978205	
