	dmso-wt	dmso-het
0	1.2929084669265791	1.1339053587710874
1	1.190705443945858	1.221219471653697
2	1.2817566497216595	1.1911253873306489
3	1.1538835283221207	1.3390318244331096
4	1.2047335784434223	1.330789805269126
5	1.392928536064065	1.4502730227390952
6	1.5254114599344593	1.4684112707415613
7	1.446482966218011	1.5562190896567312
8	1.5168013120656407	1.2816338516535197
9	1.4625913505170307	1.5767267612348268
10	1.271378573613665	
