	dmso-wt	dmso-het
0	0.23920072476354431	0.32843677452565484
1	0.3328511867725288	0.14595956809214722
2	0.36644868681148024	0.44771774881052434
3	0.7611381913691799	0.788867376155442
4	0.564451696288074	0.44358924740440875
5	0.6868862470203773	0.8831570667744083
6	1.18651194278863	1.1714185554158498
7	0.4510752097797382	0.8566720703692494
8	0.6266709724624964	0.4654037604201241
9	0.5052003232240029	1.8545963271891794
10	0.7397070202065082	
