	dmso-wt	dmso-het
0	1.1687384589563834	1.0382260828351533
1	1.0294671371921944	1.094827421609617
2	1.1031811564508454	1.160081834202283
3	1.082056968766753	1.1699845848913815
4	1.2141923668679038	1.3095725053303167
5	1.2044827251798709	1.416415799755725
6	1.3384222089539037	1.336670683960215
7	1.2672998166758513	1.4455680737194203
8	1.4284011289785	1.284941482395317
9	1.3103532964260007	1.4501814039728584
10	1.3892491723392715	
