	dmso-wt	dmso-het
0	0.8928571428571429	0.6071428571428571
1	0.6785714285714286	1.2142857142857142
2	2.1666666666666665	0.5833333333333334
3	1.7261904761904763	0.6428571428571429
4	1.130952380952381	0.42857142857142855
5	1.2023809523809523	0.7380952380952381
6	2.0	1.130952380952381
7	2.1666666666666665	1.2380952380952381
8	0.6666666666666666	0.19047619047619047
9	1.1904761904761905	1.3214285714285714
10	0.40476190476190477	
