Treatment,Replicate 1,Replicate 2,Replicate 3,Replicate 4,Mean,Type
OxA,1.035194406,0.851778755,0.952503081,1.160523758,1,ctrl+
1811,0.131943464,0.057100228,0.033066516,0.044357522,0.066616932,4
4435,0.043067121,0.050164324,0.027904914,0.06177793,0.045728572,3
4891,0.009516705,0.058713229,0.042583221,0.044357522,0.038792669,2
6810,0.01951731,0.017259108,0.065487832,0.005968103,0.027058088,2
9098,0.020382471,0.026377316,0.001518694,0.031612813,0.019972823,1
6130,0.043922227,0.014667386,0.010910617,0.004396219,0.018474112,1
DMSO,0.004355102,0.001774301,0.005000302,0.004677702,0.003951852,ctrl-
