	dmso-wt	drug-wt
0	0.8966666666666666	0.8766666666666667
1	0.945	0.9216666666666666
2	0.8433333333333334	1.1766666666666667
3	0.9983333333333333	1.2483333333333333
4	0.5916666666666667	0.9316666666666666
5	1.205	3.3116666666666665
6	1.2983333333333333	16.861666666666668
7	1.12	1.13
8	1.4933333333333334	2.5116666666666667
9	0.8466666666666667	0.5433333333333333
10	1.3466666666666667	0.835
11		2.0216666666666665
12		0.68
13		0.6566666666666666
14		0.5383333333333333
15		0.855
