	dmso-wt	drug-wt
0	53.357142857142854	57.785714285714285
1	52.57142857142857	22.5
2	38.5	58.357142857142854
3	34.07142857142857	53.0
4	37.857142857142854	48.642857142857146
5	36.142857142857146	30.0
6	40.642857142857146	52.57142857142857
7	29.714285714285715	28.5
8	51.42857142857143	48.42857142857143
9	55.214285714285715	20.928571428571427
10	52.642857142857146	43.642857142857146
11		34.5
12		32.0
13		32.285714285714285
14		20.5
15		28.642857142857142
