	dmso-wt	drug-wt
0	1774.0	1770.5
1	2199.1428571428573	506.2142857142857
2	487.85714285714283	2020.5714285714287
3	720.6428571428571	2457.214285714286
4	834.5714285714286	775.0714285714286
5	510.07142857142856	479.07142857142856
6	789.1428571428571	1625.357142857143
7	297.7142857142857	533.1428571428571
8	1866.857142857143	1267.0714285714287
9	1389.642857142857	345.35714285714283
10	2098.9285714285716	1607.357142857143
11		564.5
12		405.14285714285717
13		306.5
14		142.21428571428572
15		481.5
