	dmso-wt	drug-wt
0	806.0	1444.142857142857
1	890.2857142857143	407.0
2	370.2857142857143	1093.7142857142858
3	484.2857142857143	1349.7142857142858
4	456.2857142857143	293.7142857142857
5	423.85714285714283	488.2857142857143
6	758.7142857142857	881.8571428571429
7	268.57142857142856	200.71428571428572
8	1352.857142857143	977.0
9	734.0	244.28571428571428
10	1311.142857142857	1103.7142857142858
11		513.0
12		410.57142857142856
13		254.42857142857142
14		122.85714285714286
15		366.14285714285717
