	dmso-wt	drug-wt
0	6.8	6.633333333333334
1	7.233333333333333	7.333333333333333
2	6.083333333333333	9.7
3	6.516666666666667	10.266666666666667
4	4.783333333333333	7.05
5	10.4	25.1
6	13.083333333333334	63.11666666666667
7	10.533333333333333	9.6
8	13.266666666666667	21.3
9	7.616666666666666	4.0
10	12.25	6.916666666666667
11		17.9
12		5.566666666666666
13		3.7333333333333334
14		4.283333333333333
15		5.15
