	dmso-wt	drug-wt
0	980.484375	741.03125
1	1075.15625	371.140625
2	406.96875	1077.515625
3	488.671875	848.921875
4	551.109375	493.921875
5	433.265625	250.421875
6	715.65625	975.484375
7	332.171875	505.078125
8	915.21875	544.109375
9	739.515625	422.6875
10	1194.171875	668.625
11		530.0625
12		244.453125
13		409.078125
14		254.0
15		377.234375
