	dmso-wt	dmso-het
0	173.0675210651641	177.33869192548707
1	186.38573904362056	217.60491119459795
2	195.63806726721552	191.0998794052057
3	215.21802862582734	182.5002655496517
4	170.5065454104283	181.66639854214225
5	180.81399248692134	176.93637269014715
6	213.7572976670223	174.22965768442165
7	173.10279269754312	162.96834031619878
8	155.3779872073252	169.09702681864
9	155.38568770365734	165.2608737733338
