	dmso-wt	dmso-het
0	65122.50207015088	98723.23529977497
1	236504.62958659136	24872.65896288984
2	49207.65884287259	148659.3144794404
3	38122.97543101531	13361.852373664231
4	82161.53239377627	32790.20967250308
5	21236.38516440828	29232.196958851026
6	31796.456743048308	11630.07357472406
7	28172.329280828628	11702.517256701893
8	119742.7905515212	11699.129615106609
9	23467.883785577993	16578.45476091584
