	dmso-wt	dmso-het
0	42099.03250459099	118110.96128085484
1	219007.7075298872	45301.79993011623
2	44816.5793543412	150154.06469550732
3	135944.20313853558	13473.625285468073
4	10884.775905730825	10004.456543784867
5	64620.787566477586	19148.302143380028
6	221527.58136359337	12856.65524753988
7	13110.320359284935	16565.069042448027
8	25444.375198089867	12964.679506568848
9	20379.55190301476	10131.843950333017
