	dmso-wt	dmso-het
0	163.42108102167361	183.0507825212775
1	198.02738975882164	213.4784526425475
2	240.9446418952677	234.2428369280808
3	199.4193781378422	219.98210472226575
4	213.45637408763272	218.76790646922495
5	205.04543123489108	192.88586893083172
6	390.16486287406525	195.65060108475117
7	146.36327623212568	134.1655901606249
8	170.70262709819474	147.77625840856797
9	184.60053425319262	166.46348086762856
