	dmso-wt	dmso-het
0	50372.65234038919	163575.27904780253
1	37464.26453290655	51388.97865995666
2	16283.292341551347	122749.11935913013
3	46069.756247279955	10195.808520699244
4	23631.07247711734	8422.90080093718
5	37966.29459543863	17384.362945548768
6	51084.84007421847	15833.623592867536
7	14011.944195314063	9653.778719716047
8	41071.79481120057	20439.59206015373
9	28742.386196112227	12843.608762320577
