	dmso-wt	dmso-het
0	165.713720490048	174.25732412468233
1	214.80163992260094	232.80154093223396
2	252.63286973963963	246.80359278341635
3	244.44007916449192	228.0275771517361
4	218.44751952970725	219.22269829350964
5	228.86211189430813	197.73162603507276
6	382.9230245695576	219.95270467663997
7	156.4703335419923	156.4178010530352
8	186.19654035145055	155.1635643370603
9	185.94173609599832	180.6734795211017
