	dmso-wt	dmso-het
0	1.0971783321031177	0.9738520923060666
1	1.0394384077567729	0.8838391213429807
2	1.0924753979336483	1.2313911012651335
3	0.8971892459562137	1.24841751616799
4	1.3543171840754653	1.222552956281297
5	1.1129903875467768	1.1454254145956295
6	1.278501557722576	1.1167315853808324
7	0.9169468937586203	0.9031340524097831
8	1.0411205694317631	0.952623871152346
9	1.2414747916496358	0.97905783748421
