	dmso-wt	dmso-het
0	46120.93103588179	141228.41099286213
1	118422.82695047902	48382.964472381136
2	29836.603672626527	136202.45616062437
3	88760.11852062638	11834.716903083658
4	17181.139272319342	9213.678672361024
5	51454.11031572341	18266.3325444644
6	133871.314414772	14327.205875954747
7	13561.132277299497	13109.423881082039
8	33163.94392263853	16657.106189664995
9	24560.969049563497	11487.726356326797
