	dmso-wt	dmso-het
0	151.37662165046564	190.7625787731216
1	191.12148826517682	214.22083442043788
2	215.3564388397584	200.91152204983084
3	195.64074742402738	183.7080758433612
4	165.5121166467754	191.16936563219127
5	185.75047246161463	174.08252551767623
6	279.53498378819876	177.9568926855189
7	155.62033965801578	148.1675104880895
8	156.6572795106712	157.53209437608314
9	147.1125098094795	162.28526277405413
