	dmso-wt	dmso-het
0	155.25878470947166	174.76457534286126
1	192.81354530847958	218.64934201793875
2	219.27191635271018	194.97964851955027
3	208.77814713562574	181.48924048854118
4	167.99134941949487	188.3312202177581
5	186.52471467868912	173.02672688814187
6	283.209365306068	187.007725988442
7	159.26707969632676	154.36197974334033
8	159.04202720776763	163.3124164646933
9	156.10995074116002	167.96179577585576
