	dmso-wt	dmso-het
0	90.64285714285714	52.88095238095238
1	42.166666666666664	71.5
2	55.92857142857143	73.26190476190476
3	48.19047619047619	98.19047619047619
4	31.833333333333332	165.71428571428572
5	45.45238095238095	92.83333333333333
6	47.54761904761905	132.71428571428572
7	69.28571428571429	84.83333333333333
8	53.61904761904762	75.11904761904762
9	50.54761904761905	50.595238095238095
10		74.88095238095238
11		61.714285714285715
12		139.16666666666666
