	dmso-wt	dmso-het
0	89.32142857142857	77.51190476190476
1	80.96428571428571	73.39285714285714
2	68.76190476190476	94.92857142857143
3	49.94047619047619	103.42857142857143
4	33.273809523809526	158.04761904761904
5	67.21428571428571	80.46428571428571
6	79.4047619047619	89.88095238095238
7	69.54761904761905	87.36904761904762
8	64.04761904761905	75.9047619047619
9	53.857142857142854	53.25
10		101.30952380952381
11		104.44047619047619
12		143.57142857142858
