	dmso-wt	dmso-het
0	86.16666666666667	101.42857142857143
1	208.35714285714286	142.38095238095238
2	125.28571428571429	172.21428571428572
3	77.61904761904762	182.1904761904762
4	31.476190476190474	196.42857142857142
5	139.14285714285714	100.78571428571429
6	161.64285714285714	59.5
7	90.26190476190476	116.92857142857143
8	87.28571428571429	114.0
9	62.26190476190476	99.4047619047619
10		243.3095238095238
11		246.02380952380952
12		177.88095238095238
