	dmso-wt	dmso-het
0	82.78571428571429	46.38095238095238
1	77.78571428571429	156.54761904761904
2	93.35714285714286	90.28571428571429
3	63.92857142857143	162.54761904761904
4	29.11904761904762	210.3095238095238
5	69.76190476190476	141.47619047619048
6	72.02380952380952	158.61904761904762
7	88.78571428571429	112.45238095238095
8	59.166666666666664	108.71428571428571
9	56.26190476190476	84.95238095238095
10		144.92857142857142
11		95.23809523809524
12		176.21428571428572
