	dmso-wt	dmso-het
0	506.42857142857144	607.5714285714286
1	1240.7142857142858	849.1428571428571
2	749.0	1011.1428571428571
3	465.57142857142856	1094.2857142857142
4	193.0	1056.2857142857142
5	767.7142857142857	598.0
6	898.5714285714286	353.7142857142857
7	529.5714285714286	716.7142857142857
8	522.0	643.2857142857143
9	401.2857142857143	613.2857142857143
10		1420.857142857143
11		1466.142857142857
12		1068.857142857143
