	dmso-wt	dmso-het
0	443.95238095238096	342.92063492063494
1	209.66666666666666	307.77777777777777
2	376.76190476190476	337.031746031746
3	364.22222222222223	352.6031746031746
4	367.2857142857143	644.2698412698413
5	297.1904761904762	389.3174603174603
6	219.76190476190476	740.2539682539683
7	422.2857142857143	552.5079365079365
8	360.031746031746	318.85714285714283
9	258.031746031746	335.6666666666667
10		409.2857142857143
11		289.4920634920635
12		478.74603174603175
