	dmso-wt	dmso-het
0	0.09865379693116945	0.19519860743767573
1	0.12897921728379932	0.1626878805550279
2	0.1660040940529318	0.15492090646430834
3	0.1935351735251098	0.8992740188507883
4	0.2391666424907595	0.25073928948307034
5	0.11567068106195244	0.21436695775134793
6	0.14837196096015756	0.18819369311538967
7	0.15658380875365557	0.47296021197135957
8	0.0921798880702142	0.24053643848701095
9	0.1910660643528251	0.5796733001270825
