	dmso-wt	dmso-het
0	113.45305230626175	140.79104250063529
1	130.43906124789208	165.3294738672693
2	131.75984858420466	147.90895801311845
3	148.4496212621593	163.1024160413927
4	182.48906658513573	177.6173543010943
5	136.70793273127063	170.90051307577096
6	165.57213096621956	149.05342510108187
7	176.10530096299243	234.8324582026637
8	229.69442309873764	174.22129226143016
9	160.4306400024573	167.9063786446985
