	dmso-wt	dmso-het
0	15.285714285714286	4.857142857142857
1	9.714285714285714	4.428571428571429
2	4.571428571428571	7.0
3	4.285714285714286	8.285714285714286
4	4.714285714285714	4.857142857142857
5	8.714285714285714	5.428571428571429
6	4.571428571428571	13.142857142857142
7	8.428571428571429	8.857142857142858
8	5.857142857142857	4.571428571428571
9	10.428571428571429	1.4285714285714286
