	dmso-wt	dmso-het
0	38.357142857142854	57.714285714285715
1	24.071428571428573	50.785714285714285
2	24.857142857142858	32.92857142857143
3	37.857142857142854	35.714285714285715
4	16.928571428571427	34.07142857142857
5	25.0	33.285714285714285
6	20.857142857142858	50.57142857142857
7	31.857142857142858	39.785714285714285
8	50.785714285714285	56.714285714285715
9	53.07142857142857	52.785714285714285
