	dmso-wt	dmso-het
0	1.869047619047619	0.9642857142857143
1	1.1428571428571428	0.7976190476190477
2	0.6785714285714286	1.2261904761904763
3	0.8214285714285714	1.4047619047619047
4	0.6071428571428571	1.0833333333333333
5	1.1428571428571428	0.9642857142857143
6	0.7261904761904762	1.7023809523809523
7	1.1785714285714286	1.4404761904761905
8	1.0357142857142858	0.7380952380952381
9	1.619047619047619	0.7261904761904762
