	dmso-wt	dmso-het
0	0.07037467711922504	0.33145329667877255
1	0.08847919691547844	0.13755356809634176
2	0.10611609500394933	0.11222060970400585
3	0.1954877074860804	0.23684437028939884
4	0.14880869028612856	0.2777154392210554
5	0.06579113262753261	0.2612015685899514
6	0.12664291286976925	0.152045481765388
7	0.0835714351806721	0.4589822556877084
8	0.09533219100319623	0.43145272356954073
9	0.20204433554293436	0.49280783228672187
