	dmso-wt	dmso-het
0	122.85600707046261	131.62127742863248
1	142.24921492974642	167.9500433003489
2	129.51787479978296	141.90005610728699
3	171.29372773071316	295.8691947859831
4	190.53581869035673	180.8142791668387
5	153.51865661839173	165.4924736055629
6	178.33271780525232	168.96767036527524
7	197.52323596049908	251.08360572487132
8	238.1160789549473	143.34688854338418
9	182.98204062110023	224.16250578828243
