	dmso-wt	dmso-het
0	55135.633316830346	5093.57840168113
1	50073.11043223296	8751.27473879004
2	144677.0911405177	101492.25253750753
3	103057.24204807279	55429.42147168977
4	77172.15854351639	58059.440955416714
5	180358.8247872378	77939.71509928883
6	318076.4577045577	21494.540889339736
7	43877.543040427096	18212.187501674372
8	206957.1308165076	6296.133772472089
9	28741.8756927754	4067.512125792645
