	dmso-wt	dmso-het
0	27.026246719160106	71.37007874015748
1	35.018372703412076	63.194225721784775
2	45.85564304461942	27.41732283464567
3	61.72178477690289	54.496062992125985
4	45.93438320209974	92.17847769028872
5	32.61942257217848	57.29133858267716
6	52.976377952755904	74.13123359580052
7	41.22309711286089	82.48818897637796
8	21.301837270341206	110.41994750656168
9	54.72178477690289	98.66141732283465
