	dmso-wt	dmso-het
0	3.9761904761904763	9.357142857142858
1	2.7142857142857144	7.5476190476190474
2	3.7857142857142856	6.238095238095238
3	5.9523809523809526	5.404761904761905
4	2.4523809523809526	6.285714285714286
5	4.0	4.976190476190476
6	4.0476190476190474	7.428571428571429
7	4.904761904761905	6.928571428571429
8	7.904761904761905	9.476190476190476
9	8.547619047619047	7.690476190476191
