	dmso-wt	dmso-het
0	0.9307950751607353	0.9697402266290736
1	1.0163258125239316	1.2484568028866612
2	1.0261303932227546	1.1176433694454073
3	1.0520191173241826	1.1162439410855876
4	1.1402135756349934	1.1916943922011478
5	1.1664506538758384	1.2027996887407681
6	1.1790932214722007	1.152971124012387
7	1.2335242537422206	1.2696570158635225
8	1.0251278679316034	1.1206479449136626
9	0.9687254677363363	1.0308730465676381
