	dmso-wt	dmso-het
0	134.4812219745504	153.55370005440946
1	158.41620715740066	146.73769755025353
2	139.5645163918312	156.861157284192
3	155.24967600634133	158.12696583649125
4	163.20862374205436	161.84772121684054
5	136.7975332618442	163.56629160273962
6	170.0629691707852	149.68642522030152
7	155.2143369783956	179.13516585904668
8	151.38500610540086	156.19872008713926
9	148.0598183429623	188.17426109518186
