	dmso-wt	dmso-het
0	155.71428571428572	757.5714285714286
1	213.0	613.2857142857143
2	327.42857142857144	111.71428571428571
3	642.4285714285714	280.7142857142857
4	218.28571428571428	679.0
5	74.85714285714286	526.4285714285714
6	193.57142857142858	366.0
7	219.42857142857142	508.7142857142857
8	360.14285714285717	1280.5714285714287
9	450.2857142857143	1016.4285714285714
