	dmso-wt	dmso-het
0	120.81742777524134	144.95678484427643
1	170.92383268350508	173.58749251840175
2	143.1906107626178	160.0369598343008
3	150.72996895236773	189.59789201030355
4	178.52462887831834	183.6741941347204
5	149.7021819517563	181.86498377122794
6	179.84838155513856	162.20097443332378
7	191.45347055881427	224.9987697872113
8	186.85359352049886	167.4909733688917
9	140.5891360148061	181.06522963517432
