	dmso-wt	dmso-het
0	130.06045464098102	154.67167456860253
1	142.163513702834	143.7721972004303
2	135.8636610543417	154.90422064649525
3	158.9928954041532	150.50968576211372
4	157.05016240448165	169.84746128630331
5	132.91978598880368	167.65709598426642
6	166.67678980403363	148.78835231754059
7	149.21811623122616	189.82554540334357
8	163.251397052702	162.5953342652294
9	153.73386183289082	178.1510273717412
