	dmso-wt	dmso-het
0	0.9616039945492811	0.9837271024838576
1	1.1001073369504697	1.2450906313172792
2	1.0898251353907915	1.0692964696995877
3	1.0172111950126006	1.139565826649195
4	1.0789828293644328	1.1833065312345241
5	1.204858657204323	1.2012747891143514
6	1.0966708911750567	1.1308158844446823
7	1.262081707932965	1.2675165527775347
8	0.9817641057282886	1.0408381633828099
9	0.7426540280486008	1.0544916311443766
