	dmso-wt	dmso-het
0	113.97545329373806	143.31747571347623
1	136.85931904901534	168.2493993232046
2	131.138279541606	171.7984911582098
3	160.81572880108925	165.217491714757
4	178.97265287804638	199.7209684814445
5	150.19763501599445	186.62849418423374
6	189.54591929155342	159.85887694759018
7	180.14245121812104	231.03957407187434
8	172.8053616645196	188.92268342422707
9	162.28275739440537	169.62392556928322
