	dmso-wt	dmso-het
0	26.238095238095237	125.45238095238095
1	34.595238095238095	100.52380952380952
2	53.61904761904762	18.261904761904763
3	102.95238095238095	47.23809523809524
4	35.45238095238095	113.0
5	12.404761904761905	86.04761904761905
6	26.928571428571427	55.73809523809524
7	36.404761904761905	83.07142857142857
8	57.166666666666664	210.35714285714286
9	76.11904761904762	169.61904761904762
