	dmso-wt	dmso-het
0	43229.49823591361	4712.918810351039
1	18989.1756310364	7562.947659717608
2	18931.695355462693	42406.2342079897
3	34695.177123714675	24020.67760773503
4	25237.84233289499	5643.629702103927
5	80317.88968654168	22460.710474555173
6	57139.09340386085	12923.087825920229
7	18381.953512448155	7126.708936068048
8	19923.943552634235	2953.0113195387894
9	9788.74296902439	3670.0758036405546
