	dmso-wt	dmso-het
0	1.7583333333333333	4.443333333333333
1	1.165	0.7683333333333333
2	5.541666666666667	2.9766666666666666
3	0.9666666666666667	1.9566666666666668
4	2.7866666666666666	1.2616666666666667
5	1.8466666666666667	4.56
6	0.6416666666666667	11.876666666666667
7	1.1466666666666667	11.176666666666666
8	3.4116666666666666	13.426666666666666
9	6.85	8.203333333333333
