	dmso-wt	dmso-het
0	23.0	56.42857142857143
1	15.142857142857142	44.42857142857143
2	21.857142857142858	36.714285714285715
3	35.42857142857143	32.857142857142854
4	15.142857142857142	37.285714285714285
5	24.428571428571427	30.714285714285715
6	23.142857142857142	43.857142857142854
7	29.142857142857142	41.142857142857146
8	47.714285714285715	56.857142857142854
9	51.57142857142857	45.857142857142854
