	dmso-wt	dmso-het
0	70760.00068691552	5522.950825949431
1	97400.9251446795	34758.505354400404
2	123485.9345301394	55504.523388602734
3	67391.50919505618	82926.02255825906
4	108376.29199840176	51723.25382629366
5	204005.34269231674	47899.192080492256
6	220401.7654116642	48808.76882179555
7	50718.01030673627	15464.953765805072
8	212265.96751085072	6881.185885222456
9	57008.94150050971	34919.95372670124
