	dmso-wt	dmso-het
0	133.6894731296697	155.0847512884872
1	151.841077577054	149.3876184858346
2	140.16067296637422	158.84574208116393
3	158.07982310516863	156.16757255377783
4	163.17173872519112	170.98754567076907
5	139.29057659187717	168.55687774958452
6	170.06689636056313	152.04069949432105
7	159.32032224750333	180.17280048224194
8	157.97374541719157	158.08075896413106
9	152.19986516570503	189.1248514109046
