	dmso-wt	dmso-het
0	0.09349505927811619	0.08291313966402353
1	0.0825701988274773	0.195815604436105
2	0.18767835904394417	0.09176058727087945
3	0.06662358388124869	0.1409964398772672
4	0.11970066122174434	0.09446114681856514
5	0.0758554161365134	0.13740676708516794
6	0.053980287898706285	0.1293998676406033
7	0.058249083881384556	0.37664954154776237
8	0.056503894297105	0.14403834381612768
9	0.0959759855918392	0.35954447429945424
