	dmso-wt	dmso-het
0	9.44047619047619	34.94047619047619
1	5.9071428571428575	33.357142857142854
2	14.616666666666667	16.2
3	19.876190476190477	12.366666666666667
4	9.504761904761905	15.95
5	8.773809523809524	15.311904761904762
6	9.611904761904762	21.585714285714285
7	11.126190476190477	18.678571428571427
8	9.50952380952381	38.96190476190476
9	19.226190476190474	15.147619047619047
