	dmso-wt	dmso-het
0	16.33809523809524	36.90714285714286
1	9.676190476190476	45.035714285714285
2	14.30952380952381	6.40952380952381
3	21.86904761904762	15.611904761904762
4	7.271428571428571	18.373809523809523
5	3.592857142857143	18.580952380952382
6	5.216666666666667	22.35
7	10.042857142857143	14.988095238095237
8	15.68095238095238	37.15952380952381
9	19.942857142857143	34.86190476190476
