	dmso-wt	dmso-het
0	2.5476190476190474	0.7857142857142857
1	1.619047619047619	0.7619047619047619
2	0.7380952380952381	1.1428571428571428
3	0.7142857142857143	1.4047619047619047
4	0.7857142857142857	0.7857142857142857
5	1.4047619047619047	0.9047619047619048
6	0.7619047619047619	2.1666666666666665
7	1.4047619047619047	1.5
8	0.9523809523809523	0.7619047619047619
9	1.7142857142857142	0.30952380952380953
