	dmso-wt	dmso-het
0	75135.12485466326	36770.348781646906
1	83005.09337830552	80943.59703617996
2	61720.44465367661	82284.7684771969
3	100801.0797694459	77339.74716898018
4	88391.91939857222	156784.5190674087
5	103490.79257300281	46922.561071091484
6	148060.40213836404	35441.37185430614
7	80669.18964562671	21730.426560221364
8	367403.67114867154	18128.163149597945
9	50742.29491967324	33760.20562387484
