	dmso-wt	dmso-het
0	133.51098341847205	151.5324613483124
1	139.92407324488232	142.79138823947534
2	135.82665532751508	149.76142419328318
3	156.21399368629704	151.38868314708577
4	162.29447569685885	160.5698068933842
5	133.21183554767447	157.88121644006824
6	158.81647435645002	146.69861385668332
7	145.46457137566418	192.07712279865788
8	152.22719866394158	158.9052265092019
9	150.62280315362173	177.81176617643538
