	dmso-wt	dmso-het
0	0.8864105570753614	0.9511425970981687
1	0.9622921764606992	1.2047743551696493
2	0.9667915779471856	1.1330792197530335
3	1.040675622722351	1.0677632112216155
4	1.1801557659830297	1.2128689485392576
5	1.1445094287495086	1.1595224774062554
6	1.1396863765923912	1.0935754494090195
7	1.228899307820791	1.264233857101082
8	1.0797166995455727	1.1737782145696392
9	1.0509413590364158	0.9806688468635686
