	dmso-wt	dmso-het
0	147.2675161862524	163.0759448253583
1	157.46288010231848	159.11380553912585
2	153.7524196586333	158.56882236533866
3	176.8235669815801	263.76884229672174
4	181.91059294592444	168.1847079413091
5	162.83969721301474	163.96925826116777
6	169.6641389846824	165.08814693984328
7	177.59905229437237	200.21943072186295
8	159.3275819406534	160.94725440786593
9	170.50660982276807	196.76154783235148
