	dmso-wt	dmso-het
0	11.071428571428571	5.785714285714286
1	6.642857142857143	4.642857142857143
2	4.071428571428571	7.357142857142857
3	5.142857142857143	8.428571428571429
4	3.7857142857142856	6.571428571428571
5	6.857142857142857	5.857142857142857
6	4.428571428571429	10.214285714285714
7	7.071428571428571	8.714285714285714
8	6.571428571428571	4.428571428571429
9	9.642857142857142	4.285714285714286
