	dmso-wt	dmso-het
0	123.4910501365794	131.82630880615554
1	142.95574724268153	171.93609605326435
2	127.49825930163998	151.5095323647199
3	171.90908449503854	276.2868623094401
4	192.39434363280702	188.9916386230342
5	157.9744406451977	169.61815764897102
6	184.13794283855916	171.88887034341562
7	199.97195838047418	252.7154837226704
8	220.11826119402357	148.56848736113653
9	176.0969649341724	224.67390631221372
