	dmso-wt	dmso-het
0	1.1904761904761905	1.1428571428571428
1	0.6666666666666666	0.8333333333333334
2	0.6190476190476191	1.3095238095238095
3	0.9285714285714286	1.4047619047619047
4	0.42857142857142855	1.380952380952381
5	0.8809523809523809	1.0238095238095237
6	0.6904761904761905	1.2380952380952381
7	0.9523809523809523	1.380952380952381
8	1.119047619047619	0.7142857142857143
9	1.5238095238095237	1.1428571428571428
