	dmso-wt	dmso-het
0	0.8451516058227203	0.8296481971763796
1	0.9162522430175827	1.0583957594746982
2	0.8407883471760883	0.9471789948292997
3	0.973284307501618	1.08276329080773
4	1.0897099428791908	1.1052431294872787
5	0.9929888682693875	1.0315004773877026
6	1.0922693748210945	1.0502718343353463
7	1.1241083852089255	1.2828584026389072
8	1.391252192891206	0.8861780336996745
9	0.9781807554797627	1.1389530036495303
