	dmso-wt	dmso-het
0	163.0793650793651	423.14285714285717
1	208.6984126984127	378.9047619047619
2	274.14285714285717	164.46031746031747
3	366.6984126984127	327.12698412698415
4	270.26984126984127	547.2539682539683
5	194.66666666666666	344.95238095238096
6	302.1904761904762	445.8253968253968
7	241.73015873015873	491.2857142857143
8	128.88888888888889	660.6507936507936
9	328.3174603174603	590.6031746031746
