	dmso-wt	dmso-het
0	21.095238095238095	122.29761904761905
1	30.523809523809526	110.17857142857143
2	48.845238095238095	40.48809523809524
3	85.30952380952381	44.20238095238095
4	40.892857142857146	103.0952380952381
5	25.63095238095238	74.04761904761905
6	46.76190476190476	73.30952380952381
7	43.04761904761905	100.53571428571429
8	45.73809523809524	201.79761904761904
9	75.83333333333333	144.89285714285714
