	dmso-wt	dmso-het
0	171.4614532509379	198.4972235894949
1	173.18516911723754	183.5052063255555
2	185.34892407869626	180.84362568421963
3	189.0716281840409	191.79667165954294
4	191.9858421865476	178.60571426583934
5	190.2289594182006	188.34917964151876
6	182.91356683087025	183.0795689494361
7	194.4634428825052	221.77048147757736
8	155.8476271239862	181.91695384928886
9	194.79618285740432	198.88249590368062
