	dmso-wt	dmso-het
0	614.8253968253969	1102.015873015873
1	655.9206349206349	1380.7777777777778
2	812.7460317460317	408.1746031746032
3	826.6507936507936	590.6825396825396
4	563.1269841269841	1126.7142857142858
5	533.6825396825396	1039.2857142857142
6	705.9206349206349	1044.3968253968253
7	593.063492063492	797.1587301587301
8	405.8095238095238	1525.4761904761904
9	791.7777777777778	1045.6349206349207
