	dmso-wt	dmso-het
0	642.8571428571429	2121.714285714286
1	541.1428571428571	2551.1428571428573
2	822.5714285714286	316.7142857142857
3	1324.0	851.0
4	419.42857142857144	1091.7142857142858
5	179.85714285714286	1051.7142857142858
6	358.2857142857143	1020.2857142857143
7	553.4285714285714	894.8571428571429
8	670.5714285714286	2137.8571428571427
9	1032.857142857143	2077.714285714286
