	dmso-wt	dmso-het
0	0.7933042456215241	0.6370269881698616
1	0.8352700229170296	1.1889693887103103
2	0.7107026293691718	0.7216652657721225
3	0.9309585659521618	0.733024939845236
4	0.9229119013028705	1.0101158662526883
5	0.8431017196840355	0.8513136985257362
6	1.152875421868008	0.8236820652165321
7	0.8455221096482121	1.047194257226038
8	0.8364322418879396	0.7132087915366332
9	0.6995866145157309	1.3431586720993138
