	dmso-wt	dmso-het
0	994.1428571428571	2205.4285714285716
1	596.0	2691.285714285714
2	877.1428571428571	395.0
3	1372.857142857143	929.7142857142857
4	444.85714285714283	1103.4285714285713
5	220.85714285714286	1133.4285714285713
6	369.42857142857144	1370.0
7	601.2857142857143	928.2857142857143
8	965.4285714285714	2245.1428571428573
9	1194.4285714285713	2099.8571428571427
