	dmso-wt	dmso-het
0	0.9751795932461091	0.9883378561599782
1	1.0703594485871635	1.2921392506036729
2	1.0854692084983235	1.1022075191377814
3	1.0633626119260142	1.1647246709495593
4	1.0936143535622846	1.1705198358630384
5	1.188391879002168	1.246076900075281
6	1.21850006635201	1.2123667986157542
7	1.2381491996636502	1.2750801746259626
8	0.9705390363176339	1.0675176752576865
9	0.8865095764362572	1.0810772462717075
