	dmso-wt	dmso-het
0	96.71428571428571	707.2857142857143
1	150.14285714285714	699.1428571428571
2	258.7142857142857	374.0
3	382.2857142857143	247.28571428571428
4	277.14285714285717	558.2857142857143
5	238.71428571428572	369.7142857142857
6	368.0	518.5714285714286
7	297.0	690.1428571428571
8	190.0	1148.857142857143
9	457.0	726.0
