	dmso-wt	dmso-het
0	46471.350565283465	5162.8716091464385
1	27745.16615336788	6670.055732758597
2	19510.34040761971	26706.05000230604
3	22098.631495198406	21849.315255805843
4	179862.16109046136	7276.864039148522
5	60414.06474230672	16130.906679243228
6	39478.00965248775	11454.987472947296
7	17595.394576124472	6300.9198687215
8	30955.251904376277	3043.56787887329
9	12682.880122482626	5136.042669976787
