	dmso-wt	dmso-het
0	12.216666666666667	31.233333333333334
1	8.4	5.266666666666667
2	46.81666666666667	21.483333333333334
3	6.316666666666666	14.883333333333333
4	21.85	9.833333333333334
5	13.983333333333333	31.25
6	4.816666666666666	87.75
7	9.033333333333333	48.45
8	23.25	74.16666666666667
9	27.266666666666666	39.8
