	dmso-wt	dmso-het
0	136.2746248235662	125.80941210458246
1	144.89535516422637	236.47537826396749
2	138.9044901997063	137.5333502584861
3	176.42357879873865	142.9646411416654
4	178.20133206355177	180.187817284767
5	163.6044773230643	166.520933383722
6	202.10818281335523	154.64584678255335
7	171.1374751747745	240.5353329836307
8	127.95533817317347	137.5087926789693
9	140.68078593411937	292.61777878021155
