	dmso-wt	dmso-het
0	2.1916010498687664	1.4803149606299213
1	1.4776902887139107	1.020997375328084
2	1.3884514435695539	1.9133858267716535
3	1.246719160104987	2.036745406824147
4	1.4199475065616798	0.89501312335958
5	1.6036745406824147	1.2965879265091864
6	1.078740157480315	1.4960629921259843
7	1.7296587926509186	1.8845144356955381
8	1.1338582677165354	1.2913385826771653
9	1.9396325459317585	1.372703412073491
