	dmso-wt	dmso-het
0	132.90234146646827	149.37669567424126
1	175.428280708429	192.66512072612736
2	153.40186701362003	173.6431635263713
3	162.6746189681049	202.1256360099392
4	181.1649718030367	197.48415125415565
5	166.983128260408	198.409891808168
6	206.55689453941338	182.8973406985943
7	204.66898493224426	214.31199746060048
8	144.29931676618094	164.564415479186
9	165.4513269454478	204.4824783373599
