	dmso-wt	dmso-het
0	6.4523809523809526	9.619047619047619
1	4.119047619047619	8.571428571428571
2	4.190476190476191	5.5
3	6.2976190476190474	6.0
4	2.761904761904762	5.666666666666667
5	4.119047619047619	5.464285714285714
6	3.4523809523809526	8.488095238095237
7	5.321428571428571	6.630952380952381
8	8.476190476190476	9.452380952380953
9	8.845238095238095	8.797619047619047
