	dmso-wt	dmso-het
0	541.4285714285714	2081.4285714285716
1	330.0	1943.2857142857142
2	856.2857142857143	950.4285714285714
3	1131.142857142857	742.7142857142857
4	567.5714285714286	954.0
5	526.5714285714286	911.0
6	520.7142857142857	1251.142857142857
7	664.4285714285714	1078.5714285714287
8	539.0	2316.0
9	1152.5714285714287	906.8571428571429
