	dmso-wt	dmso-het
0	0.09126622792244295	0.1847203254501195
1	0.10530230603498991	0.12686886037692052
2	0.14401331246738971	0.12555403102709176
3	0.1781536856486914	1.0099401702436426
4	0.21279397481806572	0.20717584347081294
5	0.09277469997512588	0.1920850054890787
6	0.13458324569637292	0.16581266377804993
7	0.13173083655922552	0.43138395124914913
8	0.059571195910208874	0.20647277308542653
9	0.16541546027701226	0.49601049557729626
