	dmso-wt	dmso-het
0	12.889285714285714	35.923809523809524
1	7.791666666666667	39.19642857142857
2	14.463095238095239	11.304761904761905
3	20.872619047619047	13.989285714285714
4	8.388095238095238	17.16190476190476
5	6.183333333333334	16.946428571428573
6	7.414285714285715	21.96785714285714
7	10.584523809523809	16.833333333333332
8	12.595238095238095	38.06071428571428
9	19.58452380952381	25.004761904761907
