	dmso-wt	dmso-het
0	0.07905305653148166	0.3672475719975531
1	0.1015435140802938	0.14936842526817426
2	0.1582520843497557	0.1735193513370752
3	0.2536324763999992	0.226937149588895
4	0.17576839948303496	0.37323064085310464
5	0.10273557360391886	0.34065831628729104
6	0.17870744306684663	0.20988399209322436
7	0.11644406776842516	0.49967078355430283
8	0.16501854169730043	0.5348656485595772
9	0.24821008137158357	0.4789514637050187
