	dmso-wt	dmso-het
0	767.7857142857143	2143.4285714285716
1	463.0	2317.285714285714
2	866.7142857142857	672.7142857142857
3	1252.0	836.2142857142857
4	506.2142857142857	1028.7142857142858
5	373.7142857142857	1022.2142857142857
6	445.07142857142856	1310.5714285714287
7	632.8571428571429	1003.4285714285714
8	752.2142857142857	2280.5714285714284
9	1173.5	1503.357142857143
