	dmso-wt	dmso-het
0	91266.98286015235	5952.323250217732
1	179710.16812284736	61400.05866795248
2	100882.03414573592	18714.340069478898
3	30787.204424854925	112593.40794113648
4	149509.0133707507	45887.29199683823
5	236164.60704322404	17858.669061695688
6	141510.66779048103	80675.36807632733
7	58802.198894192574	12717.72002993578
8	217740.70535189216	7452.308185764482
9	87450.39698576204	69020.02075928444
