	dmso-wt	dmso-het
0	6.571428571428571	6.428571428571429
1	8.428571428571429	11.142857142857142
2	12.285714285714286	3.142857142857143
3	13.857142857142858	9.714285714285714
4	8.142857142857142	10.857142857142858
5	11.571428571428571	11.571428571428571
6	6.0	13.142857142857142
7	11.714285714285714	12.571428571428571
8	11.714285714285714	11.142857142857142
9	14.285714285714286	8.285714285714286
