	dmso-wt	dmso-het
0	0.1951352628307953	0.5239654870361411
1	0.4277129411648045	1.0408286189883256
2	0.5314868315395047	0.6749443776404624
3	0.3708466452435439	0.41940740312977837
4	0.271291126136254	0.4096878103870379
5	0.3604232382880181	0.39794387476520054
6	0.6802799578271641	0.34462587141961104
7	0.27136025660976254	0.29138003854881867
8	0.370641434093358	0.38831919965561923
9	0.2664462037097793	0.36362780239110687
