	dmso-wt	dmso-het
0	162.41782014788006	179.80625328942438
1	184.4533067116815	308.91580517451587
2	209.46364843011682	252.27709383014366
3	230.64429689673716	192.54370780328387
4	185.935041181019	214.4386595204676
5	209.77340718634923	191.47322962455468
6	189.29800821391458	167.9248646088268
7	148.9168710806876	165.01029570317323
8	194.04356536796237	160.67996970465293
9	236.75852615283299	176.3425879401379
