	dmso-wt	dmso-het
0	170.44443314286664	131.0169583103597
1	198.01630205454217	206.26902288192505
2	181.49734135144462	185.39747243517166
3	207.70116258278182	182.92566013194087
4	183.0200546973427	192.36946683238347
5	171.33980377837727	167.68788722516229
6	236.8241103222285	166.77586180060845
7	178.35747003287986	150.02258984765064
8	139.55998212713723	161.3557804878172
9	184.9727743295274	157.4051140430353
