	dmso-wt	dmso-het
0	1.0295069858167558	0.9164145140497338
1	1.0174899279536183	0.9335789651914201
2	0.9194189856281314	1.2281574904352126
3	0.7864400424359469	1.1159723252273213
4	1.213440483614341	1.1185393798890804
5	1.0331573983080333	1.0717082365146529
6	0.9832825298346372	1.0089550015623212
7	0.9397106983990446	1.036176331678459
8	1.1759948966430276	0.9495402074523669
9	1.894202719346085	1.0932786968504498
