	dmso-het	drug-het
0	4288.285361009463	2514.958878576109
1	7920.307065961328	9254.264095543942
2	5164.4691633248385	2581.8405909432245
3	1682.7473720735159	7821.681218961034
4	2455.534933035577	2569.3661666911257
5	1350.7191850664792	4592.368366858454
6	1905.5959644279944	16781.394234721665
7	2501.232081029372	19283.015657465534
8	3335.8046910081425	12310.231822458694
9	3774.349356136263	6935.305247177413
