	dmso-het	drug-het
0	1.139992307975559	0.9773137098560755
1	1.2276469747406131	1.266545884906197
2	1.1760862876024005	1.1389208571090916
3	1.3408508407232131	1.5999216237583593
4	1.3420727698625414	1.520445610504103
5	1.4626277411902444	1.36154854193107
6	1.4952432624165028	1.466682369040097
7	1.5924352241879889	1.484879539325459
8	1.2721520329279588	1.3199606114574294
9	1.563413001882169	1.5117100183198773
