	dmso-het	drug-het
0	0.3361465243077464	0.3938117092534446
1	0.2051129185182737	0.2984719410016014
2	0.553450525350396	0.7893044075059547
3	0.8250485628273841	1.3234885353552792
4	0.6753013884968814	1.6092049193337992
5	1.0315199089988603	0.40903749706950404
6	1.2060753474449506	2.1110618653423345
7	0.9273019078518415	0.6906561874334667
8	0.449878259009106	0.5474251664962699
9	1.9466732805040006	0.5917049918198012
