	dmso-het	drug-het
0	27239.501372249815	11467.640905697412
1	25801.518252069975	80239.64253464795
2	66392.26528136115	19842.35291557478
3	29892.455503914978	24604.98835190926
4	21178.827183187546	97074.5903078816
5	8806.389278301653	30428.443080101846
6	29611.556276362866	49811.89952037742
7	20173.127182218355	120722.21072051047
8	16450.972665677036	34109.20805324644
9	26086.596118334164	42073.10718653704
