	dmso-het	drug-het
0	178.1337022843301	160.0805614965564
1	168.76960046106893	192.51794953702495
2	211.8989015673247	243.94685404205185
3	249.63501353646527	427.33358911336813
4	234.78796196377377	444.5484674495507
5	289.8827187065104	224.9427841369354
6	285.32532489975415	568.3084762961187
7	293.29761506887644	257.98484010381526
8	208.8719519856052	240.2678710249983
9	464.6120550153997	257.67000707667455
