	dmso-het	drug-het
0	225.40563908699906	165.1460055395485
1	226.0260632348746	167.88846348718155
2	178.34848802479326	213.47222736230762
3	210.76406566083716	235.57345736885915
4	222.16466018596878	400.93917003252767
5	294.7984482194252	418.8851482447395
6	230.73203518407266	467.30186443274613
7	254.3925852487212	430.3025656285996
8	234.45396911321168	240.39678994308673
9	238.04295292222648	251.58686420928672
