	dmso-het	drug-het
0	3467.9767306852445	14023.797582914432
1	3812.5127292684374	7138.8000426251365
2	5706.437166029646	5656.297247832119
3	3297.6309703491793	4424.039420310128
4	2284.9303624151667	22557.17231077212
5	5453.77498052985	12920.77152032541
6	15293.131176978015	4690.590880475573
7	4207.4538300520035	14959.521485833075
8	3885.821258269546	4859.811023517955
9	2802.6979598292005	3657.3894508387307
