	dmso-mut	drug-mut
0	87.47050990095107	51.695824115828174
1	70.09711994022786	73.50795078442975
2	96.13871029086005	110.00286122724329
3	87.02275001552522	75.08728665367167
4	88.85274295458332	127.9408739452953
5	88.14694450323432	90.8444576052061
6	143.061870298855	98.18879009053272
7	100.623700763053	72.99197809323375
8	111.2364632276602	
9	97.83685957687969	
10	129.78070640381011	
11	92.01225239622862	
