	dmso-mut	drug-mut
0	0.553929696392119	0.3753494647880798
1	0.48244698327938035	0.5277990683580827
2	0.5854925892783855	0.641974550350063
3	0.5309066808142661	0.5366051854075085
4	0.5899823531032707	0.8038699785813976
5	0.5740004944840138	0.6858287787701366
6	0.5673197019306182	0.6332389519596078
7	0.6678270184593637	0.5081024581839648
8	0.7038747134261799	
9	0.6414289538928656	
10	0.6216339400689217	
11	0.5632835108031639	
