	dmso-wt	drug-wt
0	16819.184056656588	11840.31517365801
1	141112.4225948792	17363.059634982445
2	15422.899524988161	16442.288380603943
3	16892.38790682199	11307.614231445126
4	26004.79908341231	20730.782039002148
5	33029.98717389217	7836.965117604085
6	68975.88289033774	85592.861020565
7	31439.734615367342	9399.750904465332
8	7957.8317129546285	13443.128283316084
9	15408.93279065893	29635.928525408024
10	25997.84803044767	18107.343654969947
11	10521.713530516985	
