	dmso-wt	drug-wt
0	254.28571428571428	380.42857142857144
1	471.0	221.14285714285714
2	304.42857142857144	307.0
3	149.0	637.1428571428571
4	504.42857142857144	310.0
5	211.42857142857142	751.2857142857143
6	377.57142857142856	735.8571428571429
7	362.85714285714283	645.7142857142857
8	604.2857142857143	393.2857142857143
9	492.0	351.42857142857144
10	323.14285714285717	916.2857142857143
11	317.85714285714283	
