	dmso-wt	drug-wt
0	137.21703143597585	137.926803958868
1	172.38666743790452	134.11370192954362
2	144.74321367394197	144.72364020948822
3	157.83344304818846	200.8565666187589
4	185.47725329979016	148.6891305307111
5	352.09708975641126	202.26585523589503
6	265.16956299495433	163.14748541186628
7	281.27093457455913	301.8199408614459
8	188.21822246851164	171.38358406196002
9	159.2060304873345	165.97775247639186
10	174.92014379505687	208.06574992786557
11	174.0554956026315	
