	dmso-wt	drug-wt
0	9.0	12.857142857142858
1	9.142857142857142	12.642857142857142
2	9.571428571428571	11.785714285714286
3	12.214285714285714	13.214285714285714
4	10.571428571428571	13.071428571428571
5	12.642857142857142	10.857142857142858
6	10.0	6.857142857142857
7	7.857142857142857	9.214285714285714
8	8.142857142857142	9.428571428571429
9	8.142857142857142	7.428571428571429
10	13.428571428571429	6.714285714285714
11	8.928571428571429	
