	dmso-wt	drug-wt
0	642.3709677419355	552.6290322580645
1	497.1290322580645	433.3225806451613
2	575.8870967741935	455.7258064516129
3	237.6451612903226	342.93548387096774
4	334.7741935483871	411.2903225806452
5	231.43548387096774	484.46774193548384
6	206.59677419354838	597.1935483870968
7	159.67741935483872	246.61290322580646
8	385.5483870967742	505.2258064516129
9	378.3709677419355	412.80645161290323
10	392.2096774193548	478.30645161290323
11	318.98387096774195	
