	dmso-wt	drug-wt
0	0.8333333333333334	1.7857142857142858
1	1.5714285714285714	1.7142857142857142
2	1.8571428571428572	1.8095238095238095
3	2.1666666666666665	2.4285714285714284
4	1.7380952380952381	2.2857142857142856
5	2.1666666666666665	2.0476190476190474
6	1.4523809523809523	0.7619047619047619
7	1.2142857142857142	1.880952380952381
8	0.9761904761904762	1.0238095238095237
9	1.2142857142857142	1.3095238095238095
10	2.2857142857142856	0.6666666666666666
11	1.5	
