	dmso-wt	drug-wt
0	729.4285714285714	638.5714285714286
1	342.2857142857143	763.4285714285714
2	607.1428571428571	797.5714285714286
3	364.0	569.8571428571429
4	229.57142857142858	520.5714285714286
5	166.42857142857142	765.2857142857143
6	132.14285714285714	630.5714285714286
7	224.71428571428572	500.14285714285717
8	601.2857142857143	704.8571428571429
9	588.1428571428571	480.7142857142857
10	386.2857142857143	699.0
11	467.14285714285717	
