	dmso-wt	drug-wt
0	140.98555034516244	152.58249325682783
1	158.93108370743624	156.14136243097784
2	156.53438335170497	149.1804069472193
3	164.30008557726353	216.81217635467993
4	186.32748905768568	161.55116163588272
5	268.7449613091034	191.50800036295578
6	260.5655102368915	175.24281729764297
7	294.2129620200444	325.3799757642616
8	185.55683676021604	187.04709687951618
9	186.91230408032902	166.6177279851301
10	200.04389116508295	212.78713549980753
11	201.0900601984356	
