	dmso-wt	drug-wt
0	136.03787215733408	143.63364831344543
1	179.57230232022525	137.1865904404895
2	150.51639109206508	143.79922915981192
3	157.83448847697963	192.90904325293755
4	192.0727413699874	150.6211787992606
5	324.81013257900383	198.87267009085934
6	278.7180151015211	161.3955190216238
7	255.99623897273693	299.40920417574586
8	195.54479311668143	171.3221829071999
9	165.49820838032983	166.58021734603432
10	172.8373913726989	184.5437948617907
11	173.69631831723493	
