	dmso-wt	drug-wt
0	38.916666666666664	60.75
1	55.26190476190476	37.345238095238095
2	47.142857142857146	47.333333333333336
3	30.892857142857142	88.20238095238095
4	57.023809523809526	42.892857142857146
5	29.833333333333332	106.60714285714286
6	41.80952380952381	90.9047619047619
7	45.095238095238095	87.88095238095238
8	87.5	68.82142857142857
9	70.27380952380952	58.95238095238095
10	39.42857142857143	116.89285714285714
11	55.892857142857146	
