	dmso-wt	drug-wt
0	0.1117552268843663	0.10537030261482674
1	0.07153102110581497	0.08545117664647231
2	0.25313240537565995	0.08577995249887413
3	0.14842649685838732	0.20645735498597836
4	0.1889589949317739	0.2525511600770059
5	2.47752584868063	0.24908360354119682
6	0.5310603834119113	0.19467648748227603
7	1.0329546795241538	0.821193212926868
8	0.20970809143127686	0.1668444591382808
9	0.22001785559411116	0.3860343302303732
10	0.17447213776933546	0.15441792334147192
11	0.363731826461672	
