	dmso-wt	drug-wt
0	137.08980795405222	152.19549815562834
1	171.01386505494506	151.3517838022472
2	171.9036759350677	149.8253632063059
3	171.79519034157556	199.7988671003457
4	183.14766963382218	180.3284026627461
5	424.08837495440594	168.89697311223063
6	289.8614940287784	167.62104253472717
7	346.63959338527945	235.26523531326518
8	182.68910998106878	152.32815570577011
9	159.29196110888083	160.79501117027652
10	165.63743773300936	163.83894227565636
11	186.3932854682677	
