	dmso-wt	drug-wt
0	54.57142857142857	57.0
1	47.142857142857146	51.0
2	37.42857142857143	46.42857142857143
3	33.857142857142854	44.42857142857143
4	54.57142857142857	54.285714285714285
5	18.285714285714285	50.857142857142854
6	34.714285714285715	45.0
7	21.0	47.857142857142854
8	34.142857142857146	45.285714285714285
9	49.42857142857143	22.857142857142858
10	57.42857142857143	48.57142857142857
11	27.857142857142858	
