	dmso-wt	drug-wt
0	0.10109143702249794	0.10708189540182993
1	0.23628497214296998	0.057345946371859
2	0.09309548819046963	0.09502279573754902
3	0.07242118621584917	0.45326169675526207
4	0.34892041490607467	0.16422037885876972
5	1.2436441430848686	0.5883045218925099
6	1.0739947579561788	0.17357738604730238
7	0.6627655648059936	1.7674802631017035
8	0.2848413913073494	0.17112603798762335
9	0.1965644612067216	0.2121553870665863
10	0.22802318986408682	0.4498292792450124
11	0.25824146306312307	
