	dmso-wt	drug-wt
0	0.07502249106839697	0.1129256266670868
1	0.319181680421539	0.07547394190812813
2	0.15485792995961556	0.10099641497339977
3	0.09268370332175575	0.41908515931497436
4	0.39294894460967145	0.15705691264713956
5	1.4099558810247768	0.5459725437190804
6	1.0754442269662912	0.20547899561125205
7	0.8230832882248309	1.6889679860208549
8	0.37892174664802303	0.2702414769290587
9	0.29117651002760436	0.312520749650957
10	0.22851268579696615	0.41758526562713166
11	0.33464706561374896	
