	dmso-wt	drug-wt
0	0.08404313554448514	0.1037830083163073
1	0.35480638968910805	0.06369728512057081
2	0.12236069338732362	0.0937386477007846
3	0.09113020460498253	0.40604411954587505
4	0.32526220550935586	0.14248173742208875
5	1.383040548591488	0.5348939835095133
6	0.9472429523045423	0.16074669187805443
7	0.7649248003060478	1.710267478645924
8	0.29047536165504556	0.18500805039251544
9	0.23642831408578455	0.20852323060154002
10	0.1857634400617259	0.3691534377294393
11	0.2913322613956328	
