	dmso-wt	drug-wt
0	0.05540381605548458	0.06428109694235325
1	0.05049966198503745	0.0764388705518072
2	0.21489708224400456	0.057371338073476885
3	0.1349020988929001	0.17929568211129757
4	0.14878658782305032	0.23011226706988994
5	2.3226880804011456	0.23523049864277829
6	0.48895969388977084	0.11716673572932702
7	0.8448460592183953	0.6903953304340833
8	0.1566089597012732	0.09710671171395849
9	0.15100984282729893	0.23943849696851585
10	0.15649135330259908	0.13706493576880335
11	0.31005315618645846	
