	dmso-wt	drug-wt
0	1.409268460704827	1.6714263199597739
1	2.37871224363236	2.017339480326566
2	2.286750899667385	1.9476750150649345
3	1.599747117787432	2.37417478294097
4	1.7494974870119318	1.9159032050095277
5	2.926208370148764	2.8454773165689446
6	2.674752512559818	2.4474970204878166
7	2.0928383971558895	2.3129346653850757
8	2.309344627097869	2.5119061079630733
9	1.7795197384538968	2.1215191069604513
10	1.9276562365695171	2.280887091007939
11	2.2894652581764636	
