	dmso-wt	drug-wt
0	70912.04862425625	75582.77485081146
1	189053.27520134457	59352.77980569541
2	63689.43218371616	53972.252478087925
3	112527.83145210531	71173.67986066002
4	78034.50388024087	42076.59761693012
5	118505.47030138837	30952.58549778264
6	138580.4281762511	185101.84739707725
7	164234.8940669757	33670.46001949436
8	121867.34078040035	41091.555692490576
9	35890.34448982521	35683.07354817512
10	22275.814364583748	20378.863981305174
11	24014.196540571804	
