	dmso-wt	drug-wt
0	184.28389451619555	273.7278790369078
1	337.5209188034188	286.8711192614767
2	330.24519307224284	303.5116071796662
3	319.2033382841113	459.8115611243428
4	307.3996514870417	371.4231471218694
5	1438.8693764699233	380.615178987163
6	750.382136365518	408.1772595198257
7	1048.5670545002727	530.1129125159189
8	433.71382374178046	356.3575941898083
9	318.4868722526245	340.87473847670225
10	346.33970049334164	303.1949803252936
11	392.97177937633006	
