	dmso-wt	drug-wt
0	2.6166666666666667	2.8833333333333333
1	1.8	6.516666666666667
2	4.333333333333333	4.166666666666667
3	3.5	4.333333333333333
4	3.65	7.016666666666667
5	1.95	7.583333333333333
6	2.6166666666666667	3.1333333333333333
7	2.6333333333333333	5.483333333333333
8	3.683333333333333	3.8
9	5.05	4.483333333333333
10	6.216666666666667	4.866666666666666
11	5.85	
