	dmso-wt	drug-wt
0	181.71771809122154	282.12673694507197
1	327.67656898656895	304.91344137635616
2	337.32411377790515	298.09995428775034
3	324.6160707371226	457.2857434673856
4	324.7713049910225	376.16750922262406
5	1487.767965854735	375.0775795350443
6	945.2308725236729	444.58390298835303
7	1190.155361218498	521.2265950271997
8	426.1454144797949	319.761364673043
9	273.3182117616723	294.85567016234285
10	306.14669244405536	290.9366656214915
11	404.92199597489065	
