	dmso-wt	drug-wt
0	17.576190476190476	17.585714285714285
1	16.10952380952381	14.15952380952381
2	14.111904761904762	15.535714285714286
3	5.192857142857143	13.392857142857142
4	14.566666666666666	15.480952380952381
5	3.980952380952381	16.678571428571427
6	8.795238095238096	18.983333333333334
7	6.997619047619048	12.845238095238095
8	11.852380952380953	14.7
9	16.576190476190476	7.511904761904762
10	14.44047619047619	20.05
11	7.05	
