	dmso-wt	drug-wt
0	0.08791360542865136	0.1140744892304912
1	0.37304279969016507	0.09238333542160655
2	0.19868901909043127	0.10063705748404339
3	0.11603823677254221	0.3673122283174467
4	0.42494479132899904	0.13818532993553018
5	1.5029155261723801	0.5053920174016878
6	0.9981994346233866	0.20785993648728343
7	0.8541530461724105	1.6611422297852154
8	0.34292086915968817	0.3404531076364604
9	0.3308132533595802	0.3414507864479851
10	0.16651631087314442	0.30403854245252543
11	0.3315249486645557	
