	dmso-wt	drug-wt
0	0.062131376708142526	0.11177676410368244
1	0.2653205611529129	0.058564548394649744
2	0.11102684082879992	0.10135577246275614
3	0.06932916987096922	0.47085809031250214
4	0.36095309789034397	0.175928495358749
5	1.3169962358771734	0.586553070036473
6	1.1526890193091959	0.2034381891460822
7	0.7964520671269051	1.7167937422564938
8	0.4149226241363579	0.20002984622165693
9	0.2515397666956286	0.28359071285392884
10	0.2905090607207879	0.5311319888017378
11	0.33776918256294214	
