	dmso-wt	drug-wt
0	214.8698768672924	260.41481641385707
1	341.7448623302412	254.45177862897478
2	313.65699174039935	270.5315862087303
3	293.74521904215874	476.62627439280993
4	363.30704809156657	263.7027838689892
5	1252.1718580720803	556.9771284782561
6	649.3968970825504	378.7762024343027
7	736.8518653803742	640.6980095315749
8	510.5115310753822	382.75524106028337
9	274.3329078100363	345.6406384974546
10	313.8259075993095	418.70675641307025
11	397.9844339871134	
