	dmso-wt	drug-wt
0	1.535241760703544	1.9087533865110966
1	1.9747581680510857	1.8836361151556829
2	2.120725457421923	1.8761049355377513
3	1.7440908838741382	2.377238853538957
4	1.8400804449754224	1.732663266463315
5	2.834180260761241	2.8361916268341862
6	2.0220870657742447	2.3946233422556413
7	2.185056272120124	2.199842679127761
8	2.764245938435466	2.2459494127869113
9	1.6704199666313035	2.1203948154536247
10	1.7200404422383027	2.065443082837886
11	2.3367501093939818	
