	dmso-wt	drug-wt
0	906.5	864.0714285714286
1	662.2857142857143	826.4285714285714
2	762.0	897.7142857142857
3	352.2857142857143	699.7857142857143
4	561.6428571428571	827.3571428571429
5	207.0	901.0
6	325.5	892.7142857142857
7	330.14285714285717	662.8571428571429
8	669.3571428571429	813.3571428571429
9	854.3571428571429	508.07142857142856
10	715.6428571428571	963.5
11	462.0	
