	dmso-wt	drug-wt
0	0.081516659156618	0.10313379662172621
1	0.13284296488473793	0.09889869249918329
2	0.1438643026285002	0.08869514008764047
3	0.08881213350155888	0.5527710385378003
4	0.26728117344101626	0.16812328618994699
5	0.8958220606294753	0.37618369880000985
6	0.6884139315229351	0.17370329260367343
7	0.564378967544278	1.2686998253486488
8	0.22459005462599416	0.28893205930039423
9	0.3213794649395886	0.23948007450475545
10	0.3372955971716377	0.4898817016735089
11	0.39789734725440684	
