	dmso-wt	drug-wt
0	42.38095238095238	63.404761904761905
1	78.5	36.857142857142854
2	50.73809523809524	51.166666666666664
3	24.833333333333332	106.16666666666667
4	84.04761904761905	51.642857142857146
5	35.23809523809524	125.21428571428571
6	62.92857142857143	122.64285714285714
7	60.476190476190474	107.61904761904762
8	100.71428571428571	65.54761904761905
9	82.0	58.57142857142857
10	53.857142857142854	152.6904761904762
11	52.976190476190474	
