	dmso-wt	drug-wt
0	139.56075456311567	150.51049400897725
1	156.88213046099057	156.11106922435016
2	154.64929430245434	148.9944011913172
3	164.34534335810238	218.6024582270841
4	187.8474892817666	160.61219848810322
5	284.40863931634345	191.6763183856017
6	275.98817616381297	174.09420658163324
7	316.8213588336563	322.4846653734652
8	184.75142027761902	185.80688563360357
9	181.75713978341412	164.8843657091513
10	196.87557159536811	222.21879933855527
11	201.9812997524295	
