	dmso-wt	drug-wt
0	5.0	10.714285714285714
1	9.428571428571429	10.285714285714286
2	11.142857142857142	10.857142857142858
3	13.0	14.571428571428571
4	10.428571428571429	13.714285714285714
5	13.0	12.285714285714286
6	8.714285714285714	4.571428571428571
7	7.285714285714286	11.285714285714286
8	5.857142857142857	6.142857142857143
9	7.285714285714286	7.857142857142857
10	13.714285714285714	4.0
11	9.0	
