	dmso-wt	drug-wt
0	190.779536135226	253.70759065397277
1	396.7302858842148	257.4914888195187
2	320.76440983883185	276.1205401700412
3	271.8170693492226	460.231920973518
4	378.96545841511136	290.6049013426199
5	987.5965278677606	551.038723198838
6	762.3250151830416	380.61862019091274
7	564.0364708995569	646.971461700722
8	498.21676961827643	389.7262276394813
9	335.03218923422236	341.5184516231172
10	341.7665615150045	397.28472972186194
11	381.0200849047732	
