	dmso-wt	drug-wt
0	33.0	32.70967741935484
1	36.66129032258065	35.11290322580645
2	30.806451612903224	29.774193548387096
3	27.677419354838708	27.419354838709676
4	28.661290322580644	38.87096774193548
5	20.370967741935484	36.225806451612904
6	22.758064516129032	30.338709677419356
7	23.032258064516128	29.0
8	27.758064516129032	32.17741935483871
9	31.129032258064516	31.548387096774192
10	44.25806451612903	31.838709677419356
11	27.85483870967742	
