	dmso-wt	drug-wt
0	135.16650728232906	138.0594812059026
1	171.1940985836844	133.96398720767024
2	144.67873341209798	143.9578228011387
3	152.1900282660422	198.62978224617694
4	186.72881980714823	150.1852879411919
5	317.4179031676019	199.03323065539092
6	261.57328785945015	162.68732245175877
7	263.2181183439232	293.51299244329823
8	192.82567051471523	173.10110807686655
9	165.6635121693002	168.85840498533398
10	180.8393710330578	203.24424376173866
11	179.19740448700375	
