	dmso-wt	drug-wt
0	222650.1730391683	82414.00984115884
1	723418.4822222437	30333.60219798414
2	29551.76283334577	81666.47135347423
3	30435.699359955033	80964.74657637966
4	94801.35278452157	18451.93858762669
5	160118.5528744868	13721.73431398654
6	159128.8076003894	121535.14449761347
7	95302.18698984783	51322.84490308717
8	31011.240116719786	116787.71486875511
9	32553.75980357986	62200.557864904156
10	21836.53151639371	47786.198751810865
11	10974.848602431815	
