	dmso-wt	drug-wt
0	202.41020913172548	261.2667390153933
1	337.40766739189814	252.3172153084647
2	309.3699566922748	271.4064520705144
3	266.8231906240651	480.2705408633149
4	365.39960047963217	279.0706711589459
5	878.5697018234295	553.8324033924794
6	612.5451598519221	383.860701655309
7	589.0972446959892	609.8840924962005
8	532.5496470810376	385.61270410032733
9	326.5856491614328	352.8592310145754
10	344.86384937715684	416.81134075680876
11	387.76878201629825	
