	dmso-wt	drug-wt
0	1.2998003520577739	1.8360307574679737
1	1.886916564668408	1.9157497482092676
2	1.9083904229840396	1.9716447378495927
3	1.7986895565077978	2.223844178305566
4	1.6974095154853561	2.061262967337606
5	2.5952431242267426	2.126177468987678
6	2.6236442242596607	2.5354997492103055
7	2.603052362406688	2.0630562519955413
8	2.270708051176596	2.0091217716230854
9	1.6241879162871316	1.8340252376336745
10	1.7824477609256475	1.695960238381735
11	2.2980652239418164	
