	dmso-wt	drug-wt
0	12.05	21.216666666666665
1	2.6166666666666667	21.55
2	40.45	10.35
3	30.966666666666665	20.783333333333335
4	18.55	33.15
5	5.2	75.63333333333334
6	7.533333333333333	18.633333333333333
7	11.4	26.366666666666667
8	26.083333333333332	22.2
9	22.416666666666668	68.66666666666667
10	29.816666666666666	24.616666666666667
11	62.583333333333336	
