	dmso-wt	drug-wt
0	30.571428571428573	37.57142857142857
1	30.0	38.57142857142857
2	37.857142857142854	36.857142857142854
3	46.857142857142854	46.142857142857146
4	27.428571428571427	55.0
5	20.714285714285715	55.142857142857146
6	16.285714285714285	28.0
7	18.142857142857142	46.285714285714285
8	35.857142857142854	30.857142857142858
9	40.285714285714285	27.714285714285715
10	52.857142857142854	31.285714285714285
11	36.57142857142857	
