	dmso-wt	drug-wt
0	18219.074022606983	11203.784949430523
1	74234.67187327615	19670.669701440696
2	14439.45765887144	14668.263018120639
3	28652.99598778765	9229.57023338755
4	16600.682284281833	18476.207210732213
5	26650.23700164916	6963.390541766007
6	41362.65873115564	46012.85644694795
7	89672.94930389359	7424.869509245635
8	8721.035972148347	12589.020202750977
9	14584.23412234556	24678.976641087105
10	24565.870416949656	10991.158123077064
11	12613.83859289647	
