	dmso-wt	drug-wt
0	136.90923703233912	149.20781542098823
1	187.9505060567662	140.40919367330883
2	156.35404877203223	143.64063551848514
3	163.47894868791712	187.1883042596982
4	197.41666293282654	151.05706965732938
5	332.20236199040573	198.71210952632777
6	295.86274234359206	159.88841501979962
7	247.5707130396863	305.3054159081936
8	198.2639157186476	169.54325773753322
9	165.3329045913595	164.30202970673466
10	164.83541171233998	165.84334596184277
11	168.19523214746613	
