	dmso-wt	drug-wt
0	0.058470683327465946	0.10040366057016206
1	0.4977292755535687	0.07004862386928261
2	0.15325174331733618	0.09239029226218201
3	0.1093829054724297	0.3576748941118685
4	0.2984069407887561	0.12180351751890443
5	1.522436954098107	0.48148344512651675
6	0.798123180949676	0.14470832416649448
7	0.9224202883686314	1.6516243745787502
8	0.29691418490955535	0.20126983635253184
9	0.28084803586531176	0.20511120483134504
10	0.14450987477846883	0.2523125638103333
11	0.32111397989489165	
