	dmso-wt	drug-wt
0	1.2815894904455287	1.6996897936599624
1	1.896100188816345	1.8700511261338986
2	1.8975612659596515	2.0079159396960913
3	1.8574220735276317	2.3419146629527647
4	1.6580259983030836	2.0949290182615323
5	2.4297373382536582	2.1652423474401417
6	2.5448509200197944	2.3132685584922785
7	2.5672180761320353	2.043320146474776
8	2.303110657191457	2.2125800453322104
9	1.896640953775168	2.028539110833239
10	1.9665499276438663	1.681507791981574
11	2.3024496806696106	
