	dmso-wt	dmso-het
0	0.951956302121126	0.3873352252404992
1	0.862131247455712	0.5251132325388349
2	0.8404652650669384	0.6032691385491414
3	0.7302735496514587	0.5660166571849194
4	1.085875637706017	0.6545354902478676
5	0.7375546065938657	1.032969395757766
6	0.5091222901032618	0.8072541688807899
7	0.5835725561043711	0.3361564693364
8	0.5872921710121214	0.6080516577556192
9	1.2549714494607394	1.1918270152125514
10	0.6602419985487965	
11	0.7633277661734396	
