	dmso-wt	dmso-het
0	36910.25996374973	49317.331871202536
1	13277.763111574644	7104.896213491468
2	14391.134259962595	34965.45571568982
3	17919.964357148237	15177.176226821113
4	25869.84198888139	15774.398312085928
5	20973.89339909014	16982.616726826156
6	20984.03667421053	19388.82597949989
7	41152.639771538255	13513.674043227624
8	22977.93258914407	14510.143736524296
9	22777.485225859917	11291.460529601734
10	39579.695868191055	
11	33240.58428350673	
