	dmso-wt	dmso-het
0	382.22832446711516	199.55799540465406
1	303.95886933294247	231.88012299083036
2	295.8347874070483	189.5061073362208
3	281.2992032375137	235.09511693365224
4	246.50888821676668	232.42389462841192
5	284.3134212815522	308.8836148368983
6	278.69482494244187	253.46372895335602
7	252.93546749248912	267.0013802545436
8	247.27170985862924	237.26340744772187
9	308.7819735478787	265.4086839785567
10	248.1152899955808	
11	206.8704530319143	
