	dmso-wt	dmso-het
0	5.214285714285714	4.142857142857143
1	8.142857142857142	8.571428571428571
2	8.642857142857142	11.785714285714286
3	4.857142857142857	7.071428571428571
4	11.857142857142858	1.4285714285714286
5	12.714285714285714	5.285714285714286
6	4.5	7.214285714285714
7	9.285714285714286	5.714285714285714
8	6.214285714285714	7.285714285714286
9	7.428571428571429	5.642857142857143
10	11.857142857142858	
11	7.357142857142857	
