	dmso-wt	dmso-het
0	239.2353258868509	263.01464814394393
1	266.03557697671624	218.165824700845
2	273.59940007406453	144.92918757497137
3	216.73568141223805	222.54253704566958
4	331.9016580610525	211.20034865221723
5	243.50028664061074	304.7070195192893
6	266.37413523954433	204.01272656947168
7	205.821744817373	269.4740871640807
8	258.4325415424101	232.54511174467112
9	235.5461295554676	224.82144130225782
10	210.96745645355193	
11	225.12528879393193	
