	dmso-wt	dmso-het
0	226.18323620869802	227.62199918427385
1	184.32804489567354	167.8176666326564
2	185.2234166078278	172.93675804127037
3	189.07178930339248	153.67832864785845
4	345.02793822774095	170.50146557487585
5	188.02483791991062	212.266364353188
6	187.19793904514785	202.9859556338339
7	178.92828857251692	171.85777980864492
8	215.88346903582948	204.29614980811178
9	230.5492061864041	196.22784220278615
10	185.141868213157	
11	216.32440174306413	
