	dmso-wt	dmso-het
0	333.4438930716697	251.9759735365017
1	220.85475306341107	207.92448320298212
2	243.1514372906066	178.5852648819196
3	233.68502515417765	194.43128242781123
4	339.9658167552545	216.011711652487
5	264.69301772724657	280.59596685906246
6	261.19604476687033	211.48451596959367
7	223.44761231440822	235.84447178142165
8	234.86837447222536	238.9867035317575
9	302.8277164993263	223.28240058295574
10	214.3995105324218	
11	210.29847820472477	
