	dmso-wt	dmso-het
0	184.9047619047619	150.14285714285714
1	117.42857142857143	136.0952380952381
2	128.8095238095238	163.97619047619048
3	101.30952380952381	168.76190476190476
4	82.73809523809524	240.9047619047619
5	98.4047619047619	126.69047619047619
6	167.26190476190476	71.54761904761905
7	121.35714285714286	152.66666666666666
8	209.61904761904762	169.14285714285714
9	244.88095238095238	169.64285714285714
10	83.47619047619048	
11	194.78571428571428	
