	dmso-wt	dmso-het
0	9.285714285714286	9.253968253968255
1	12.174603174603174	10.079365079365079
2	10.428571428571429	12.34920634920635
3	9.698412698412698	10.34920634920635
4	15.015873015873016	8.0
5	14.984126984126984	10.238095238095237
6	10.984126984126984	10.158730158730158
7	10.444444444444445	7.7936507936507935
8	11.46031746031746	9.126984126984127
9	13.0	8.555555555555555
10	10.952380952380953	
11	9.793650793650794	
