	dmso-wt	drug-wt
0	877.6428571428571	493.2857142857143
1	568.7142857142857	210.64285714285714
2	282.85714285714283	240.85714285714286
3	779.3571428571429	792.3571428571429
4	938.4285714285714	765.0714285714286
5	974.1428571428571	421.2857142857143
6	403.2142857142857	1638.857142857143
7	1412.5	955.6428571428571
8	1415.857142857143	815.2857142857143
9	1255.5	998.7142857142857
10		867.3571428571429
11		1188.7142857142858
