	dmso-wt	drug-wt
0	1.1020942408376964	0.8298429319371727
1	1.5183246073298429	1.2827225130890052
2	1.5418848167539267	1.301047120418848
3	1.5968586387434556	1.4371727748691099
4	1.8979057591623036	1.1544502617801047
5	1.6465968586387434	0.7853403141361257
6	1.9476439790575917	0.9738219895287958
7	1.2146596858638743	1.9109947643979057
8	1.405759162303665	1.4764397905759161
9	1.057591623036649	1.9581151832460733
10		1.5157068062827226
11		1.6701570680628273
