	dmso-wt	drug-wt
0	1.1408565428322792	1.1124804661181484
1	1.2351264096367627	0.8626844842521874
2	1.3545257752699034	1.2469259192133588
3	1.5248290913925642	1.1976310251077822
4	1.7084754492888594	1.1768587703657887
5	1.6445457469662794	1.1900186827314447
6	1.355314592811483	1.3150877594934267
7	1.400854865647353	1.5906980056591458
8	1.521655309409083	1.5134808976214082
9	1.4790572630159264	1.3699341674599033
10		1.6812649453243569
11		1.3835751145669057
