	dmso-wt	drug-wt
0	1.1541577197326256	1.0149795183782546
1	1.2646363031741108	0.9837564659947065
2	1.313320286590752	1.0837294286180412
3	1.5843034847770365	1.0051704819976073
4	1.8845177297999702	1.2257150654563636
5	1.6465017694855142	1.2670304989980339
6	1.522931096590844	1.3771766097019538
7	1.4801189547760745	1.5634186187197698
8	1.5028656953279798	1.5125735348226017
9	1.5493444328257175	1.4965325546524642
10		1.631432066958912
11		1.4424872413466063
