	dmso-wt	drug-wt
0	1.1737615560820154	0.9582344356787418
1	1.2821737998138159	0.9501868439787465
2	1.2613955581532854	0.9994074445972199
3	1.5307395948026066	0.837800563790997
4	1.898347806439558	1.1621998643369171
5	1.5207211793929436	1.30644770159313
6	1.5171668457085565	1.3593872949854091
7	1.534909413484813	1.4906681384503018
8	1.4403908413025401	1.3924903405284135
9	1.5186029020998753	1.4919936210542726
10		1.5904115297787598
11		1.4778150286749376
