	dmso-wt	drug-wt
0	59.0	13.571428571428571
1	43.42857142857143	20.0
2	33.57142857142857	21.714285714285715
3	43.714285714285715	52.714285714285715
4	38.857142857142854	42.285714285714285
5	53.0	21.142857142857142
6	31.714285714285715	49.0
7	56.0	50.57142857142857
8	44.142857142857146	32.142857142857146
9	58.714285714285715	36.42857142857143
10		27.857142857142858
11		54.857142857142854
