	dmso-wt	drug-wt
0	0.25720617290181785	0.4085744327304816
1	0.11488179198496008	0.2518055575842353
2	0.12917135450009137	0.09556408745239796
3	0.45669122756714275	0.33858052861054155
4	0.45562258168209724	0.642873457613074
5	0.41279781672725113	0.2450801077786343
6	0.41431978647002443	0.5078112165719039
7	0.30641146044254564	0.2806789966565391
8	0.3844682961262426	0.41412037190646356
9	0.22892155952260987	1.4155342227749248
10		0.3349052717164159
11		0.6792470185514489
