	dmso-wt	drug-wt
0	3.2857142857142856	1.8571428571428572
1	6.142857142857143	6.571428571428571
2	6.571428571428571	4.142857142857143
3	7.0	11.142857142857142
4	10.571428571428571	7.714285714285714
5	9.714285714285714	6.0
6	6.428571428571429	2.7142857142857144
7	6.285714285714286	10.428571428571429
8	9.0	6.571428571428571
9	8.571428571428571	13.0
10		5.285714285714286
11		10.142857142857142
