	dmso-wt	drug-wt
0	9.833333333333334	2.261904761904762
1	7.095238095238095	3.261904761904762
2	5.619047619047619	3.5238095238095237
3	7.261904761904762	8.785714285714286
4	6.357142857142857	7.023809523809524
5	8.833333333333334	3.5
6	5.261904761904762	8.166666666666666
7	9.285714285714286	8.404761904761905
8	7.309523809523809	5.357142857142857
9	9.761904761904763	6.0
10		4.761904761904762
11		9.30952380952381
