	dmso-wt	drug-wt
0	38.285714285714285	27.984126984126984
1	32.0	20.396825396825395
2	35.74603174603175	23.0
3	41.82539682539682	30.396825396825395
4	33.857142857142854	34.42857142857143
5	42.888888888888886	28.349206349206348
6	37.333333333333336	36.698412698412696
7	39.80952380952381	39.92063492063492
8	39.682539682539684	31.92063492063492
9	39.44444444444444	43.6031746031746
10		37.492063492063494
11		39.666666666666664
