	dmso-wt	drug-wt
0	1026.0	525.0
1	588.8571428571429	258.0
2	327.57142857142856	257.42857142857144
3	875.5714285714286	875.5714285714286
4	855.2857142857143	496.85714285714283
5	583.1428571428571	498.57142857142856
6	393.42857142857144	1386.142857142857
7	1451.2857142857142	882.1428571428571
8	1163.5714285714287	892.1428571428571
9	1066.7142857142858	718.1428571428571
10		1024.0
11		1174.857142857143
