	dmso-wt	drug-wt
0	0.14468094067634352	0.12729227137302554
1	0.11262274884989516	0.07983962145604527
2	0.19374108713074778	0.03735687706793728
3	0.258584149961815	0.8770944558570395
4	0.20485267993639864	0.25977141818326055
5	0.1656545914273493	0.20593698527529614
6	0.22876791439679883	0.13565200081914275
7	0.3107464457600916	0.19372784159270232
8	0.26402073108589336	0.17015118658335124
9	0.484602183800625	0.3525089380666088
10		0.19258833220369292
11		0.22557663939179454
