	dmso-wt	drug-wt
0	1.1345538833832356	1.0622670872945155
1	1.2470988065344055	1.0173260880106663
2	1.3652450150282185	1.1680514126388624
3	1.6378673747514665	1.1725404002042177
4	1.8706876531603822	1.2892302665758097
5	1.7722823595780852	1.2332443253450944
6	1.5286953474731324	1.3949659244184986
7	1.4253284960673365	1.6361690989892375
8	1.5653405493534192	1.632656729116789
9	1.5800859635515603	1.5010714882506553
10		1.6724526041390644
11		1.407159454018275
