	dmso-wt	drug-wt
0	0.3212407341967829	0.4393826087211247
1	0.1551728867701462	0.32659567780052895
2	0.1629497952996352	0.12378812686707404
3	0.557094713164439	0.7376287975923095
4	0.6646755022242573	0.5844720078874148
5	0.47369051673657864	0.33292147177032
6	0.45025201305793755	0.4932770362918162
7	0.41954468809723616	0.39212743917007487
8	0.4613324069037065	0.5805181237275702
9	0.31281141950146146	1.7525389688327742
10		0.4916376745224174
11		0.6755563758094941
