	dmso-wt	drug-wt
0	0.7581945885834791	0.9562479889611504
1	1.0867126440056007	0.5763667169749718
2	0.7489915656718882	0.9131997828996073
3	1.0370996289664067	1.3812504464542563
4	1.087562106585146	1.1836840620277889
5	1.3124346518149914	1.0730837576690113
6	0.9911741661480786	1.0264918922133641
7	1.4011266055165577	0.8980653542530661
8	1.1454378714755473	1.0505691468994083
9	1.2222994028018628	1.1833330328721918
10		1.1236214363651678
11		1.1550830197741244
