	dmso-wt	drug-wt
0	16.4	8.816666666666666
1	11.35	6.95
2	15.466666666666667	3.933333333333333
3	23.433333333333334	10.716666666666667
4	8.016666666666667	6.566666666666666
5	10.316666666666666	4.033333333333333
6	18.783333333333335	13.016666666666667
7	21.8	15.683333333333334
8	8.233333333333333	9.633333333333333
9	12.383333333333333	38.766666666666666
10		19.4
11		14.0
