	dmso-wt	drug-wt
0	982.936507936508	865.6825396825396
1	656.2857142857143	242.88888888888889
2	637.3174603174604	427.4920634920635
3	1065.984126984127	606.031746031746
4	768.5873015873016	821.9047619047619
5	1117.7936507936508	707.2063492063492
6	821.0793650793651	1286.5714285714287
7	1197.6031746031747	1004.8888888888889
8	1154.4920634920634	786.9047619047619
9	1193.3968253968253	765.1904761904761
10		868.4920634920635
11		945.3492063492064
