	dmso-wt	drug-wt
0	0.2917248273459621	0.39671742861929804
1	0.1293107436360592	0.26917714831764944
2	0.13490582302530008	0.10204167892824793
3	0.4685405325396162	0.6795762472124416
4	0.45488739313728205	0.5765971946666187
5	0.37995425882740086	0.2450651962167752
6	0.3728539938132083	0.43369520472052314
7	0.3710425612293709	0.2916911824161761
8	0.3749818499478845	0.39196052567843553
9	0.27793135520398676	1.518119542559685
10		0.3959120226074072
11		0.6274385001469779
