	dmso-wt	drug-wt
0	52.285714285714285	18.857142857142858
1	37.857142857142854	15.142857142857142
2	26.142857142857142	16.142857142857142
3	45.142857142857146	42.714285714285715
4	32.857142857142854	25.857142857142858
5	29.428571428571427	24.714285714285715
6	21.142857142857142	44.285714285714285
7	55.142857142857146	40.57142857142857
8	36.714285714285715	28.142857142857142
9	36.0	43.714285714285715
10		38.0
11		45.57142857142857
