	dmso-wt	drug-wt
0	729.2857142857143	461.57142857142856
1	548.5714285714286	163.28571428571428
2	238.14285714285714	224.28571428571428
3	683.1428571428571	709.1428571428571
4	1021.5714285714286	1033.2857142857142
5	1365.142857142857	344.0
6	413.0	1891.5714285714287
7	1373.7142857142858	1029.142857142857
8	1668.142857142857	738.4285714285714
9	1444.2857142857142	1279.2857142857142
10		710.7142857142857
11		1202.5714285714287
