	dmso-wt	drug-wt
0	1.1609923348217255	1.012747429874253
1	1.302252445315172	0.9644723067026182
2	1.2199446162148457	0.9821209108441998
3	1.447878365280347	0.8913320508529546
4	1.650741219145892	1.1193729424159442
5	1.4794528546483365	1.2386752972875834
6	1.3508918132358332	1.351235135215789
7	1.54674790379484	1.4029010359365142
8	1.4210179760877735	1.327865658426964
9	1.5245467185868766	1.3949443695243637
10		1.4789890460647415
11		1.486311365532742
