	dmso-wt	drug-wt
0	0.6428571428571429	0.21428571428571427
1	1.1904761904761905	1.119047619047619
2	1.9523809523809523	0.7142857142857143
3	1.7619047619047619	2.5238095238095237
4	1.8571428571428572	1.3333333333333333
5	0.23809523809523808	0.9523809523809523
6	1.6428571428571428	0.30952380952380953
7	0.5714285714285714	1.5238095238095237
8	0.9523809523809523	1.1904761904761905
9	0.5238095238095238	1.1904761904761905
10		0.7857142857142857
11		0.5952380952380952
