	dmso-wt	drug-wt
0	1.1509244388270023	1.068480597187018
1	1.2695080376671675	0.9075401348235638
2	1.2838706667659978	1.0963505222975625
3	1.4863537283364554	1.0444815379803685
4	1.6799647183540614	1.1465621853651946
5	1.5609802088794194	1.2135360464335785
6	1.3526479168908707	1.3329326664956052
7	1.4738013847210965	1.495668213751308
8	1.4713366427484282	1.414316591750404
9	1.5020760236662867	1.381122942067688
10		1.5815514738583494
11		1.4361961211591632
