	dmso-wt	drug-wt
0	2.065	1.0633333333333332
1	1.5816666666666668	0.7733333333333333
2	1.825	0.6366666666666667
3	2.545	1.305
4	0.8416666666666667	0.7333333333333333
5	1.2233333333333334	0.49666666666666665
6	2.1783333333333332	1.5716666666666668
7	2.5416666666666665	1.71
8	1.0666666666666667	1.1666666666666667
9	1.4133333333333333	4.575
10		2.1766666666666667
11		1.6483333333333334
