	dmso-wt	drug-wt
0	9.273809523809524	2.630952380952381
1	6.75	2.9047619047619047
2	5.011904761904762	3.1785714285714284
3	7.380952380952381	8.0
4	5.988095238095238	5.75
5	6.892857142857143	3.8214285714285716
6	4.380952380952381	7.833333333333333
7	9.297619047619047	7.630952380952381
8	6.75	4.964285714285714
9	7.964285714285714	6.619047619047619
10		5.583333333333333
11		8.452380952380953
