	dmso-wt	drug-wt
0	8.714285714285714	3.0
1	6.404761904761905	2.5476190476190474
2	4.404761904761905	2.8333333333333335
3	7.5	7.214285714285714
4	5.619047619047619	4.476190476190476
5	4.9523809523809526	4.142857142857143
6	3.5	7.5
7	9.30952380952381	6.857142857142857
8	6.190476190476191	4.571428571428571
9	6.166666666666667	7.238095238095238
10		6.404761904761905
11		7.595238095238095
