	dmso-wt	drug-wt
0	121.97619047619048	76.92857142857143
1	86.54761904761905	27.166666666666668
2	38.30952380952381	35.45238095238095
3	112.28571428571429	110.88095238095238
4	170.1904761904762	170.64285714285714
5	223.38095238095238	56.38095238095238
6	58.88095238095238	312.5238095238095
7	226.54761904761904	163.38095238095238
8	278.0238095238095	123.02380952380952
9	238.64285714285714	213.11904761904762
10		124.73809523809524
11		201.07142857142858
