	dmso-wt	drug-wt
0	26.785714285714285	10.55952380952381
1	16.633333333333333	4.473809523809524
2	6.933333333333334	6.79047619047619
3	13.216666666666667	14.438095238095238
4	16.347619047619048	17.59285714285714
5	40.59761904761905	8.602380952380953
6	6.773809523809524	39.13095238095238
7	37.707142857142856	21.461904761904762
8	27.97142857142857	11.647619047619047
9	33.726190476190474	14.661904761904761
10		13.992857142857142
11		24.67142857142857
