	dmso-wt	drug-wt
0	0.14221628558082347	0.12405497200449155
1	0.08561692669277554	0.045285431076151364
2	0.13050096713562206	0.022826181987543017
3	0.18658497080984154	0.8625987340017243
4	0.1265636142287901	0.1763752528583562
5	0.13214634238069317	0.16607544319167444
6	0.22277333364836147	0.10191423777097747
7	0.2711920934074229	0.14676738053572078
8	0.24315536323509604	0.12002502206156238
9	0.2957746763225423	0.31571407350004405
10		0.16534318537120138
11		0.1728144446015608
