	dmso-wt	drug-wt
0	1632.2857142857142	633.5714285714286
1	1089.5714285714287	273.14285714285717
2	437.85714285714283	419.14285714285717
3	828.7142857142857	922.0
4	983.8571428571429	1063.142857142857
5	2403.8571428571427	521.4285714285714
6	455.85714285714283	2345.714285714286
7	2319.4285714285716	1399.2857142857142
8	1713.2857142857142	707.4285714285714
9	2064.714285714286	890.7142857142857
10		838.0
11		1499.857142857143
