	dmso-wt	drug-wt
0	1791.642857142857	718.2142857142857
1	1100.357142857143	297.0
2	524.4285714285714	436.5
3	972.9285714285714	951.5714285714286
4	862.9285714285714	816.1428571428571
5	1518.7142857142858	591.2142857142857
6	429.35714285714283	2175.9285714285716
7	2063.8571428571427	1167.7142857142858
8	1428.7142857142858	747.4285714285714
9	1584.0714285714287	758.5714285714286
10		991.0
11		1366.142857142857
