	dmso-wt	drug-wt
0	3.5714285714285716	1.5714285714285714
1	6.642857142857143	6.714285714285714
2	9.0	4.214285714285714
3	8.642857142857142	13.142857142857142
4	10.857142857142858	7.928571428571429
5	5.571428571428571	5.928571428571429
6	8.071428571428571	2.2857142857142856
7	4.857142857142857	9.571428571428571
8	7.357142857142857	6.928571428571429
9	5.857142857142857	10.285714285714286
10		5.0
11		6.785714285714286
