	dmso-wt	drug-wt
0	33.74761904761905	13.271428571428572
1	19.804761904761904	5.421428571428572
2	10.74047619047619	7.916666666666667
3	19.126190476190477	17.773809523809526
4	12.44047619047619	10.276190476190477
5	11.752380952380953	11.123809523809523
6	7.4714285714285715	35.195238095238096
7	32.023809523809526	17.42142857142857
8	19.68095238095238	13.2
9	19.926190476190477	10.0
10		20.311904761904763
11		21.752380952380953
