	dmso-wt	drug-wt
0	1951.0	802.8571428571429
1	1111.142857142857	320.85714285714283
2	611.0	453.85714285714283
3	1117.142857142857	981.1428571428571
4	742.0	569.1428571428571
5	633.5714285714286	661.0
6	402.85714285714283	2006.142857142857
7	1808.2857142857142	936.1428571428571
8	1144.142857142857	787.4285714285714
9	1103.4285714285713	626.4285714285714
10		1144.0
11		1232.4285714285713
