	dmso-wt	drug-wt
0	0.3262434817901062	0.3873566358999425
1	0.14446114286971334	0.28286385616821824
2	0.14124391981632017	0.11058032223732285
3	0.4803898375120896	1.0205719658143415
4	0.45417013602038936	0.5027465016691401
5	0.34628961198005426	0.24505124669116513
6	0.30988741977878376	0.3614320931654268
7	0.43567366201619634	0.30297195807238947
8	0.3654954037695264	0.3665418785345211
9	0.32813651175564124	1.6011648014330622
10		0.45522414152920454
11		0.5730395558222834
