	dmso-het	drug-het
0	4.428571428571429	4.571428571428571
1	3.5714285714285716	7.0
2	3.4285714285714284	1.7142857142857142
3	7.142857142857143	6.714285714285714
4	3.142857142857143	4.714285714285714
5	3.857142857142857	1.7142857142857142
6	1.8571428571428572	7.428571428571429
7	4.857142857142857	3.857142857142857
8	5.857142857142857	9.714285714285714
9	0.0	4.0
10	3.142857142857143	2.5714285714285716
11	7.571428571428571	
12	9.857142857142858	
13	7.714285714285714	
14	0.7142857142857143	
