	dmso-het	drug-het
0	607.5714285714286	457.42857142857144
1	849.1428571428571	392.14285714285717
2	1011.1428571428571	821.0
3	1094.2857142857142	608.0
4	1056.2857142857142	917.8571428571429
5	598.0	716.1428571428571
6	353.7142857142857	772.7142857142857
7	716.7142857142857	496.0
8	643.2857142857143	778.0
9	613.2857142857143	577.1428571428571
10	1420.857142857143	605.2857142857143
11	1466.142857142857	479.7142857142857
12	1068.857142857143	549.8571428571429
