	dmso-het	drug-het
0	443.35714285714283	469.42857142857144
1	888.6428571428571	675.3571428571429
2	786.5	1094.0714285714287
3	1027.142857142857	644.7857142857143
4	1211.7857142857142	792.0
5	727.1428571428571	815.4285714285714
6	653.8571428571429	766.3571428571429
7	695.6428571428571	608.3571428571429
8	665.8571428571429	707.5714285714286
9	561.2142857142857	671.9285714285714
10	1161.2142857142858	714.6428571428571
11	1024.142857142857	483.07142857142856
12	1055.9285714285713	726.4285714285714
