	dmso-het	drug-het
0	466.7857142857143	351.42857142857144
1	438.35714285714283	466.42857142857144
2	569.2857142857143	540.0
3	616.0714285714286	487.07142857142856
4	941.0	531.5714285714286
5	483.57142857142856	550.5
6	538.7142857142857	534.4285714285714
7	534.2857142857143	498.35714285714283
8	453.14285714285717	383.7142857142857
9	332.42857142857144	400.42857142857144
10	606.0714285714286	452.5
11	627.3571428571429	411.42857142857144
12	858.3571428571429	489.64285714285717
