	dmso-het	drug-het
0	815.5	1066.5
1	1224.0	626.8571428571429
2	900.3571428571429	1010.3571428571429
3	1938.7142857142858	718.7857142857143
4	1532.2857142857142	854.2142857142857
5	1517.5714285714287	1471.2857142857142
6	2269.0714285714284	780.8571428571429
7	1890.857142857143	1224.2142857142858
8	1917.0714285714287	1338.7142857142858
9	1039.2857142857142	951.9285714285714
10	730.2857142857143	1351.857142857143
11	1072.142857142857	
12	1354.7857142857142	
