	dmso-het	drug-het
0	142.79761904761904	185.57142857142858
1	212.27380952380952	106.60714285714286
2	158.9047619047619	174.9404761904762
3	328.3452380952381	123.60714285714286
4	260.3095238095238	146.51190476190476
5	254.78571428571428	249.95238095238096
6	379.17857142857144	135.52380952380952
7	323.45238095238096	214.04761904761904
8	325.0357142857143	229.45238095238096
9	178.58333333333334	164.22619047619048
10	125.47619047619048	229.22619047619048
11	180.6904761904762	
12	231.9404761904762	
