	dmso-wt	drug-wt
0	51.80952380952381	100.82142857142857
1	36.916666666666664	134.95238095238096
2	39.92857142857143	38.464285714285715
3	84.10714285714286	118.64285714285714
4	29.452380952380953	68.05952380952381
5	16.607142857142858	326.39285714285717
6	107.85714285714286	113.54761904761905
7	97.55952380952381	
8	33.25	
9	15.357142857142858	
