	dmso-wt	drug-wt
0	6.85	33.96666666666667
1	5.25	32.81666666666667
2	12.216666666666667	25.0
3	12.533333333333333	118.83333333333333
4	14.1	46.266666666666666
5	8.333333333333334	204.06666666666666
6	9.033333333333333	100.45
7	15.183333333333334	
8	13.183333333333334	
9	6.916666666666667	
