	dmso-wt	drug-wt
0	310.85714285714283	604.9285714285714
1	221.5	809.7857142857143
2	239.57142857142858	230.78571428571428
3	504.64285714285717	711.9285714285714
4	176.78571428571428	408.35714285714283
5	99.64285714285714	1958.5
6	647.2142857142857	681.3571428571429
7	585.3571428571429	
8	199.5	
9	92.14285714285714	
