	dmso-wt	drug-wt
0	226.16129032258064	651.3064516129032
1	195.93548387096774	638.7096774193549
2	243.48387096774192	1009.241935483871
3	292.8225806451613	853.3225806451613
4	185.9516129032258	1727.8064516129032
5	166.6451612903226	1289.0483870967741
6	461.5483870967742	852.9193548387096
7	419.46774193548384	
8	279.85483870967744	
9	140.79032258064515	
