	dmso-het	drug-het
0	553.6428571428571	2462.3571428571427
1	441.92857142857144	2266.714285714286
2	832.0714285714286	2068.3571428571427
3	1444.7142857142858	1914.642857142857
4	886.2857142857143	1891.2857142857142
5	1055.5714285714287	1128.5
6	1211.4285714285713	1775.9285714285713
7	1471.2142857142858	1651.9285714285713
8	1706.642857142857	2319.9285714285716
9	1868.9285714285713	
