	dmso-het	drug-het
0	19.642857142857142	59.214285714285715
1	27.857142857142858	59.857142857142854
2	20.714285714285715	57.642857142857146
3	45.642857142857146	59.357142857142854
4	51.0	56.42857142857143
5	45.07142857142857	52.714285714285715
6	50.785714285714285	56.0
7	52.42857142857143	57.57142857142857
8	55.285714285714285	59.92857142857143
9	58.642857142857146	
