	dmso-het	drug-het
0	445.92857142857144	1601.2857142857142
1	328.64285714285717	1265.5
2	757.5	1503.4285714285713
3	1193.5714285714287	1370.5
4	680.2142857142857	1281.5
5	796.7857142857143	850.5714285714286
6	877.5714285714286	1255.0
7	929.1428571428571	1017.0714285714286
8	1182.0	1795.642857142857
9	1109.4285714285713	
