	dmso-het	drug-het
0	6.946428571428571	19.252380952380953
1	5.9035714285714285	9.166666666666666
2	10.389285714285714	19.335714285714285
3	13.470238095238095	15.39047619047619
4	8.242857142857142	17.514285714285716
5	8.346428571428572	12.472619047619048
6	10.185714285714285	11.709523809523809
7	12.053571428571429	15.153571428571428
8	12.714285714285714	24.46309523809524
9	11.273809523809524	
