	dmso-het	drug-het
0	280.671875	699.765625
1	391.46875	505.765625
2	350.09375	900.421875
3	609.984375	926.21875
4	418.140625	1178.84375
5	674.4375	723.0
6	680.015625	975.078125
7	545.828125	554.5625
8	937.203125	1020.125
9	886.78125	
