	dmso-het	drug-het
0	5.339285714285714	13.79642857142857
1	4.571428571428571	5.777380952380953
2	11.889285714285714	17.527380952380952
3	16.813095238095237	16.332142857142856
4	8.90952380952381	16.292857142857144
5	9.911904761904761	11.551190476190476
6	11.571428571428571	14.165476190476191
7	10.997619047619047	13.672619047619047
8	9.85	23.389285714285716
9	8.297619047619047	
