	dmso-het	drug-het
0	2.068640293424155	5.077809798270893
1	4.179460309143306	2.363112391930836
2	5.19963321980613	9.247576630861934
3	6.996856169766833	10.6591564055541
4	4.840712601519518	12.356038773906208
5	7.251768404506157	9.066806392454808
6	7.113963845952319	9.611736966203825
7	5.406864029342415	6.477862195441446
8	5.6371495939219285	10.683521089861147
9	5.157715483363899	
