	dmso-het	drug-het
0	20.711286089238847	50.889763779527556
1	41.84776902887139	23.700787401574804
2	52.06561679790026	92.58267716535433
3	70.03149606299213	106.75590551181102
4	48.38057742782152	123.66141732283465
5	72.51968503937007	90.50393700787401
6	71.11023622047244	96.0498687664042
7	54.118110236220474	64.8740157480315
8	56.30183727034121	107.00524934383202
9	51.58005249343832	
