	dmso-wt	dmso-het
0	243.81832687704764	173.71070426677372
1	221.05662547769472	177.01592304433703
2	204.5959949525274	178.2388777033338
3	196.10578460356814	173.9231299031908
4	238.80910317099287	180.79347026429974
5	190.30901674238288	225.25714456936703
6	198.49849596298958	194.94856299752425
7	185.4170987804559	180.42120772088316
8	193.5177939964045	187.95392414293775
9	231.8014735539266	209.23854650609226
10	197.4603056204167	
11	200.6325402202231	
