	dmso-wt	dmso-het
0	25.142857142857142	56.285714285714285
1	49.142857142857146	55.857142857142854
2	45.57142857142857	53.714285714285715
3	41.714285714285715	59.142857142857146
4	44.714285714285715	59.857142857142854
5	39.42857142857143	36.714285714285715
6	58.42857142857143	26.714285714285715
7	44.714285714285715	59.857142857142854
8	58.285714285714285	46.857142857142854
9	45.285714285714285	42.857142857142854
10	49.0	
11	50.285714285714285	
