	dmso-wt	dmso-het
0	0.9466666666666667	1.4633333333333334
1	2.4616666666666664	10.456666666666667
2	2.6933333333333334	1.5266666666666666
3	2.345	5.006666666666667
4	2.285	3.0383333333333336
5	2.3133333333333335	4.243333333333333
6	1.1983333333333333	2.433333333333333
7	1.2166666666666666	3.3216666666666668
8	2.0016666666666665	5.968333333333334
9	1.4666666666666666	8.6
10	1.24	
11	1.17	
