	dmso-wt	dmso-het
0	0.5	1.2142857142857142
1	1.380952380952381	1.7142857142857142
2	1.8095238095238095	1.7619047619047619
3	0.9047619047619048	1.5
4	2.4761904761904763	0.30952380952380953
5	2.4523809523809526	1.0952380952380953
6	0.6428571428571429	1.4047619047619047
7	1.880952380952381	0.2619047619047619
8	0.9047619047619048	1.4285714285714286
9	1.2857142857142858	1.1904761904761905
10	2.4761904761904763	
11	1.0238095238095237	
