	dmso-wt	dmso-het
0	329.14285714285717	2719.285714285714
1	744.7142857142857	1982.4285714285713
2	769.5714285714286	1310.857142857143
3	428.14285714285717	2230.0
4	1147.857142857143	3087.285714285714
5	1058.142857142857	1199.5714285714287
6	1662.7142857142858	1208.142857142857
7	1578.142857142857	1144.7142857142858
8	1925.857142857143	1634.2857142857142
9	1169.4285714285713	2347.285714285714
10	1103.142857142857	
11	830.8571428571429	
