	dmso-wt	dmso-het
0	0.20521419734047872	0.1427442823186054
1	0.38677046560039763	0.20971327693935332
2	0.14880986610044775	0.09543458521649303
3	0.15796166205247722	0.18243215937798304
4	0.24935244546249175	0.12509133741402004
5	0.17265901928278327	0.464593940053004
6	0.16565897762751178	0.3144786889541757
7	0.2215968231109354	0.244677636970406
8	0.16282835703633122	0.22016914191494222
9	0.26795642073533754	0.37950838329635767
10	0.2675500330628516	
11	0.17352774804376675	
