	dmso-wt	dmso-het
0	1.5340314136125655	1.544502617801047
1	2.031413612565445	1.698952879581152
2	1.725130890052356	2.0392670157068062
3	1.6020942408376964	1.725130890052356
4	2.5	1.3429319371727748
5	2.492146596858639	1.7094240837696335
6	1.8324607329842932	1.6884816753926701
7	1.7408376963350785	1.2853403141361257
8	1.9083769633507854	1.5261780104712042
9	2.1596858638743455	1.4136125654450262
10	1.8167539267015707	
11	1.62565445026178	
