	dmso-wt	dmso-het
0	21.142857142857142	57.92857142857143
1	40.857142857142854	52.857142857142854
2	34.714285714285715	54.0
3	29.071428571428573	58.5
4	49.5	59.07142857142857
5	37.42857142857143	37.0
6	57.142857142857146	32.42857142857143
7	45.714285714285715	56.92857142857143
8	57.142857142857146	47.285714285714285
9	39.357142857142854	46.857142857142854
10	44.142857142857146	
11	45.5	
