	dmso-wt	dmso-het
0	3.5238095238095237	9.654761904761905
1	6.809523809523809	8.80952380952381
2	5.785714285714286	9.0
3	4.845238095238095	9.75
4	8.25	9.845238095238095
5	6.238095238095238	6.166666666666667
6	9.523809523809524	5.404761904761905
7	7.619047619047619	9.488095238095237
8	9.523809523809524	7.880952380952381
9	6.559523809523809	7.809523809523809
10	7.357142857142857	
11	7.583333333333333	
