	dmso-wt	dmso-het
0	2.857142857142857	9.928571428571429
1	5.428571428571429	8.30952380952381
2	3.9761904761904763	9.047619047619047
3	2.738095238095238	9.642857142857142
4	9.047619047619047	9.714285714285714
5	5.904761904761905	6.214285714285714
6	9.30952380952381	6.357142857142857
7	7.785714285714286	9.0
8	9.333333333333334	7.9523809523809526
9	5.571428571428571	8.476190476190476
10	6.5476190476190474	
11	6.785714285714286	
