	dmso-wt	dmso-het
0	221.97767860957316	200.2892832812783
1	208.94511255963994	174.16088936236173
2	200.9503894812302	179.83083217972427
3	196.81040464606806	164.93060581289583
4	285.5034225459838	176.4588658436867
5	190.41168028183668	226.1083497598122
6	194.23944726458177	212.9145416089212
7	190.32969147379086	178.3820451514209
8	204.7165905026488	199.76203938035036
9	233.86864218179616	206.58599692037205
10	196.23662228166776	
11	210.35172657944875	
