	dmso-wt	dmso-het
0	1.2968170168287503	1.1018242073992852
1	1.1773107927602304	1.199337875765261
2	1.3110651374737379	0.8746600451480658
3	1.181075932988332	1.1453157841780892
4	0.8894390993648948	1.1794014652348872
5	1.2946728722978063	1.147736670161893
6	1.3045614101906733	0.9909618835143217
7	1.1306631881204368	1.3961088532448593
8	1.153523210939181	1.1893303361574459
9	1.2037694228623883	1.110070120885131
10	1.0946597384090881	
11	1.042978555022939	
