	dmso-wt	dmso-het
0	0.35073720184678775	0.7789720214903109
1	0.6166282945739419	0.3120979645881611
2	0.5916857749932805	0.2530950819346724
3	0.35446685386103755	0.5687379104967212
4	1.1378764673710335	0.38296029195346615
5	0.38415652176025633	0.9153290013041662
6	0.4426763370515539	0.502980768370655
7	0.3543675730432306	0.27893017912883206
8	0.7078004530154542	0.49576888151848386
9	0.5260305084773289	0.6718636439341569
10	0.3777470270293937	
11	0.49742732117858124	
