	dmso-wt	dmso-het
0	17.142857142857142	59.57142857142857
1	32.57142857142857	49.857142857142854
2	23.857142857142858	54.285714285714285
3	16.428571428571427	57.857142857142854
4	54.285714285714285	58.285714285714285
5	35.42857142857143	37.285714285714285
6	55.857142857142854	38.142857142857146
7	46.714285714285715	54.0
8	56.0	47.714285714285715
9	33.42857142857143	50.857142857142854
10	39.285714285714285	
11	40.714285714285715	
