	dmso-wt	dmso-het
0	0.6601448169978671	0.5737476120775428
1	0.5624669733097566	0.4367213188723882
2	0.5254816648723183	0.5057602672749046
3	0.5088569768911491	0.42654612447340007
4	1.4937265411062786	0.5263162030962997
5	0.6426047261511869	0.7786801623866867
6	0.4076995667065853	0.67554404901444
7	0.4388824897544624	0.29905082314338743
8	0.6875713101333342	0.7253280387878013
9	1.1122994281893062	1.0047504479742853
10	0.6152413112984616	
11	0.7867448559183932	
