	dmso-wt	dmso-het
0	194.64989243281474	183.75895205507356
1	214.6163635391491	202.19467710656212
2	174.3685600503075	182.89412191574058
3	175.03961312865354	160.77067198149823
4	218.2551395945315	172.65797942544873
5	222.15700231031468	208.43254578624231
6	237.35650474684184	186.78133785826768
7	192.4569460196049	235.662854161601
8	188.02063777127276	191.7975022763723
9	200.06238542081385	204.81901570903435
10	216.89208003612143	
11	221.35434656531308	
