	dmso-wt	dmso-het
0	16.82857142857143	23.154761904761905
1	19.14047619047619	26.607142857142858
2	19.82857142857143	29.428571428571427
3	19.90714285714286	32.29761904761905
4	9.107142857142858	45.15
5	13.530952380952382	15.0
6	29.323809523809523	8.507142857142858
7	15.016666666666667	25.604761904761904
8	32.07380952380952	20.51904761904762
9	25.307142857142857	22.876190476190477
10	11.945238095238095	
11	22.159523809523808	
