	dmso-wt	dmso-het
0	1.445691636579541	1.1925183311262597
1	1.1610218942845714	1.3347186271033995
2	1.408036377669345	1.0709877076743237
3	1.2966504291531833	1.3553125845094895
4	1.031652767970057	1.3521549955776122
5	1.5562000895973858	1.36655805774488
6	1.4681780607990393	1.1543664679372152
7	1.3612810865916392	1.5046689109158569
8	1.1960911960846428	1.2809594749718287
9	1.4102294502952273	1.2496977624338914
10	1.2718889317492905	
11	1.0364425339214534	
