	dmso-wt	dmso-het
0	219428.69695850092	258917.88292982604
1	65474.54079754077	18460.98010758633
2	92542.56689509189	132016.80736148573
3	57979.32750877125	63342.53231265615
4	54306.45253515456	71656.13286483605
5	67690.33331454026	82827.13951502241
6	155079.0761621221	167430.55428364262
7	174814.845798363	62378.18203357395
8	110251.73501636957	16134.223332195854
9	120803.95685106248	13215.253272419106
10	109893.87738493484	
11	179311.32154435298	
