	dmso-wt	dmso-het
0	1005.4285714285714	1413.5714285714287
1	1105.5714285714287	1442.4285714285713
2	1127.7142857142858	1607.0
3	1185.4285714285713	1820.857142857143
4	533.7142857142857	2690.0
5	750.0	875.7142857142857
6	1728.7142857142858	488.57142857142856
7	905.0	1532.857142857143
8	1924.5714285714287	1187.5714285714287
9	1570.142857142857	1318.0
10	691.2857142857143	
11	1304.5714285714287	
