	dmso-wt	dmso-het
0	0.9641692938451933	0.8896515046345476
1	0.8257586936925004	0.9331887959718862
2	1.1422975028165252	0.6935177971537649
3	0.6157473175426473	0.8911927983976731
4	0.6929523443489334	0.9472751423726363
5	1.40172569099379	1.0416980327874232
6	0.9873284784568204	0.8321171380996166
7	0.7754853770582996	1.3393751331015207
8	0.8272166732479987	1.0578558804249087
9	0.9037183368803879	0.9410047299703872
10	1.0212675462297232	
11	0.8947098906458825	
