	dmso-wt	dmso-het
0	1.9166666666666667	1.8166666666666667
1	2.566666666666667	1.95
2	2.4833333333333334	2.45
3	2.6666666666666665	2.45
4	3.55	2.2333333333333334
5	2.95	2.2666666666666666
6	2.6	1.9166666666666667
7	1.9166666666666667	3.2
8	2.5	2.4
9	2.2	1.6833333333333333
10	2.283333333333333	
11	2.45	
