	dmso-wt	dmso-het
0	8.5	10.166666666666666
1	22.25	83.7
2	23.083333333333332	10.216666666666667
3	23.833333333333332	40.46666666666667
4	18.933333333333334	23.816666666666666
5	22.633333333333333	35.833333333333336
6	10.283333333333333	21.2
7	10.033333333333333	30.3
8	15.483333333333333	48.88333333333333
9	11.65	77.51666666666667
10	14.55	
11	9.266666666666667	
