	dmso-wt	dmso-het
0	25123.672742658404	2847.850440876606
1	9700.813833248307	2938.4406879386866
2	6244.935704149656	6383.903920919486
3	13544.992730029273	2181.3413915890774
4	3362.9148239922392	1815.4835692779736
5	3944.6290802286967	3858.857286105616
6	3123.2393963434615	4711.68993014447
7	3497.3018784418236	4678.263775126767
8	4634.006236950215	4085.409604965298
9	3601.494989881903	1399.108373569767
10	3802.1776288911783	
11	5266.970775052796	
