	dmso-wt	dmso-het
0	14.265322158198009	14.088004190675747
1	12.868255631220535	20.328706128863278
2	15.263488737558932	18.80906233630173
3	17.821896280775274	16.878732320586696
4	6.677056050288109	24.82111052907281
5	11.196961760083813	9.579884756416972
6	16.48166579360922	11.148245154531168
7	9.753797799895233	14.44709271870089
8	15.415138816134101	16.72105814562598
9	11.610005238344684	21.445259298061814
10	10.173127291775799	
11	11.436092194866422	
