	dmso-wt	dmso-het
0	105984.17905134402	112475.90153490561
1	33758.17507569348	6979.560455449432
2	36260.414702364724	93364.71434988573
3	29563.528080067706	26553.116318147535
4	37309.53965185752	32923.09331144065
5	38756.025182740115	29370.775082670873
6	84288.84090803687	38511.61685904378
7	75827.10356042415	23645.52535544744
8	57454.5332169404	12167.132898801838
9	60240.90627187217	7927.083130447657
10	78096.74826035806	
11	76219.64123954416	
