	dmso-wt	dmso-het
0	2.9166666666666665	3.6333333333333333
1	4.816666666666666	7.483333333333333
2	4.8	4.55
3	6.416666666666667	6.566666666666666
4	6.683333333333334	5.183333333333334
5	5.033333333333333	4.616666666666666
6	4.15	3.6166666666666667
7	2.783333333333333	6.133333333333334
8	4.966666666666667	8.4
9	4.2	7.333333333333333
10	3.933333333333333	
11	4.216666666666667	
