	dmso-wt	dmso-het
0	51.38095238095238	207.07142857142858
1	109.16666666666667	266.8809523809524
2	108.07142857142857	105.11904761904762
3	64.61904761904762	252.54761904761904
4	174.35714285714286	310.04761904761904
5	163.52380952380952	178.02380952380952
6	191.9047619047619	178.76190476190476
7	195.52380952380952	126.61904761904762
8	173.47619047619048	161.52380952380952
9	191.6904761904762	424.2142857142857
10	149.92857142857142	
11	119.78571428571429	
