	dmso-wt	dmso-het
0	191.765625	413.703125
1	315.03125	383.265625
2	311.546875	721.1875
3	594.734375	552.671875
4	473.359375	754.375
5	360.375	1055.15625
6	798.21875	325.859375
7	197.828125	813.15625
8	339.609375	455.96875
9	381.375	607.25
10	430.375	785.609375
11	272.828125	738.84375
12	497.96875	569.8125
13	377.15625	828.0625
14	473.59375	558.53125
15	481.859375	655.53125
16	453.84375	
17	341.421875	
18	422.65625	
19	300.21875	
20	430.84375	
