	dmso-het	drug-het
0	587.6507936507936	302.0952380952381
1	848.2857142857143	627.4920634920635
2	524.6666666666666	406.984126984127
3	744.936507936508	610.7777777777778
4	1082.6349206349207	364.0952380952381
5	469.3174603174603	293.76190476190476
6	469.87301587301585	922.4603174603175
7	530.6031746031746	359.55555555555554
8	773.7619047619048	894.8888888888889
9	1212.1587301587301	887.3650793650794
