	dmso-het	drug-het
0	259.14285714285717	120.61904761904762
1	334.1666666666667	197.61904761904762
2	114.95238095238095	140.26190476190476
3	338.1190476190476	304.35714285714283
4	389.4761904761905	64.95238095238095
5	196.52380952380952	108.21428571428571
6	196.11904761904762	444.3333333333333
7	144.4047619047619	94.61904761904762
8	206.64285714285714	178.0
9	538.5952380952381	197.21428571428572
