	dmso-het	drug-het
0	1555.0	723.7142857142857
1	2005.142857142857	1185.7142857142858
2	689.7142857142857	841.5714285714286
3	2028.7142857142858	1826.142857142857
4	2337.0	389.7142857142857
5	1179.142857142857	649.2857142857143
6	1176.7142857142858	2666.1428571428573
7	866.4285714285714	568.0
8	1240.0	1068.142857142857
9	3232.0	1183.2857142857142
