	dmso-het	drug-het
0	1310.642857142857	609.7857142857143
1	1477.5714285714287	970.7142857142857
2	933.5	818.8571428571429
3	1652.9285714285713	1372.9285714285713
4	2029.4285714285713	256.2857142857143
5	990.5	416.2142857142857
6	827.2142857142857	1872.857142857143
7	916.2857142857143	493.7142857142857
8	1178.857142857143	1269.642857142857
9	2204.6428571428573	1284.0
