	dmso-het	drug-het
0	63.35	27.05
1	34.68333333333333	17.55
2	48.85	13.9
3	19.633333333333333	10.05
4	25.6	20.716666666666665
5	11.166666666666666	20.483333333333334
6	5.366666666666666	26.766666666666666
7	11.233333333333333	11.2
8	26.75	11.3
9	77.43333333333334	6.233333333333333
10	56.55	7.833333333333333
11	46.166666666666664	17.6
12		22.233333333333334
13		6.7
14		14.15
15		28.833333333333332
16		12.316666666666666
17		22.133333333333333
18		10.516666666666667
