	dmso-mut	drug-mut
0	372.38484026399993	268.76740601045714
1	322.0427812953133	287.0800374019318
2	341.15857013924193	420.68477310929023
3	511.0792354792329	340.04657923891665
4	330.1070120776207	453.60308357605714
5	449.2199390245288	521.4249547088061
6	354.46515251923574	265.3379844642818
7	328.06431085562366	426.96448120864085
8	429.26894956816716	317.69173324385093
9	367.18415556685886	366.3671269302922
10	296.82082999770364	
11	410.76626287245	
