	dmso-mut	drug-mut
0	4.785714285714286	7.857142857142857
1	6.142857142857143	7.071428571428571
2	8.785714285714286	5.571428571428571
3	6.142857142857143	4.071428571428571
4	6.285714285714286	9.285714285714286
5	5.714285714285714	5.428571428571429
6	3.9285714285714284	6.928571428571429
7	4.857142857142857	8.071428571428571
8	6.357142857142857	4.642857142857143
9	7.214285714285714	9.571428571428571
10	4.785714285714286	
11	5.142857142857143	
