	dmso-mut	drug-mut
0	1.4398953350416093	1.4073903660242113
1	1.8536813096372546	1.6004164423578826
2	1.5712688226830234	1.7829085152667221
3	1.9720494133175255	1.8818761083071927
4	1.5457877717925617	1.9844482461052315
5	2.092021200783936	2.0509249725529686
6	1.428999258259009	1.5230827025464946
7	1.6706151086919268	1.789138768342067
8	2.062814583057633	1.5425827403156869
9	1.6714009536443952	1.325199347580668
10	1.5023203501561664	
11	1.814265088414872	
