	dmso-mut	drug-mut
0	9.161290322580646	11.112903225806452
1	7.854838709677419	11.129032258064516
2	10.564516129032258	11.661290322580646
3	8.161290322580646	6.629032258064516
4	8.629032258064516	10.887096774193548
5	9.5	11.596774193548388
6	10.387096774193548	10.17741935483871
7	8.919354838709678	11.806451612903226
8	10.03225806451613	6.629032258064516
9	11.951612903225806	10.451612903225806
10	9.241935483870968	
11	9.080645161290322	
