	dmso-wt	drug-wt
0	137.625	275.84375
1	247.5625	589.140625
2	281.515625	679.03125
3	221.828125	559.15625
4	60.390625	1527.421875
5	276.1875	601.390625
6	148.46875	968.125
7	260.078125	672.203125
8	130.828125	937.109375
9	349.484375	362.4375
10	277.609375	607.6875
11	320.125	706.921875
12	311.578125	1273.3125
13	433.171875	636.890625
14	445.71875	551.71875
15	260.46875	
16	198.375	
17	467.765625	
18	382.765625	
19	408.5	
20	374.828125	
21	296.21875	
