	dmso-mut	drug-mut
0	331.31666666666666	492.21666666666664
1	654.4833333333333	680.4666666666667
2	468.85	668.7
3	548.8166666666667	674.5166666666667
4	1111.3	575.9333333333333
5	608.1	548.5333333333333
6	397.4166666666667	859.1833333333333
7	464.6333333333333	780.0
8	610.8	369.25
9	725.8	704.4666666666667
10	510.1333333333333	
11	382.43333333333334	
