	dmso-mut	drug-mut
0	6.928571428571429	7.714285714285714
1	6.928571428571429	10.142857142857142
2	7.0	8.142857142857142
3	6.357142857142857	7.285714285714286
4	5.642857142857143	4.642857142857143
5	14.142857142857142	11.5
6	11.357142857142858	3.642857142857143
7	12.285714285714286	5.214285714285714
8	3.9285714285714284	9.071428571428571
9	7.857142857142857	9.285714285714286
10	5.642857142857143	
11	12.214285714285714	
