	dmso-mut	drug-mut
0	9.766666666666667	10.783333333333333
1	9.5	9.333333333333334
2	11.066666666666666	13.9
3	9.316666666666666	10.183333333333334
4	8.283333333333333	7.816666666666666
5	8.516666666666667	11.8
6	13.316666666666666	7.716666666666667
7	8.25	9.25
8	11.366666666666667	12.016666666666667
9	11.1	11.233333333333333
10	10.933333333333334	
11	13.216666666666667	
