	dmso-mut	drug-mut
0	1.119047619047619	1.2738095238095237
1	1.130952380952381	1.6666666666666667
2	1.1785714285714286	1.3452380952380953
3	1.0476190476190477	1.1904761904761905
4	0.9166666666666666	0.7619047619047619
5	2.369047619047619	1.9047619047619047
6	1.8928571428571428	0.5952380952380952
7	2.0595238095238093	0.8333333333333334
8	0.6309523809523809	1.4642857142857142
9	1.2976190476190477	1.5238095238095237
10	0.9285714285714286	
11	2.0238095238095237	
