	dmso-mut	drug-mut
0	169.10120088693034	156.41120867033305
1	170.82427762885422	158.6554517677233
2	215.2827136571615	220.02015145205365
3	327.0033138950653	208.69264627790426
4	259.7995992787058	225.35762646540104
5	259.48937876188023	267.8696747263616
6	427.2477666898733	187.2238947937383
7	205.5906949220355	283.6814759038147
8	210.7839294263544	328.51478525887774
9	294.69298890164146	206.8433344934914
10	330.7737958551773	
11	206.42479453915445	
