	dmso-mut	drug-mut
0	0.9298120711465695	0.8507767850498219
1	1.1754364252664724	1.1763044210921818
2	1.1912294524526243	1.0752172675942309
3	1.2346588397414275	1.1579371235014346
4	1.3642553201780432	1.153917402237011
5	1.2101411916721256	1.1255871647463558
6	1.4982684514656386	1.375809916608194
7	1.5380919112064924	1.4025115019435799
8	1.4758600861028592	1.351677396510829
9	1.600291887037926	1.399229512601613
10	1.4534066948751143	
11	1.354398438144011	
