	dmso-mut	drug-mut
0	160.67643225674286	143.83978312421564
1	206.162144987558	187.19998825105608
2	298.4786116530913	262.2491627315361
3	457.0018254376065	258.14100918210863
4	344.2884949619923	318.72009042644635
5	402.83750200823073	378.89430114735893
6	482.67329505732675	249.9735264129639
7	323.066843768849	377.2814759095928
8	312.1953292667528	491.9490341146944
9	479.090612991205	306.4206308267244
10	566.5472569704381	
11	309.21036936166445	
