	dmso-mut	drug-mut
0	54.42857142857143	36.42857142857143
1	43.142857142857146	34.07142857142857
2	25.714285714285715	12.714285714285714
3	48.642857142857146	18.928571428571427
4	15.571428571428571	9.785714285714286
5	30.357142857142858	23.142857142857142
6	19.357142857142858	29.142857142857142
7	38.142857142857146	15.928571428571429
8	51.285714285714285	
9	17.285714285714285	
10	26.357142857142858	
11	41.714285714285715	
