	dmso-mut	drug-mut
0	31.86904761904762	10.014285714285714
1	17.176190476190477	3.4345238095238093
2	11.221428571428572	0.9273809523809524
3	11.192857142857143	1.7738095238095237
4	3.5785714285714287	2.1547619047619047
5	4.4714285714285715	3.75
6	3.057142857142857	4.186904761904762
7	6.6726190476190474	1.7297619047619048
8	34.003571428571426	
9	9.18095238095238	
10	11.398809523809524	
11	19.688095238095237	
