	dmso-mut	drug-mut
0	1008.2258064516129	231.79032258064515
1	549.8225806451613	113.46774193548387
2	557.1290322580645	19.903225806451612
3	377.96774193548384	47.16129032258065
4	177.25806451612902	54.516129032258064
5	277.48387096774195	122.7258064516129
6	158.3709677419355	181.75806451612902
7	247.1290322580645	89.95161290322581
8	960.0483870967741	
9	284.0967741935484	
10	301.241935483871	
11	433.9032258064516	
