	dmso-mut	drug-mut
0	2.0866666666666664	0.14333333333333334
1	2.885	0.0033333333333333335
2	0.6916666666666667	0.15833333333333333
3	3.49	0.1
4	3.7216666666666667	0.46166666666666667
5	1.8483333333333334	0.12666666666666668
6	2.895	1.2966666666666666
7	1.6933333333333334	0.36666666666666664
8	6.323333333333333	
9	1.3833333333333333	
10	3.0883333333333334	
11	0.7783333333333333	
