	dmso-mut	drug-mut
0	1854.357142857143	585.8571428571429
1	1004.2142857142857	187.85714285714286
2	645.3571428571429	61.57142857142857
3	657.7142857142857	108.57142857142857
4	216.85714285714286	130.07142857142858
5	251.5	214.21428571428572
6	189.78571428571428	242.35714285714286
7	374.5	102.0
8	1954.7857142857142	
9	538.2857142857143	
10	649.8571428571429	
11	1162.5	
