	dmso-mut	drug-mut
0	316.64516129032256	143.59677419354838
1	362.1774193548387	142.59677419354838
2	323.19354838709677	174.2741935483871
3	266.6290322580645	96.62903225806451
4	387.0483870967742	164.0483870967742
5	122.80645161290323	224.38709677419354
6	397.2903225806452	383.80645161290323
7	123.7258064516129	261.51612903225805
8	273.64516129032256	300.01612903225805
9	380.758064516129	187.5483870967742
