	dmso-mut	drug-mut
0	37.05	28.683333333333334
1	48.05	28.4
2	27.0	19.85
3	29.616666666666667	9.55
4	28.033333333333335	38.55
5	24.05	26.866666666666667
6	55.25	79.4
7	30.7	44.8
8	7.383333333333334	130.16666666666666
9	22.45	46.65
