	dmso-mut	drug-mut
0	574.96875	337.484375
1	320.28125	438.703125
2	557.84375	346.015625
3	275.03125	515.71875
4	557.828125	277.5625
5	772.015625	267.5625
6	627.859375	439.5
7	651.609375	416.5625
8	595.5	209.234375
9	465.765625	119.9375
10	495.5625	506.140625
11		407.140625
