	dmso-mut	drug-mut
0	162.60714285714286	75.57142857142857
1	93.02380952380952	126.88095238095238
2	114.0952380952381	77.25
3	34.595238095238095	190.9404761904762
4	100.8452380952381	63.75
5	167.51190476190476	83.52380952380952
6	160.52380952380952	85.44047619047619
7	139.95238095238096	145.36904761904762
8	105.6547619047619	62.94047619047619
9	125.53571428571429	38.476190476190474
10	228.1904761904762	96.17857142857143
11		109.79761904761905
