	dmso-mut	drug-mut
0	97.15885416666667	57.1796875
1	53.927083333333336	74.77864583333333
2	94.9375	59.130208333333336
3	46.25	86.484375
4	95.41927083333333	47.958333333333336
5	131.09114583333334	44.859375
6	107.7265625	74.75
7	111.00260416666667	69.96875
8	101.00520833333333	35.205729166666664
9	79.13020833333333	20.2421875
10	83.4765625	86.16145833333333
11		70.46875
