	dmso-mut	drug-mut
0	943.8571428571429	439.7857142857143
1	591.2142857142857	735.5714285714286
2	673.1428571428571	466.2857142857143
3	224.28571428571428	1111.0
4	643.2142857142857	380.7142857142857
5	983.7142857142857	497.5
6	985.0	504.7857142857143
7	768.8571428571429	843.2857142857143
8	585.9285714285714	366.7142857142857
9	752.3571428571429	228.0
10	1276.2142857142858	567.3571428571429
11		645.7142857142857
