	dmso-het	drug-het
0	0.15761698240464417	0.13373270839078322
1	0.26204492786927186	0.1525014425693095
2	0.23526039247844008	0.17645802382541442
3	0.3034555021231708	0.1410086360508493
4	0.3429270353374352	0.16016679805076983
5	0.25749275543043226	0.25663063848979023
6	0.22595309999606972	0.17800059269873858
7	0.29539290267552504	0.24651465953498794
8	0.20330667225681606	0.3745198271748566
9	0.33110528664957506	0.3140568765034047
10		0.30803863055737585
