	dmso-het	drug-het
0	1.8333333333333333	1.8333333333333333
1	0.5476190476190477	1.5238095238095237
2	2.238095238095238	2.0238095238095237
3	1.0	1.4285714285714286
4	0.9761904761904762	1.2857142857142858
5	1.0476190476190477	0.5476190476190477
6	1.7857142857142858	1.8571428571428572
7	1.7619047619047619	1.8095238095238095
8	1.7380952380952381	1.0952380952380953
9	0.9285714285714286	2.2857142857142856
10		1.8095238095238095
