	dmso-het	drug-het
0	0.6990120097398008	0.7630854501276154
1	0.5931308529190987	0.8201513106483952
2	0.8883276823169812	0.6848169289626764
3	0.7914096587978443	0.7127938801714417
4	1.0047748885314258	0.8631628694361978
5	0.9471685687407704	0.9867629368893045
6	0.9088576001857618	0.9013077356979965
7	0.8989852769560898	1.0728379454496484
8	0.8377264619201094	1.067698480634119
9	0.8735125077989558	0.9752655661862867
10		0.9726324973959916
