	dmso-het	drug-het
0	1085.5967741935483	617.3548387096774
1	1057.0967741935483	876.8548387096774
2	682.3387096774194	1114.5483870967741
3	973.0322580645161	728.0
4	1195.5483870967741	787.3225806451613
5	619.2258064516129	440.6290322580645
6	804.1774193548387	752.983870967742
7	702.5645161290323	398.83870967741933
8	551.258064516129	1148.8548387096773
9	1176.0483870967741	1034.3387096774193
10		917.8387096774194
