	dmso-het	drug-het
0	139.3472797118327	144.4834528435412
1	123.5454266281503	147.33621818158798
2	157.34486095424668	154.33558627880996
3	155.44625829735458	139.29901299520034
4	157.06554226598422	142.65120150575754
5	172.4751074643961	173.45784644271646
6	175.86620111915684	167.66238357030838
7	181.79573321482255	195.84538964467956
8	161.1371124130578	218.81812194481154
9	159.12134969096005	183.6513095374627
10		179.3051637762963
