	dmso-het	drug-het
0	0.2839556876746598	0.11242160556134632
1	0.1465400308746047	0.09566984394871401
2	0.16160916540754666	0.1141254024490644
3	0.15786627327015157	0.10178319016401174
4	0.31257219985405515	0.09327821541505567
5	0.26737185287365606	0.17924830641478984
6	0.2445089044662394	0.16044776226282922
7	0.23067825233397793	0.3971292344412284
8	0.18975758617661553	0.13904272145836222
9	0.20018334353476744	0.21324814186091606
10		0.21630253317493636
