	dmso-het	drug-het
0	0.7333333333333333	1.7
1	2.0166666666666666	1.7333333333333334
2	1.4666666666666666	2.95
3	2.9	2.283333333333333
4	1.1333333333333333	1.4833333333333334
5	1.3333333333333333	1.1166666666666667
6	1.6333333333333333	2.183333333333333
7	2.2666666666666666	1.4333333333333333
8	2.216666666666667	3.0833333333333335
9	2.283333333333333	2.6
10		2.433333333333333
