	dmso-het	drug-het
0	1651.0	853.8571428571429
1	1374.0	1006.5714285714286
2	806.4285714285714	2051.4285714285716
3	1199.4285714285713	878.5714285714286
4	1864.4285714285713	815.2857142857143
5	1021.8571428571429	257.2857142857143
6	1075.7142857142858	1283.5714285714287
7	1224.0	477.42857142857144
8	685.5714285714286	1907.0
9	2052.4285714285716	1638.0
10		2173.285714285714
