	dmso-het	drug-het
0	0.15155662179193835	0.0673743154265496
1	0.12972946768282642	0.06937637330136094
2	0.11119198393099959	0.09067149197804625
3	0.12485265551117938	0.0688973033384793
4	0.14191949148923783	0.066348593964475
5	0.1501123014889033	0.09622406214330939
6	0.1771229264821544	0.1394114742606313
7	0.14509730553546524	0.2720880766334808
8	0.1385859900788383	0.11940522843779658
9	0.16783091518388304	0.16246877913678776
10		0.19172772895252096
