	dmso-het	drug-het
0	1.048860336581734	1.1955650304855054
1	1.1348622382409013	1.132521139734923
2	1.1464738473541045	1.1260835523632757
3	1.2924004775836924	1.1500173142351842
4	1.1966438955613894	1.2235371131855441
5	1.1750386240373238	1.1996274580265203
6	1.3549495341797133	1.2656981549779154
7	1.3418280161030283	1.2743930996680355
8	1.1867862041778818	1.5093297939470542
9	1.2286946361609952	1.3688657853211437
10		1.4047928662297013
