	dmso-het	drug-het
0	93.26190476190476	44.5
1	117.71428571428571	44.19047619047619
2	45.42857142857143	99.71428571428571
3	87.23809523809524	45.92857142857143
4	76.5	26.452380952380953
5	73.07142857142857	14.666666666666666
6	46.23809523809524	51.404761904761905
7	96.07142857142857	26.928571428571427
8	44.57142857142857	124.16666666666667
9	120.33333333333333	94.71428571428571
10		123.5
