	dmso-het	drug-het
0	153.1937601544716	147.18370950337342
1	149.23497458953827	153.61342217003386
2	161.81702929985275	159.17535232074547
3	163.89034088314804	151.02606920241456
4	160.03608939294062	146.73928021788703
5	162.32997277949644	163.37266428597005
6	158.31376036843506	160.49627213211517
7	158.9986588028756	156.94005309079424
8	154.50665882185612	175.69928197822458
9	159.7052754007832	160.73634365720704
10		162.37799181846546
