	dmso-het	drug-het
0	142.30633936109498	146.62214355617633
1	142.7159515699548	151.1435050582707
2	158.86412622977818	144.3453515038183
3	163.15208908694666	141.01743034572272
4	157.0857443957153	144.60516295345104
5	151.79113739068723	159.46212532318472
6	154.35587864875302	148.88945114506842
7	159.64866269704507	174.87592181196462
8	151.40589737663822	175.44955895196378
9	153.77442501155912	168.44214243896707
10		157.7224402394226
