	dmso-het	drug-het
0	1.083303260239031	1.219584542524206
1	1.0913615344928693	1.105307599026288
2	1.1802985995088775	1.1587500389524776
3	1.2012634673536446	1.1132658943510116
4	1.166661133493268	1.2876087372685308
5	1.2078002017004188	1.2564266334882155
6	1.321541314201711	1.3593633484082883
7	1.4053026228223993	1.3047560244499838
8	1.271575060079409	1.4788353857582852
9	1.2092708825627227	1.3808084660733937
10		1.3853241163192822
