	dmso-het	drug-het
0	145.7893193868207	163.31611062939683
1	150.31988961290966	156.29100153884804
2	173.34375453255933	159.10194996626376
3	196.29186550133772	150.83716870970812
4	173.10380671818953	177.59252056280465
5	170.02259288026062	181.15423005028327
6	189.05336854063034	183.53363978184083
7	201.46919817605425	186.87245218305418
8	172.74493698840456	236.81595653958192
9	177.04862774424072	204.03855983455196
10		205.09130283796497
