	dmso-het	drug-het
0	0.8963887252255448	0.9889450105968952
1	0.859086102300877	0.9595903941128204
2	0.9840333398358893	0.9958017133849145
3	0.9570953804020911	0.9235073607978505
4	0.9922635878176691	0.971610028209482
5	1.0394520651906116	1.0289085209344844
6	1.1165024314293712	1.0799310678521157
7	1.146873620994904	1.1961498478604813
8	1.0270049473947818	1.2697209717819478
9	1.0042659118847377	1.1684512239184832
10		1.1324281247442727
