	dmso-het	drug-het
0	2.1	3.8833333333333333
1	8.35	5.65
2	2.95	7.716666666666667
3	7.45	4.95
4	2.35	2.7333333333333334
5	3.2333333333333334	2.45
6	3.6333333333333333	4.716666666666667
7	4.283333333333333	3.0
8	6.7	8.15
9	7.616666666666666	6.566666666666666
10		9.016666666666667
