	dmso-het	drug-het
0	155.93697953020526	167.40536140167822
1	152.3325239601925	156.3621392360539
2	176.2654067885007	163.79444021454898
3	172.1296773187864	150.07738781399033
4	169.11931194841014	179.90293600203444
5	181.94119000054803	200.41343684409796
6	185.88913069644568	189.92861542190755
7	211.737932341115	178.76850920667502
8	186.63489570754246	239.02663689795037
9	174.24801804318062	203.66946745918625
10		199.76440660866072
