	dmso-het	drug-het
0	141.67725391301897	140.08442534573993
1	141.83489586654602	148.53870174582602
2	153.47062426355458	144.44650759766503
3	150.38373289708144	137.1753648885399
4	157.58197956666842	142.88654599651304
5	152.1056778520855	163.53349284596544
6	149.12629671997144	139.6545042889482
7	157.9552765337899	141.75837754785178
8	145.8421732501613	170.45792682852291
9	149.82930150982196	157.06330700552311
10		154.41766038269563
