	dmso-het	drug-het
0	140.30027017123186	144.2776792387162
1	141.24708642434226	143.862753060125
2	154.9969117921943	144.5618849665988
3	144.52622303379272	132.39388767338073
4	155.52385300382522	143.32480316670348
5	146.0875440890959	148.86071052923776
6	147.22250906965226	139.72244058459464
7	154.73584198737842	139.58829999456216
8	143.85687807793107	167.92070649691712
9	149.65190893412733	152.1456086835708
10		153.17202635726377
