	dmso-het	drug-het
0	143.30348623352492	164.88388769897622
1	154.36926537720305	166.13606314285335
2	174.30116322142646	156.61454748994836
3	240.9068786975597	158.7818467621541
4	182.51141143799828	174.43879481881132
5	171.50788818358495	188.75874227916708
6	200.14425750705928	180.15976711057107
7	204.3896338367859	211.53623953861074
8	168.9442243570141	243.35168492703326
9	181.51611268592958	213.3008310737381
10		215.96525661644097
