	dmso-het	drug-het
0	7.738095238095238	7.476190476190476
1	4.785714285714286	7.357142857142857
2	8.666666666666666	8.69047619047619
3	6.142857142857143	6.142857142857143
4	8.80952380952381	6.714285714285714
5	6.714285714285714	4.428571428571429
6	8.333333333333334	7.428571428571429
7	7.666666666666667	6.642857142857143
8	6.642857142857143	9.952380952380953
9	9.880952380952381	9.571428571428571
10		9.047619047619047
