	dmso-het	drug-het
0	46.285714285714285	44.214285714285715
1	35.142857142857146	47.07142857142857
2	47.57142857142857	55.42857142857143
3	38.0	37.714285714285715
4	50.07142857142857	44.642857142857146
5	41.07142857142857	23.214285714285715
6	50.857142857142854	49.07142857142857
7	45.357142857142854	40.57142857142857
8	43.0	59.357142857142854
9	59.0	56.0
10		56.714285714285715
