	dmso-het	drug-het
0	10303.61990763422	16793.66601193807
1	8506.252649695462	13476.42108158932
2	15342.53429745682	12958.078854271373
3	10476.75903239731	29180.55091622666
4	5283.648691109544	26236.59009356429
5	6166.516210045175	14245.363420732432
6	8429.350380796926	10992.85025788782
7	6250.30631426409	17011.609069331134
8	20592.330429633246	4754.610140433858
9	4700.678695516265	5933.983476265115
10		6110.83950550179
