	dmso-het	drug-het
0	150.91365118644475	168.8053395555253
1	151.48264815308087	161.05824911969813
2	181.29116446123496	162.85776640359128
3	183.99395600340003	151.53673872095928
4	176.04090896836192	180.45615374680088
5	177.49604843613585	198.63956527159888
6	194.31608261608952	190.65569957473272
7	213.34885753803988	208.5498160151838
8	188.6737517363443	243.746609037169
9	178.79151736368408	212.63309259763713
10		210.30729274759614
