	dmso-het	drug-het
0	9.428571428571429	12.714285714285714
1	6.857142857142857	11.428571428571429
2	12.285714285714286	7.142857142857143
3	7.0	11.142857142857142
4	8.571428571428571	9.428571428571429
5	12.428571428571429	5.285714285714286
6	18.285714285714285	16.142857142857142
7	13.714285714285714	12.857142857142858
8	12.857142857142858	11.714285714285714
9	5.285714285714286	13.857142857142858
10		8.857142857142858
