	dmso-het	drug-het
0	1481.857142857143	738.5714285714286
1	1311.7142857142858	812.1428571428571
2	654.2857142857143	1868.857142857143
3	1123.0	763.7142857142857
4	1569.7142857142858	619.0
5	964.8571428571429	219.0
6	820.5714285714286	1038.7142857142858
7	1057.4285714285713	418.0
8	595.8571428571429	1638.5714285714287
9	1942.0	1407.2857142857142
10		1997.5714285714287
