	dmso-het	drug-het
0	7.133333333333334	17.35
1	52.4	29.45
2	7.25	25.6
3	34.083333333333336	15.566666666666666
4	7.866666666666666	5.8
5	14.883333333333333	7.066666666666666
6	22.0	16.883333333333333
7	16.183333333333334	18.116666666666667
8	24.9	23.35
9	27.2	36.18333333333333
10		49.583333333333336
