	dmso-het	drug-het
0	44.857142857142854	43.857142857142854
1	30.0	44.142857142857146
2	48.857142857142854	51.0
3	36.142857142857146	34.42857142857143
4	50.142857142857146	39.714285714285715
5	40.142857142857146	26.285714285714285
6	47.42857142857143	43.42857142857143
7	44.42857142857143	39.42857142857143
8	38.285714285714285	58.857142857142854
9	59.285714285714285	55.57142857142857
10		54.0
