	dmso-het	drug-het
0	5.765498652291105	6.056603773584905
1	6.9110512129380055	7.398921832884097
2	6.320754716981132	8.557951482479785
3	7.652291105121294	5.822102425876011
4	6.204851752021563	6.296495956873315
5	6.040431266846361	4.7924528301886795
6	7.113207547169812	6.7924528301886795
7	7.407008086253369	5.533692722371968
8	6.862533692722372	8.299191374663073
9	8.619946091644206	7.3719676549865225
10		8.23989218328841
