	dmso-het	drug-het
0	1.12248816229579	1.234120255505264
1	1.094086072712861	1.0870591034858923
2	1.1701790280154811	1.1658470837193204
3	1.1674446977954454	1.1161807304576017
4	1.1219874330722313	1.2961336320352124
5	1.2353649283859134	1.2467823623276575
6	1.2743958659458454	1.3964788219221111
7	1.4010910411979725	1.249371344100604
8	1.2961583812764754	1.4634529253146318
9	1.1884940225167746	1.3660742445663818
10		1.332877614976514
