	dmso-het	drug-het
0	25.417857142857144	15.026190476190477
1	21.389285714285716	16.926190476190477
2	15.088095238095239	29.0
3	18.082142857142856	14.18095238095238
4	34.25119047619047	13.917857142857143
5	20.38095238095238	10.675
6	21.3	20.422619047619047
7	21.09285714285714	9.986904761904762
8	11.08095238095238	35.77738095238095
9	37.05833333333333	27.777380952380952
10		30.992857142857144
