	dmso-het	drug-het
0	145.89032284268418	170.20531770937242
1	150.6327723459693	165.75435900334236
2	186.31692213396917	161.92109259263356
3	195.85823468801362	152.99608962792828
4	182.9625059883137	181.0093714915673
5	173.0509068717236	196.8656936990999
6	202.7430345357333	191.38278372755784
7	214.95978273496476	238.3311228236926
8	190.71260776514615	248.46658117638762
9	183.33501668418754	221.596717736088
10		220.85017888653147
