	dmso-het	drug-het
0	1.1132075471698113	2.059299191374663
1	1.6819407008086253	1.8140161725067385
2	1.8975741239892183	2.105121293800539
3	1.5849056603773586	1.7870619946091644
4	1.2695417789757413	1.6172506738544474
5	1.940700808625337	1.5336927223719676
6	2.08355795148248	2.234501347708895
7	2.2587601078167117	2.024258760107817
8	2.215633423180593	1.8382749326145553
9	1.3342318059299192	2.150943396226415
10		2.1940700808625335
