	dmso-het	drug-het
0	1.0613325979038657	1.1706560644607946
1	1.090633695678277	1.0867840852704007
2	1.1255122831719568	1.137104811578578
3	1.1885672086761006	1.1230429550318601
4	1.145713027414522	1.2523986758223937
5	1.178017368437634	1.176024949890249
6	1.2920041946839016	1.320628270547125
7	1.3294649290559102	1.2150949523803254
8	1.2156324980169972	1.4701260461226997
9	1.2027592809336753	1.3503085552088592
10		1.352798901961329
