	dmso-het	drug-het
0	6.612903225806452	12.258064516129032
1	10.14516129032258	10.870967741935484
2	11.370967741935484	12.693548387096774
3	9.483870967741936	10.64516129032258
4	7.548387096774194	9.629032258064516
5	11.580645161290322	9.080645161290322
6	12.5	13.35483870967742
7	13.46774193548387	12.225806451612904
8	13.17741935483871	11.096774193548388
9	8.096774193548388	12.951612903225806
10		13.17741935483871
