	dmso-het	drug-het
0	23.511904761904763	17.12142857142857
1	21.104761904761904	16.159523809523808
2	17.67142857142857	23.54047619047619
3	18.297619047619047	14.507142857142858
4	41.55	14.788095238095238
5	24.804761904761904	17.152380952380952
6	25.98095238095238	20.045238095238094
7	23.41190476190476	12.304761904761905
8	12.611904761904762	38.48095238095238
9	38.79761904761905	30.340476190476192
10		27.047619047619047
