	dmso-het	drug-het
0	1.3033333333333332	2.595
1	7.263333333333334	5.168333333333333
2	1.1316666666666666	3.72
3	4.823333333333333	2.07
4	1.2683333333333333	1.1716666666666666
5	2.095	1.3683333333333334
6	3.05	2.43
7	2.1683333333333334	2.4033333333333333
8	3.9266666666666667	3.6933333333333334
9	4.366666666666666	4.963333333333333
10		7.6866666666666665
