	dmso-het	drug-het
0	1.0441183581822717	1.2050488295431483
1	1.0886369962728781	1.1235560945666836
2	1.1904181710022734	1.151652994185635
3	1.235082236911844	1.1103510582444218
4	1.2113348339143044	1.2790838425018494
5	1.1802354750149242	1.2660709046487735
6	1.3686867624575767	1.322247874894465
7	1.4095142044468265	1.3601407047993634
8	1.2469917388823426	1.494217846201938
9	1.2300477426086707	1.3955426875804056
10		1.4377706176620502
