	dmso-het	drug-het
0	7.964285714285714	7.4523809523809526
1	5.809523809523809	7.9523809523809526
2	8.095238095238095	9.345238095238095
3	6.25	6.380952380952381
4	8.5	7.642857142857143
5	6.928571428571429	3.9047619047619047
6	8.642857142857142	8.321428571428571
7	7.571428571428571	6.809523809523809
8	7.261904761904762	9.964285714285714
9	9.845238095238095	9.476190476190476
10		9.476190476190476
