	dmso-het	drug-het
0	1327.4285714285713	948.5714285714286
1	1172.5714285714287	1042.5714285714287
2	966.4285714285714	1294.857142857143
3	972.4285714285714	765.8571428571429
4	2196.8571428571427	821.5714285714286
5	1412.4285714285713	1027.4285714285713
6	1468.2857142857142	1119.4285714285713
7	1306.0	713.4285714285714
8	622.1428571428571	2183.285714285714
9	2230.8571428571427	1616.142857142857
10		1508.0
