	dmso-het	drug-het
0	116092.79235089112	135728.66346406876
1	25287.166154465456	64121.43831958615
2	114323.26375651496	25479.866512548742
3	36476.91191278353	102646.31770097539
4	132209.87765115133	137782.5788030246
5	73221.982422422	158156.44613663052
6	44353.730417974686	69421.56594280334
7	48303.600104404766	72948.31563748888
8	53734.40075131341	35213.581031651156
9	27849.359273984333	32176.79617822037
10		31778.622924767344
