	dmso-het	drug-het
0	1.7619047619047619	2.0476190476190474
1	0.9404761904761905	1.75
2	2.107142857142857	1.5833333333333333
3	1.1071428571428572	1.6666666666666667
4	1.2261904761904763	1.4880952380952381
5	1.5952380952380953	0.7023809523809523
6	2.4047619047619047	2.369047619047619
7	1.9761904761904763	1.9880952380952381
8	2.0	1.4166666666666667
9	0.9047619047619048	2.369047619047619
10		1.6904761904761905
