	dmso-het	drug-het
0	1328.9285714285713	784.2857142857143
1	1234.857142857143	878.0
2	722.7857142857143	1497.7142857142858
3	1017.0714285714286	722.0
4	1813.642857142857	655.6428571428571
5	1171.7857142857142	613.5714285714286
6	1063.0714285714287	1021.5714285714286
7	1130.857142857143	549.0714285714286
8	566.0	1849.2142857142858
9	2039.642857142857	1411.2857142857142
10		1699.0714285714287
