	dmso-het	drug-het
0	10285.547712924166	19770.828591539834
1	5743.1157575351735	17656.107215342763
2	16017.963007161658	8351.540113198056
3	6780.943911741816	14757.588474424889
4	11380.688723675417	23796.222584466068
5	9335.779393395653	61828.89893643327
6	13563.921796189237	12257.537301796214
7	8949.835624321318	21157.43685119718
8	17856.919695979035	5099.940486953943
9	5865.363664294959	8193.160719925054
10		5117.512847246929
