	dmso-het	drug-het
0	28838.05263030488	52657.15244258106
1	25691.37426339815	38845.7325635444
2	29401.130496204612	12906.140663334272
3	40984.223409157945	45349.12334530095
4	19096.54711191202	62525.27496432567
5	19934.357349602982	129152.42364414356
6	18317.338188918082	16212.217671259465
7	17591.696766925368	77231.4668469889
8	45271.92597801982	5608.2784231874175
9	5888.378040568543	10722.552406071463
10		7307.104322218189
