	dmso-wt	dmso-het
0	1.1408565428322792	1.0216070362020886
1	1.2351264096367627	1.0855321760950172
2	1.3545257752699034	1.1613633163028705
3	1.5248290913925642	1.4451371232554755
4	1.7084754492888594	1.291909743772214
5	1.6445457469662794	1.7727529688058845
6	1.355314592811483	1.3137091346228578
7	1.400854865647353	1.5052810132739949
8	1.521655309409083	1.551148107044101
9	1.4790572630159264	1.1889096702465107
