	dmso-wt	dmso-het
0	5029.83211422168	3745.6374010476134
1	35869.375006757036	7917.590300211795
2	51385.97740894598	6452.875332913515
3	24224.85068336809	26287.709423997585
4	64957.91549521003	63539.214653521405
5	55226.869435088985	10581.9198836172
6	77226.8066024694	9535.024844314179
7	3804.005133646816	30729.542851707312
8	52533.433306029416	22075.581678733484
9	20099.819498338555	81605.66753212949
