	dmso-wt	dmso-het
0	3.5714285714285716	2.2142857142857144
1	6.642857142857143	2.0
2	9.0	2.9285714285714284
3	8.642857142857142	7.714285714285714
4	10.857142857142858	7.357142857142857
5	5.571428571428571	4.142857142857143
6	8.071428571428571	10.357142857142858
7	4.857142857142857	7.357142857142857
8	7.357142857142857	7.714285714285714
9	5.857142857142857	7.642857142857143
