	dmso-wt	dmso-het
0	0.3565342570431046	0.21308327220495182
1	0.1667753585454121	0.23172105487971278
2	0.1806437827596987	0.630566716161079
3	0.5527012469463884	0.5310719966827991
4	0.7041415233982183	0.582087793901648
5	0.5113943018227661	0.8005549061595758
6	0.4725768686000275	0.6171417203626642
7	0.5063808583418962	1.4171445942337189
8	0.4698761783072598	0.5806364823970303
9	0.3947832103811223	1.0730709185893512
