	dmso-wt	dmso-het
0	0.3212407341967829	0.250057100583734
1	0.1551728867701462	0.1943025198444396
2	0.1629497952996352	0.7302966807996116
3	0.557094713164439	0.8001991110425354
4	0.6646755022242573	0.4972571854572781
5	0.47369051673657864	0.775152093098562
6	0.45025201305793755	0.49309870401026634
7	0.41954468809723616	1.2798125978150126
8	0.4613324069037065	0.5269453535843769
9	0.31281141950146146	1.0280525815145989
