	dmso-wt	dmso-het
0	1.1020942408376964	0.7068062827225131
1	1.5183246073298429	0.5942408376963351
2	1.5418848167539267	0.9267015706806283
3	1.5968586387434556	1.3403141361256545
4	1.8979057591623036	1.3324607329842932
5	1.6465968586387434	1.0183246073298429
6	1.9476439790575917	1.549738219895288
7	1.2146596858638743	1.0104712041884816
8	1.405759162303665	1.5471204188481675
9	1.057591623036649	1.442408376963351
