	dmso-wt	dmso-het
0	0.355	7.5216666666666665
1	1.0766666666666667	4.1883333333333335
2	0.6466666666666666	6.138333333333334
3	1.35	2.6
4	1.13	2.7916666666666665
5	0.9083333333333333	1.3033333333333332
6	1.2966666666666666	0.6133333333333333
7	1.09	1.345
8	2.0216666666666665	2.861666666666667
9	1.3833333333333333	9.645
10	2.015	7.443333333333333
11	1.495	6.148333333333333
12	1.77	
13	1.8466666666666667	
14	1.2233333333333334	
15	1.6833333333333333	
16	0.8283333333333334	
