	dmso-wt	dmso-het
0	1.6333333333333333	4.183333333333334
1	2.2666666666666666	4.866666666666666
2	1.8166666666666667	7.683333333333334
3	2.8	1.9833333333333334
4	2.45	4.383333333333334
5	2.35	2.3
6	2.966666666666667	1.7666666666666666
7	2.566666666666667	3.7666666666666666
8	3.966666666666667	4.6
9	3.35	9.166666666666666
10	4.433333333333334	7.8
11	4.35	5.916666666666667
12	5.283333333333333	
13	5.016666666666667	
14	4.516666666666667	
15	3.2333333333333334	
16	2.816666666666667	
