	dmso-wt	dmso-het
0	2457.0	2697.4285714285716
1	1996.0	2160.4285714285716
2	1173.857142857143	1490.0
3	1051.142857142857	568.8571428571429
4	649.0	710.4285714285714
5	1739.2857142857142	2205.8571428571427
6	772.0	780.7142857142857
7	934.5714285714286	752.0
8	715.0	804.8571428571429
9	1082.857142857143	1851.5714285714287
10	1166.4285714285713	2656.8571428571427
11	1302.0	2235.5714285714284
12	1395.5714285714287	
13	1399.2857142857142	
14	472.7142857142857	
15	1065.142857142857	
16	2237.0	
