	dmso-wt	dmso-het
0	2079.0	1716.5714285714287
1	1237.4285714285713	1342.4285714285713
2	999.1428571428571	1212.0
3	1026.0	1191.0
4	529.4285714285714	832.1428571428571
5	910.1428571428571	2427.4285714285716
6	533.0	506.0
7	921.8571428571429	675.8571428571429
8	1144.2857142857142	1871.5714285714287
9	702.0	2272.8571428571427
10	1043.2857142857142	2368.0
11	1199.4285714285713	1545.0
12	1405.142857142857	
13	1026.4285714285713	
14	812.5714285714286	
15	601.2857142857143	
16	1158.857142857143	
