	dmso-wt	dmso-het
0	12.05	1.9166666666666667
1	2.6166666666666667	37.71666666666667
2	40.45	29.316666666666666
3	30.966666666666665	16.45
4	18.55	9.95
5	18.95	9.2
6	5.2	16.716666666666665
7	7.533333333333333	28.283333333333335
8	11.4	17.716666666666665
9	22.45	15.05
10	26.083333333333332	20.95
11	22.416666666666668	22.766666666666666
12	51.53333333333333	10.416666666666666
13	29.816666666666666	24.9
14	62.583333333333336	
