	dmso-wt	dmso-het
0	275.7142857142857	584.0
1	656.1428571428571	387.42857142857144
2	387.2857142857143	941.5714285714286
3	395.57142857142856	905.8571428571429
4	464.57142857142856	504.14285714285717
5	346.7142857142857	425.14285714285717
6	310.42857142857144	803.8571428571429
7	631.8571428571429	814.4285714285714
8	1021.1428571428571	648.8571428571429
9	555.2857142857143	690.1428571428571
