	dmso-wt	dmso-het
0	45.30971128608924	20.711286089238847
1	26.362204724409448	41.84776902887139
2	16.874015748031496	52.06561679790026
3	37.800524934383205	70.03149606299213
4	58.729658792650916	48.38057742782152
5	46.8503937007874	72.51968503937007
6	35.028871391076116	71.11023622047244
7	47.08398950131234	54.118110236220474
8	43.78215223097113	56.30183727034121
9	37.349081364829395	51.58005249343832
