	dmso-wt	dmso-het
0	45.976190476190474	86.0
1	100.4047619047619	52.69047619047619
2	58.88095238095238	170.95238095238096
3	56.45238095238095	211.21428571428572
4	113.69047619047619	107.19047619047619
5	79.5	106.80952380952381
6	66.95238095238095	154.85714285714286
7	85.07142857142857	132.4047619047619
8	126.5	92.45238095238095
9	72.33333333333333	77.69047619047619
