	dmso-het	drug-het
0	1007.1428571428571	620.0
1	1387.142857142857	444.2857142857143
2	1162.0	452.7142857142857
3	817.1428571428571	332.2857142857143
4	482.14285714285717	386.42857142857144
5	2136.5714285714284	751.7142857142857
6	1246.857142857143	1625.4285714285713
7	2103.4285714285716	809.8571428571429
8	814.4285714285714	1394.857142857143
9	459.14285714285717	782.2857142857143
10		1465.5714285714287
11		1330.5714285714287
