	dmso-het	drug-het
0	149.96428571428572	210.1904761904762
1	89.9047619047619	76.07142857142857
2	210.47619047619048	196.72619047619048
3	280.54761904761904	123.02380952380952
4	287.70238095238096	207.0952380952381
5	317.5833333333333	147.16666666666666
6	306.5833333333333	42.92857142857143
7	255.42857142857142	26.166666666666668
8	177.9404761904762	87.5952380952381
9	176.17857142857142	88.35714285714286
