	dmso-het	drug-het
0	1066.7142857142858	894.4285714285714
1	706.2857142857143	507.07142857142856
2	1322.357142857143	1062.0714285714287
3	2065.8571428571427	905.5714285714286
4	1884.142857142857	1422.642857142857
5	2360.285714285714	940.0714285714286
6	2327.785714285714	325.5
7	1975.5714285714287	154.71428571428572
8	1147.5	564.8571428571429
9	1146.2142857142858	621.2142857142857
