	dmso-het	drug-het
0	57.25459317585302	72.67716535433071
1	63.53018372703412	42.41994750656168
2	125.80577427821522	110.05774278215223
3	147.0997375328084	60.729658792650916
4	151.82677165354332	72.17847769028872
5	183.54593175853017	120.96325459317585
6	179.6955380577428	67.10236220472441
7	206.3044619422572	62.485564304461946
8	107.93175853018373	43.07349081364829
9	91.99737532808399	67.0262467191601
