	dmso-het	drug-het
0	1736.857142857143	1379.2142857142858
1	1129.0714285714287	651.8571428571429
2	1490.2142857142858	1081.5
3	1866.0714285714287	701.0714285714286
4	1861.2142857142858	1093.142857142857
5	2018.2142857142858	999.7142857142857
6	1647.857142857143	251.35714285714286
7	1729.642857142857	155.42857142857142
8	1557.7142857142858	612.2857142857143
9	899.3571428571429	578.5
