	dmso-het	drug-het
0	578.21875	647.140625
1	627.46875	277.109375
2	1006.03125	695.859375
3	753.609375	307.3125
4	1014.6875	336.1875
5	1010.625	863.921875
6	909.484375	311.328125
7	1234.375	423.609375
8	802.53125	255.40625
9	461.734375	334.875
