	dmso-het	drug-het
0	5.711029604401363	10.456117369662039
1	5.380141472360492	3.9664658108462145
2	12.28504060780718	11.937385381189415
3	12.82289756353157	5.395598637673566
4	14.392716793293163	6.496463190987686
5	15.8873460833115	11.020434896515589
6	13.618810584228452	6.790411317788839
7	17.80508252554362	7.113177888394027
8	10.771548336389834	4.102698454283469
9	8.802724652868745	5.5941839140686405
