	dmso-het	drug-het
0	58.5	56.0
1	51.42857142857143	37.57142857142857
2	44.0	44.785714285714285
3	41.57142857142857	44.785714285714285
4	52.57142857142857	53.642857142857146
5	49.42857142857143	49.142857142857146
6	50.0	17.357142857142858
7	53.07142857142857	17.642857142857142
8	58.57142857142857	35.0
9	48.857142857142854	25.714285714285715
