	dmso-het	drug-het
0	5.7154833638983495	7.2567461357086716
1	6.352370971967514	4.237883154309667
2	12.558291852239979	10.979565103484411
3	14.689284778621955	6.059994760282945
4	15.16374115797747	7.200157191511658
5	18.31647891013885	12.09745873722819
6	17.963583966465812	6.694786481529998
7	20.619596541786745	6.234477338223736
8	10.7812418129421	4.309929263819754
9	9.20094314906995	6.69164265129683
