	dmso-het	drug-het
0	0.6	1.05
1	0.1	1.7166666666666666
2	0.7333333333333333	1.6666666666666667
3	1.2833333333333334	1.1
4	0.35	0.9666666666666667
5	0.6333333333333333	2.0
6	1.4333333333333333	2.6
7	0.7	2.6666666666666665
8	1.2333333333333334	2.2333333333333334
9	2.533333333333333	1.7
10	1.65	1.0833333333333333
11	1.2333333333333334	
12	1.35	
13	1.7833333333333334	
14	1.2333333333333334	
