	dmso-het	drug-het
0	1.3166666666666667	2.8
1	0.8333333333333334	3.5833333333333335
2	1.5833333333333333	3.9833333333333334
3	9.25	2.05
4	0.55	2.3
5	2.4166666666666665	5.583333333333333
6	2.6333333333333333	8.15
7	2.05	6.9
8	2.7	7.05
9	6.683333333333334	4.95
10	5.466666666666667	4.566666666666666
11	2.0833333333333335	
12	3.3666666666666667	
13	6.35	
14	1.95	
