	dmso-het	drug-het
0	6.369047619047619	8.083333333333334
1	4.226190476190476	3.988095238095238
2	7.976190476190476	8.023809523809524
3	8.19047619047619	4.404761904761905
4	5.0	7.0476190476190474
5	4.571428571428571	7.773809523809524
6	9.392857142857142	4.333333333333333
7	3.0238095238095237	9.69047619047619
8	6.523809523809524	7.404761904761905
9	8.94047619047619	8.976190476190476
10	3.3333333333333335	6.642857142857143
11	4.75	
12	7.261904761904762	
13	8.285714285714286	
14	8.333333333333334	
