	dmso-het	drug-het
0	971.8571428571429	2274.8571428571427
1	585.4285714285714	788.8571428571429
2	2198.0	2055.8571428571427
3	2302.714285714286	805.4285714285714
4	860.4285714285714	1089.4285714285713
5	779.0	2824.8571428571427
6	2834.5714285714284	437.0
7	211.28571428571428	2498.4285714285716
8	1280.2857142857142	879.8571428571429
9	3030.285714285714	2297.4285714285716
10	323.85714285714283	1105.857142857143
11	344.14285714285717	
12	953.8571428571429	
13	1292.0	
14	2630.285714285714	
