	dmso-het	drug-het
0	46.142857142857146	47.857142857142854
1	33.142857142857146	22.0
2	42.142857142857146	42.0
3	40.142857142857146	26.428571428571427
4	34.857142857142854	47.42857142857143
5	29.571428571428573	36.285714285714285
6	53.142857142857146	27.714285714285715
7	23.142857142857142	59.57142857142857
8	40.714285714285715	51.0
9	47.285714285714285	51.57142857142857
10	24.142857142857142	42.142857142857146
11	32.714285714285715	
12	45.857142857142854	
13	50.0	
14	41.857142857142854	
