	dmso-het	drug-het
0	38.214285714285715	48.5
1	25.357142857142858	23.928571428571427
2	47.857142857142854	48.142857142857146
3	49.142857142857146	26.428571428571427
4	30.0	42.285714285714285
5	27.428571428571427	46.642857142857146
6	56.357142857142854	26.0
7	18.142857142857142	58.142857142857146
8	39.142857142857146	44.42857142857143
9	53.642857142857146	53.857142857142854
10	20.0	39.857142857142854
11	28.5	
12	43.57142857142857	
13	49.714285714285715	
14	50.0	
