	dmso-wt	dmso-het
0	152.8494979789273	142.44436119481946
1	141.07447742299144	138.75871293495857
2	144.11738864054456	175.62418448840117
3	169.1185078991066	196.41339901938724
4	190.63745942980194	159.38573251635225
5	183.85131437686434	198.6978388374565
6	166.25281768592146	158.7925744297161
7	175.75859393385335	195.11929286887198
8	150.60786325712954	165.55143904955622
9	154.7381423931747	189.5778330132189
