	dmso-wt	dmso-het
0	151.50721468277325	146.4413728518829
1	136.5833725175726	137.1702348386009
2	146.83104044855205	179.866968105797
3	161.02788028018716	217.75495522667376
4	180.42209237120102	147.70014860123794
5	163.48007785068015	209.2320099205161
6	166.0420356695073	153.16041051320866
7	167.54227486831667	180.474249086321
8	152.23763929763334	156.7912569633359
9	153.32770816242322	185.64569512327753
