	dmso-wt	dmso-het
0	0.2917248273459621	0.2374276702014551
1	0.1293107436360592	0.18239837377876672
2	0.13490582302530008	0.7396206299623341
3	0.4685405325396162	0.7478092558389086
4	0.45488739313728205	0.42868237341360615
5	0.37995425882740086	0.7449123878369497
6	0.3728539938132083	0.3995876593448506
7	0.3710425612293709	1.1589875602196935
8	0.3749818499478845	0.43576728199804815
9	0.27793135520398676	0.7562385767082351
