	dmso-wt	dmso-het
0	4328.183127519546	2769.796298371992
1	8026.025661411471	3057.655216409378
2	14485.399630268457	2409.5936096416813
3	5447.1151532934455	3712.940699668
4	5518.6387349673005	7232.611429136637
5	7025.372220340476	2909.728750830887
6	11150.675216714304	3881.712340552079
7	2730.500514959193	3287.5518982310978
8	2959.135033351081	3699.4279847815333
9	2949.8013077143414	18834.177676422347
