	dmso-wt	dmso-het
0	171.623205018805	152.3451247935196
1	175.14388372349867	149.54118316774336
2	187.90503655423342	197.53038902191855
3	259.52597204679176	257.1236262120828
4	341.4216968347845	228.96091390639282
5	297.4503784512025	324.5054761161147
6	247.70141658401894	214.57955376032004
7	252.97645128170362	275.8846073856148
8	218.48423752146633	271.11074479054986
9	233.2319043413266	250.21448749378342
