	dmso-wt	dmso-het
0	1026.0	1007.1428571428571
1	588.8571428571429	1387.142857142857
2	327.57142857142856	1162.0
3	875.5714285714286	817.1428571428571
4	855.2857142857143	482.14285714285717
5	583.1428571428571	2136.5714285714284
6	393.42857142857144	1246.857142857143
7	1451.2857142857142	2103.4285714285716
8	1163.5714285714287	814.4285714285714
9	1066.7142857142858	459.14285714285717
