	dmso-wt	dmso-het
0	3565.916625496709	3572.5044575963702
1	6293.196197931283	3851.761032992458
2	11143.94082236436	3049.1576377043193
3	4335.247034909521	5202.573586506065
4	6679.964277782447	8806.633194908803
5	11514.88678138171	3768.655341030569
6	12356.201328317136	2993.055374224408
7	2356.7308781246224	1776.6190543456548
8	3495.597599754179	4705.861186863473
9	3436.291478601453	34082.99087511943
