	dmso-wt	dmso-het
0	5748.777777175348	2046.4209330592707
1	49140.872398584135	2958.0263255241134
2	53110.16018749209	2397.8079940745956
3	32844.32967116183	6237.660411361514
4	54900.29457224645	20628.043773658785
5	4089.9563191977363	10472.591243247656
6	59642.52064833245	10307.570193272268
7	3792.434593915782	38643.04975358628
8	46630.04513959454	6403.835902589608
9	2598.592395885816	20359.775465100098
