	dmso-wt	dmso-het
0	1.1345538833832356	1.0308280101244092
1	1.2470988065344055	1.0953466190476173
2	1.3652450150282185	1.200529285271882
3	1.6378673747514665	1.429966274884201
4	1.8706876531603822	1.4923922702391057
5	1.7722823595780852	1.771687735482867
6	1.5286953474731324	1.3074292754468324
7	1.4253284960673365	1.5258667114695217
8	1.5653405493534192	1.5761498297874463
9	1.5800859635515603	1.2898936961982397
