	dmso-wt	dmso-het
0	163.27734096472093	140.4793040734566
1	171.23376129385903	150.79611643663907
2	174.59906648894716	182.6560057403192
3	251.1376118315235	264.39486789879766
4	312.87690336305525	266.20029826963435
5	294.1814152814186	274.1357429952108
6	238.1289927927519	245.98336389636302
7	261.60358990898897	284.48218550787055
8	217.5676035875069	261.90195457382316
9	255.85147117850178	274.3769188935875
