	dmso-wt	dmso-het
0	729.2857142857143	1861.857142857143
1	548.5714285714286	1498.5714285714287
2	238.14285714285714	1790.7142857142858
3	683.1428571428571	1976.5714285714287
4	1021.5714285714286	637.0
5	1365.142857142857	1719.5714285714287
6	413.0	775.7142857142857
7	1373.7142857142858	1277.5714285714287
8	1668.142857142857	1337.4285714285713
9	1444.2857142857142	1667.2857142857142
