	dmso-het	drug-het
0	109.890625	239.15625
1	156.296875	316.515625
2	254.234375	293.71875
3	247.359375	210.890625
4	549.25	179.421875
5	356.859375	290.515625
6	425.140625	498.484375
7	247.03125	237.84375
8	289.828125	115.859375
9	261.984375	415.578125
10	576.265625	667.828125
11	498.765625	802.71875
12	740.59375	777.15625
13	334.375	559.09375
14	1296.09375	815.390625
15	487.53125	542.6875
16	725.921875	511.015625
17	540.3125	840.296875
18	883.15625	621.296875
19		1024.484375
20		696.421875
