	dmso-mut	drug-mut
0	6.595238095238095	7.738095238095238
1	8.047619047619047	10.0
2	7.666666666666667	10.0
3	8.714285714285714	9.761904761904763
4	6.0476190476190474	10.0
5	8.166666666666666	9.571428571428571
6	8.952380952380953	10.0
7	8.404761904761905	9.928571428571429
8	9.619047619047619	10.0
9	8.238095238095237	10.0
10	8.047619047619047	9.904761904761905
11	7.833333333333333	9.833333333333334
12	8.357142857142858	10.0
13	9.071428571428571	
14	9.023809523809524	
