	dmso-mut	drug-mut
0	11.8	123.05
1	5.983333333333333	129.1
2	20.1	244.13333333333333
3	14.6	128.61666666666667
4	14.15	70.2
5	69.75	48.15
6	8.383333333333333	362.31666666666666
7	20.816666666666666	346.0
8	45.233333333333334	308.8333333333333
9	9.65	175.36666666666667
10	18.4	138.18333333333334
11	57.71666666666667	189.85
12	59.93333333333333	172.53333333333333
13	19.166666666666668	
14	14.55	
