	dmso-mut	drug-mut
0	7.142857142857143	6.571428571428571
1	10.714285714285714	9.857142857142858
2	6.0	0.7142857142857143
3	8.142857142857142	5.0
4	13.571428571428571	0.8571428571428571
5	5.0	5.0
6	6.142857142857143	0.0
7	8.142857142857142	0.2857142857142857
8	5.428571428571429	0.0
9	14.285714285714286	1.5714285714285714
10	15.571428571428571	0.7142857142857143
11	12.857142857142858	0.7142857142857143
12	12.428571428571429	0.0
13	10.857142857142858	
14	10.571428571428571	
