	dmso-mut	drug-mut
0	39.42857142857143	47.142857142857146
1	48.142857142857146	60.0
2	46.0	60.0
3	52.142857142857146	58.285714285714285
4	36.0	60.0
5	48.42857142857143	57.42857142857143
6	52.142857142857146	60.0
7	48.42857142857143	59.57142857142857
8	57.714285714285715	60.0
9	48.42857142857143	60.0
10	48.714285714285715	59.42857142857143
11	45.714285714285715	59.0
12	49.857142857142854	60.0
13	54.42857142857143	
14	53.0	
