	dmso-mut	drug-mut
0	37.214285714285715	53.5
1	44.5	60.0
2	46.214285714285715	59.642857142857146
3	39.642857142857146	54.5
4	29.357142857142858	59.642857142857146
5	39.642857142857146	57.642857142857146
6	39.214285714285715	60.0
7	43.5	59.785714285714285
8	53.42857142857143	60.0
9	46.07142857142857	60.0
10	45.214285714285715	59.214285714285715
11	40.714285714285715	59.42857142857143
12	50.92857142857143	59.214285714285715
13	55.642857142857146	
14	52.142857142857146	
