	dmso-wt	dmso-het
0	0.3262434817901062	0.19565007452432928
1	0.14446114286971334	0.20647929288087644
2	0.14124391981632017	0.6465482994224412
3	0.4803898375120896	0.4576326973348449
4	0.45417013602038936	0.45763364120123873
5	0.34628961198005426	0.7976033443036374
6	0.30988741977878376	0.48479052751413815
7	0.43567366201619634	1.2255067218042446
8	0.3654954037695264	0.46950194699076503
9	0.32813651175564124	0.6852069309880996
