	dmso-wt	dmso-het
0	0.25720617290181785	0.2762211519016433
1	0.11488179198496008	0.15946416511009082
2	0.12917135450009137	0.8280393439752325
3	0.45669122756714275	1.0103499516282994
4	0.45562258168209724	0.40396787652172456
5	0.41279781672725113	0.6972396177004226
6	0.41431978647002443	0.3184420706121958
7	0.30641146044254564	1.0907178943829174
8	0.3844682961262426	0.40444223593338274
9	0.22892155952260987	0.8291899966370232
