	dmso-wt	dmso-het
0	169.25351977147497	139.74540554022477
1	175.5603029276547	151.588532382717
2	193.23054071560765	204.81604991306722
3	250.09026087369065	249.46813822038243
4	324.73702127547483	223.79149703234418
5	342.4657140210624	319.1046323880726
6	237.73708856721544	209.21902092211795
7	254.481877200392	296.1210181052238
8	231.06753130110155	270.90076486875154
9	232.40440916708025	253.57985168877545
