	dmso-wt	dmso-het
0	1.1509244388270023	1.082969622837932
1	1.2695080376671675	1.075069517731939
2	1.2838706667659978	1.1102615369047162
3	1.4863537283364554	1.376367162973119
4	1.6799647183540614	1.3581051103253967
5	1.5609802088794194	1.7140916636077381
6	1.3526479168908707	1.3968470010802965
7	1.4738013847210965	1.4188514139753328
8	1.4713366427484282	1.6606266728594594
9	1.5020760236662867	1.2204438668594009
