	dmso-wt	dmso-het
0	1.1609923348217255	1.1399491675712152
1	1.302252445315172	1.065105081195674
2	1.2199446162148457	1.0617148464764692
3	1.447878365280347	1.3141467227176538
4	1.650741219145892	1.4146133500659186
5	1.4794528546483365	1.6610171493808439
6	1.3508918132358332	1.4760259215159517
7	1.54674790379484	1.3301473515372324
8	1.4210179760877735	1.7622853411165775
9	1.5245467185868766	1.2528303390564226
