	dmso-wt	dmso-het
0	170.20684966666937	141.1862550230116
1	177.76406176587602	155.4347089106009
2	194.74877775050166	204.86636805476596
3	268.0106856835591	239.1049144313039
4	351.73398967325704	250.02809043475307
5	347.407425893056	328.37401020078534
6	257.24785026262424	209.81374404899316
7	252.93720493505162	297.2491562236019
8	229.57236813702116	277.9836968696169
9	239.31880260664317	245.18516446768848
