	dmso-wt	dmso-het
0	173.03956037094068	163.50399456402764
1	172.52370568112133	143.64765742488586
2	181.0612953579652	190.19440998907112
3	251.04125841002445	275.14233799286177
4	331.1094039963119	207.89373737803257
5	247.49333100934905	320.6369420314442
6	238.1549829054136	219.345363471647
7	253.01569762835558	254.52005854762768
8	207.3961069059115	264.2377927114828
9	227.1450060760101	255.24381051987834
