	dmso-wt	dmso-het
0	170.81151785296174	162.47526472598594
1	176.6364076766141	143.72085629834007
2	179.76651190942115	189.53438748308295
3	230.70118078482062	270.4203975268061
4	292.99449914390954	208.8144981395106
5	239.64435756363042	325.336009352412
6	217.13284047464262	220.6889238914745
7	251.89445861399352	232.44115617729557
8	208.99703809291904	272.0677342963959
9	228.75045087253486	234.5284250548933
