	dmso-wt	dmso-het
0	536.1290322580645	1085.5967741935483
1	748.8548387096774	1057.0967741935483
2	488.19354838709677	682.3387096774194
3	790.6290322580645	973.0322580645161
4	419.4516129032258	1195.5483870967741
5	665.3870967741935	619.2258064516129
6	593.0	804.1774193548387
7	479.43548387096774	702.5645161290323
8	308.14516129032256	551.258064516129
9	463.98387096774195	1176.0483870967741
10	336.741935483871	
11	642.9354838709677	
