	dmso-wt	dmso-het
0	0.8368458455681559	0.6990120097398008
1	0.9377304269728509	0.5931308529190987
2	0.8611844336452966	0.8883276823169812
3	0.7928713696566507	0.7914096587978443
4	1.1466319271316137	1.0047748885314258
5	1.263234906511612	0.9471685687407704
6	1.321111345067611	0.9088576001857618
7	1.1942759688166136	0.8989852769560898
8	1.1265771722007514	0.8377264619201094
9	1.1336032280405777	0.8735125077989558
10	1.1738453178416757	
11	1.0695341200026582	
