	dmso-wt	dmso-het
0	31827.431747711806	28838.05263030488
1	76215.38187641447	25691.37426339815
2	117838.9016612653	29401.130496204612
3	56120.0121922703	40984.223409157945
4	145138.70504372832	19096.54711191202
5	104475.17074404955	19934.357349602982
6	32022.558538158	18317.338188918082
7	78379.430648694	17591.696766925368
8	100803.03230490073	45271.92597801982
9	134807.73462560287	5888.378040568543
10	32448.140428932176	
11	92606.35332807564	
