	dmso-wt	dmso-het
0	167.65352380860898	145.89032284268418
1	192.33871915260846	150.6327723459693
2	160.14793080359019	186.31692213396917
3	167.48079650630206	195.85823468801362
4	229.91048815633255	182.9625059883137
5	227.7035979066497	173.0509068717236
6	247.89937309408919	202.7430345357333
7	278.82995609984545	214.95978273496476
8	247.92676188444102	190.71260776514615
9	271.997207803399	183.33501668418754
10	209.29331913086932	
11	208.40963127470602	
