	dmso-wt	dmso-het
0	421.2857142857143	1327.4285714285713
1	1272.4285714285713	1172.5714285714287
2	883.2857142857143	966.4285714285714
3	1046.2857142857142	972.4285714285714
4	511.0	2196.8571428571427
5	461.0	1412.4285714285713
6	756.1428571428571	1468.2857142857142
7	392.14285714285717	1306.0
8	474.14285714285717	622.1428571428571
9	775.5714285714286	2230.8571428571427
10	690.5714285714286	
11	995.0	
