	dmso-wt	dmso-het
0	178.9295457624835	159.3113093910709
1	171.73718298424217	147.82613040651995
2	148.39281723527392	163.8442380939108
3	156.51899707365249	166.28372185442478
4	154.0726879592921	161.51581347739744
5	170.6547884931795	167.10313730245326
6	174.70323176882505	161.1586159527024
7	204.16336503331806	161.20489822661312
8	168.8575009127081	156.73622966391196
9	174.29712844280505	160.0604385671026
10	161.61497643525865	
11	147.95223549316194	
