	dmso-wt	dmso-het
0	151.79019491297765	130.1362792102736
1	190.09459696547017	99.72136481561195
2	145.00870556616164	144.90041601359002
3	142.16982588579907	137.51463433449342
4	203.4498700114245	167.79826623767195
5	241.1666532960298	174.46030507357037
6	250.0835076219388	162.36688295132538
7	248.17272174589016	160.36008437240997
8	201.57601336683717	149.4142375724117
9	223.67530602983246	149.18692654536167
10	221.03091301683602	
11	179.11408077271244	
