	dmso-wt	dmso-het
0	30.428571428571427	46.285714285714285
1	29.5	35.142857142857146
2	35.285714285714285	47.57142857142857
3	44.142857142857146	38.0
4	36.42857142857143	50.07142857142857
5	38.42857142857143	41.07142857142857
6	37.57142857142857	50.857142857142854
7	37.57142857142857	45.357142857142854
8	30.214285714285715	43.0
9	33.785714285714285	59.0
10	42.42857142857143	
11	36.714285714285715	
