	dmso-wt	dmso-het
0	33.142857142857146	47.714285714285715
1	26.285714285714285	40.285714285714285
2	35.857142857142854	46.285714285714285
3	44.57142857142857	39.857142857142854
4	35.285714285714285	50.0
5	47.285714285714285	42.0
6	36.857142857142854	54.285714285714285
7	42.57142857142857	46.285714285714285
8	34.285714285714285	47.714285714285715
9	36.142857142857146	58.714285714285715
10	43.0	
11	38.42857142857143	
