	dmso-wt	dmso-het
0	0.8347969588191534	0.769695592281429
1	0.9623641209697553	0.6175709261269495
2	0.928149540446684	0.9634090026938837
3	0.8425750278952033	0.8374893580480544
4	1.2896448312424345	1.0713327484721589
5	1.2744382638278755	1.0174458941563396
6	1.4434681212620195	1.0428511525738942
7	1.2785436876162506	0.999958588060848
8	1.2282313589268588	0.9384918196464371
9	1.2113453104386331	0.9197889648713105
10	1.3021978475830776	
11	1.1716502194254554	
