	dmso-wt	dmso-het
0	58.26190476190476	93.26190476190476
1	59.714285714285715	117.71428571428571
2	13.047619047619047	45.42857142857143
3	31.047619047619047	87.23809523809524
4	21.214285714285715	76.5
5	20.80952380952381	73.07142857142857
6	38.26190476190476	46.23809523809524
7	35.095238095238095	96.07142857142857
8	23.404761904761905	44.57142857142857
9	19.904761904761905	120.33333333333333
10	26.5	
11	29.785714285714285	
