	dmso-wt	dmso-het
0	367.57142857142856	1176.0
1	1261.0	1158.0
2	838.7142857142857	791.2857142857143
3	1000.5714285714286	911.1428571428571
4	471.2857142857143	2057.5714285714284
5	416.7142857142857	1378.7142857142858
6	702.7142857142857	1305.5714285714287
7	330.2857142857143	1204.2857142857142
8	456.7142857142857	536.1428571428571
9	746.2857142857143	2137.285714285714
10	619.1428571428571	
11	931.5714285714286	
