	dmso-wt	dmso-het
0	1.0037804734367362	1.0441183581822717
1	1.3031930046493787	1.0886369962728781
2	1.1582599818621604	1.1904181710022734
3	1.224785869382228	1.235082236911844
4	1.398696346033497	1.2113348339143044
5	1.3984506719465786	1.1802354750149242
6	1.6334418276346694	1.3686867624575767
7	1.5374017343261115	1.4095142044468265
8	1.5696329261865345	1.2469917388823426
9	1.6109216489360318	1.2300477426086707
10	1.3991167120480983	
11	1.4727304257316869	
