	dmso-wt	dmso-het
0	4.761904761904762	7.738095238095238
1	5.380952380952381	4.785714285714286
2	6.119047619047619	8.666666666666666
3	7.428571428571429	6.142857142857143
4	6.404761904761905	8.80952380952381
5	5.0	6.714285714285714
6	6.333333333333333	8.333333333333334
7	5.595238095238095	7.666666666666667
8	4.333333333333333	6.642857142857143
9	5.404761904761905	9.880952380952381
10	7.333333333333333	
11	6.071428571428571	
