	dmso-wt	dmso-het
0	507.98387096774195	998.5806451612904
1	718.1935483870968	1021.7741935483871
2	426.3225806451613	541.5
3	721.6290322580645	907.6451612903226
4	324.5483870967742	1028.0645161290322
5	586.6774193548387	556.5806451612904
6	553.3870967741935	660.758064516129
7	417.16129032258067	593.6935483870968
8	272.2096774193548	475.9516129032258
9	398.7258064516129	1114.5
10	251.3709677419355	
11	500.19354838709677	
