	dmso-wt	dmso-het
0	5.428571428571429	8.19047619047619
1	4.571428571428571	6.833333333333333
2	5.9523809523809526	7.523809523809524
3	7.4523809523809526	6.357142857142857
4	5.595238095238095	8.19047619047619
5	7.880952380952381	7.142857142857143
6	6.4523809523809526	8.952380952380953
7	7.238095238095238	7.476190476190476
8	5.857142857142857	7.880952380952381
9	6.0476190476190474	9.80952380952381
10	7.095238095238095	
11	6.309523809523809	
