	dmso-wt	dmso-het
0	175.02298750064392	180.1597033397794
1	203.1385138622573	169.14061077814853
2	158.30797502288368	166.49996644858345
3	174.19293187135565	169.1241715141289
4	165.47819929329884	166.36813221028058
5	186.06279462045467	184.69708573420445
6	190.5580285477187	168.5551080940208
7	200.38610366237677	170.45403392939755
8	173.8620537606035	169.89696172257212
9	190.68506088121336	165.40320612847626
10	183.59063797689672	
11	161.92049826423283	
