	dmso-wt	dmso-het
0	7.2785714285714285	23.511904761904763
1	22.914285714285715	21.104761904761904
2	15.15	17.67142857142857
3	18.295238095238094	18.297619047619047
4	8.288095238095238	41.55
5	7.619047619047619	24.804761904761904
6	12.754761904761905	25.98095238095238
7	7.126190476190477	23.41190476190476
8	7.892857142857143	12.611904761904762
9	13.05	38.79761904761905
10	12.242857142857142	
11	17.12142857142857	
