	dmso-wt	dmso-het
0	0.5955922494523641	0.1975681805790101
1	0.3640290008623615	0.29961758445864
2	0.0871345468150132	0.27718591194746695
3	0.12430026732866649	0.3119459700467819
4	0.20671905879980393	0.35935488353023254
5	0.5108735548450244	0.3059792962555833
6	0.22906858739287822	0.20257166370395788
7	0.28362147242426056	0.31576446164028427
8	0.3473442712656797	0.28852833226768754
9	0.2064577612112854	0.3298939909498563
10	0.1789666228449407	
11	0.1385077416253039	
