	dmso-wt	dmso-het
0	66561.01709238939	187532.52274096425
1	890082.0011094771	12407.799272117949
2	1563199.5409719162	203021.47041650122
3	95374.1833660083	19954.32462756942
4	492114.28515844967	252813.72537845135
5	56773.76564296548	62110.23037647102
6	54051.09441800811	31531.023075175977
7	58795.54016176458	58612.89377408156
8	68575.60395865042	105525.47837061869
9	36356.17748537667	28676.107131759567
10	156589.74262444006	
11	195716.27326300833	
