	dmso-wt	dmso-het
0	150.8452163499008	157.3842964037557
1	207.88521893814996	103.2851910377919
2	171.75350692248225	161.69067273833383
3	158.00701022587174	148.612791159908
4	236.0580544389812	179.9539241622575
5	237.30749683930148	192.63579407439792
6	281.21620621204704	192.31357374539675
7	266.37599034982236	183.1348386881678
8	226.244302150185	170.21925567363195
9	237.92592096909416	156.45870713883005
10	255.59846451004546	
11	192.15307706853818	
