	dmso-wt	dmso-het
0	531.2857142857143	1481.857142857143
1	624.8571428571429	1311.7142857142858
2	285.42857142857144	654.2857142857143
3	527.4285714285714	1123.0
4	235.57142857142858	1569.7142857142858
5	254.71428571428572	964.8571428571429
6	431.7142857142857	820.5714285714286
7	471.57142857142856	1057.4285714285713
8	215.57142857142858	595.8571428571429
9	273.85714285714283	1942.0
10	345.0	
11	772.0	
