	dmso-wt	dmso-het
0	27.714285714285715	44.857142857142854
1	32.714285714285715	30.0
2	34.714285714285715	48.857142857142854
3	43.714285714285715	36.142857142857146
4	37.57142857142857	50.142857142857146
5	29.571428571428573	40.142857142857146
6	38.285714285714285	47.42857142857143
7	32.57142857142857	44.42857142857143
8	26.142857142857142	38.285714285714285
9	31.428571428571427	59.285714285714285
10	41.857142857142854	
11	35.0	
