	dmso-wt	dmso-het
0	0.33460604168283087	0.1915417263365254
1	0.33965639334238834	0.24834728973296066
2	0.1562472804349478	0.27007558848929464
3	0.16258240750025776	0.402758967430338
4	0.3118241117818319	0.3607547524627397
5	0.5737565408336817	0.2923649993049543
6	0.2662924592009488	0.29440581408823735
7	0.32978229850690205	0.3967182112780882
8	0.44210885991106663	0.3448721448658823
9	0.35195574015004344	0.36212759775663084
10	0.27382869966591133	
11	0.19004093144097592	
