	dmso-wt	dmso-het
0	10.019047619047619	27.323809523809523
1	9.245238095238095	21.673809523809524
2	6.078571428571428	12.504761904761905
3	9.44047619047619	17.866666666666667
4	4.6	26.952380952380953
5	6.402380952380953	15.957142857142857
6	8.652380952380952	16.61904761904762
7	10.097619047619048	18.773809523809526
8	4.304761904761905	9.55
9	5.664285714285715	35.319047619047616
10	7.145238095238096	
11	14.438095238095238	
