	dmso-wt	dmso-het
0	9.105745886161316	18.398435392500673
1	12.670353385486917	17.903425950903696
2	8.197464256811438	11.444294577825735
3	13.450768815753978	16.466684650660913
4	7.07823037496628	20.223361208524413
5	11.43026706231454	10.393040194227138
6	10.084704612894523	13.506069598057728
7	8.114647963312652	11.81467493930402
8	5.2247100080927975	9.288643107634206
9	7.760992716482331	19.804693822497978
10	5.657944429457783	
11	10.818451578095495	
