	dmso-wt	dmso-het
0	449.42857142857144	1328.9285714285713
1	942.9285714285714	1234.857142857143
2	562.0714285714286	722.7857142857143
3	764.0	1017.0714285714286
4	353.42857142857144	1813.642857142857
5	335.7142857142857	1171.7857142857142
6	567.2142857142857	1063.0714285714287
7	400.92857142857144	1130.857142857143
8	336.14285714285717	566.0
9	510.07142857142856	2039.642857142857
10	482.07142857142856	
11	851.7857142857143	
