	dmso-wt	dmso-het
0	131063.75376093891	467698.7820451168
1	808769.019194337	21724.82058641524
2	960160.6815649527	314854.42024739546
3	189582.63900085693	28787.577072956698
4	522930.3711096657	376967.03595676075
5	79434.66947615046	226160.7704486369
6	119337.12223079187	117508.32019577762
7	95082.22327373302	140285.5644621963
8	130534.03059437193	147334.17397634411
9	110613.24424511932	54753.527930508
10	275407.8114813884	
11	142247.08298234717	
