	dmso-wt	dmso-het
0	1.9616666666666667	1.3033333333333332
1	0.9883333333333333	7.263333333333334
2	1.0866666666666667	1.1316666666666666
3	1.74	4.823333333333333
4	1.1366666666666667	1.2683333333333333
5	2.4033333333333333	2.095
6	4.23	3.05
7	2.3016666666666667	2.1683333333333334
8	2.2383333333333333	3.9266666666666667
9	2.7383333333333333	4.366666666666666
10	1.1666666666666667	
11	2.151666666666667	
