	dmso	drug
0	33.63333333333333	27.5
1	529.1833333333333	36.03333333333333
2	102.6	121.05
3	140.18333333333334	28.933333333333334
4	11.316666666666666	33.86666666666667
5	62.86666666666667	46.266666666666666
6	432.3333333333333	51.85
7	12.85	22.55
8	380.35	39.43333333333333
9	99.56666666666666	24.983333333333334
10	20.15	9.066666666666666
11	53.13333333333333	37.666666666666664
12	9.583333333333334	40.03333333333333
13	57.46666666666667	20.2
14	8.816666666666666	34.18333333333333
