	dmso-mut	drug-mut
0	1.85	8.826666666666666
1	2.2866666666666666	0.945
2	2.3566666666666665	1.8033333333333332
3	5.673333333333333	8.646666666666667
4	0.7816666666666666	0.9366666666666666
5	6.86	0.8266666666666667
6	12.478333333333333	3.345
7	3.3983333333333334	6.368333333333333
8	4.423333333333333	2.64
9	6.076666666666667	3.8433333333333333
10	3.243333333333333	2.493333333333333
11	7.32	4.403333333333333
12	9.131666666666666	8.243333333333334
13	22.19333333333333	
14	26.843333333333334	
