	dmso-mut	drug-mut
0	34.0	58.857142857142854
1	55.0	33.285714285714285
2	38.142857142857146	34.142857142857146
3	56.857142857142854	26.571428571428573
4	32.57142857142857	46.142857142857146
5	29.285714285714285	57.142857142857146
6	15.571428571428571	58.0
7	40.57142857142857	59.714285714285715
8	55.285714285714285	34.57142857142857
9	51.0	59.714285714285715
10	57.0	56.857142857142854
11	52.42857142857143	59.0
12	49.714285714285715	56.42857142857143
13	58.714285714285715	
14	56.714285714285715	
