	dmso-het	drug-het
0	74.42857142857143	166.85714285714286
1	78.30952380952381	148.52380952380952
2	78.42857142857143	127.42857142857143
3	72.54761904761905	107.28571428571429
4	157.8095238095238	183.76190476190476
5	128.23809523809524	154.57142857142858
6	110.04761904761905	201.78571428571428
7	159.35714285714286	80.83333333333333
8	152.85714285714286	310.2142857142857
9	202.33333333333334	332.0
10	215.8095238095238	203.64285714285714
