	dmso-het	drug-het
0	808.7142857142857	551.2857142857143
1	507.14285714285717	569.7142857142857
2	260.14285714285717	715.4285714285714
3	412.42857142857144	605.5714285714286
4	1172.0	437.0
5	310.42857142857144	839.7142857142857
6	387.2857142857143	1151.5714285714287
7	1020.4285714285714	199.71428571428572
8	625.1428571428571	2399.8571428571427
9	706.1428571428571	2218.1428571428573
10	1396.857142857143	978.8571428571429
