	dmso-het	drug-het
0	129.95238095238096	93.69047619047619
1	85.47619047619048	80.0
2	37.69047619047619	110.5
3	67.95238095238095	101.47619047619048
4	191.64285714285714	74.23809523809524
5	51.92857142857143	134.45238095238096
6	64.69047619047619	201.42857142857142
7	144.28571428571428	26.023809523809526
8	96.71428571428571	407.07142857142856
9	121.33333333333333	361.9047619047619
10	213.64285714285714	166.0
