	dmso-mut	drug-mut
0	35.76190476190476	27.571428571428573
1	29.904761904761905	35.714285714285715
2	37.666666666666664	33.3968253968254
3	35.36507936507937	37.42857142857143
4	24.761904761904763	26.38095238095238
5	37.53968253968254	32.17460317460318
6	44.15873015873016	37.55555555555556
7	40.317460317460316	35.36507936507937
8	30.11111111111111	34.95238095238095
9	33.36507936507937	35.507936507936506
