	dmso-mut	drug-mut
0	35234.4187020646	210282.3736471884
1	65735.62671394793	233366.26837476218
2	50172.47045251782	34779.661969754474
3	114209.18581179908	80867.20482630807
4	105322.39479755342	499833.44323294866
5	35991.40072782805	115975.23020207688
6	30869.061791526317	77311.7120845231
7	26082.711354009807	39767.13912194545
8	95658.21031225211	114295.10885702449
9	51878.03524678404	40649.66620380476
