	dmso-mut	drug-mut
0	102931.25202530719	161387.16324732202
1	289002.4582222405	220251.80192346073
2	140528.3766747681	58745.31826862054
3	278927.52175185113	361321.1844788987
4	241073.85363857163	37972.82092297894
5	72283.36493193875	639664.6910402564
6	65598.86374720451	159124.4056471258
7	43189.38443991989	69849.06237310034
8	69853.36351195017	46842.59877433517
9	168075.0537838289	95285.97421722171
