	dmso-mut	drug-mut
0	0.902077861923875	0.9847568768828993
1	0.8088036574676403	0.9709529163782297
2	0.797536868961044	0.8846184419426016
3	1.0663650643019462	0.9258514446929097
4	1.4323681010377043	1.1027323388092058
5	0.8964062843715229	1.0072866021789533
6	1.1716417310591838	0.8864015163927724
7	0.9226522201979708	1.0293953108481855
8	1.0226874316096952	1.2608595773424234
9	0.9308294213531789	0.8910888422138017
