	dmso-mut	drug-mut
0	144.51533030749638	176.89297261172155
1	166.87392779762857	173.2292771850865
2	141.82329838860664	147.84070340144012
3	188.11440554775191	163.79133292198327
4	283.1156236977187	184.8506455878125
5	258.46078586066454	209.01479452597104
6	199.52664957286336	206.1949376140292
7	186.05051270537845	178.42732015626214
8	226.97363556285987	242.4894434673584
9	192.0544255270354	219.219488465101
