	dmso-mut	drug-mut
0	0.9336857657589489	1.013702545761445
1	1.0369285863642739	1.176885247642079
2	0.9622809505869809	1.0371244570127605
3	1.203625773272589	1.114494947962387
4	0.9050006900639576	0.9525597330706472
5	1.1734604161810203	1.0930076109485394
6	1.3415023013735181	1.1950404795187015
7	1.136676707494144	1.2625668511151855
8	1.346578498792163	1.2157835525389313
9	1.1071503806945582	1.2759350330794401
