	dmso-mut	drug-mut
0	6.039893617021277	4.6462765957446805
1	5.058510638297872	6.023936170212766
2	6.332446808510638	5.625
3	5.960106382978723	6.316489361702128
4	4.170212765957447	4.4388297872340425
5	6.327127659574468	5.465425531914893
6	7.428191489361702	6.343085106382978
7	6.803191489361702	5.933510638297872
8	5.045212765957447	5.882978723404255
9	5.617021276595745	6.007978723404255
