	dmso-mut	drug-mut
0	155.26429113095028	184.75722819078075
1	160.70777171560576	151.9743120524329
2	148.19152051354362	150.2443723151156
3	160.09922282889377	150.2998710228507
4	287.3638627482265	202.33659700538388
5	223.72892036839363	191.4925843537112
6	165.80215414492207	191.18033345515852
7	190.0874844390537	152.1520216993284
8	163.8674367585032	212.6423425809829
9	192.24248286606752	192.59517696374718
