	dmso-mut	drug-mut
0	158.38957041146082	185.3010083915692
1	162.38551633884495	151.5509359043996
2	151.42569209205485	146.65496474007713
3	156.41967348730537	150.0387823931107
4	270.6824214996781	190.01309729976722
5	218.82748348618418	185.74901512476157
6	159.57318224561163	182.44912805182148
7	165.07351313749206	147.80702048235057
8	171.45461796670406	214.41776426660007
9	177.59169599533024	182.6762647053565
