	dmso-mut	drug-mut
0	779.6825396825396	451.12698412698415
1	553.6349206349206	1108.3333333333333
2	1189.3809523809523	835.031746031746
3	893.6190476190476	812.936507936508
4	309.6666666666667	913.2063492063492
5	293.26984126984127	1084.8412698412699
6	981.8253968253969	1213.063492063492
7	889.3809523809524	610.1111111111111
8	565.984126984127	513.063492063492
9	589.1587301587301	802.936507936508
