	dmso-mut	drug-mut
0	1974.0714285714287	1170.4285714285713
1	797.4285714285714	2036.4285714285713
2	1933.357142857143	1256.357142857143
3	1293.9285714285713	1283.7142857142858
4	311.7142857142857	839.3571428571429
5	248.85714285714286	920.4285714285714
6	937.5714285714286	2166.285714285714
7	696.2142857142857	1028.142857142857
8	661.6428571428571	629.0
9	896.3571428571429	881.6428571428571
