	dmso-mut	drug-mut
0	97.26190476190476	134.16666666666666
1	99.21428571428571	130.6904761904762
2	130.33333333333334	129.35714285714286
3	124.38095238095238	69.57142857142857
4	53.80952380952381	17.404761904761905
5	54.142857142857146	141.97619047619048
6	109.02380952380952	224.5952380952381
7	92.23809523809524	77.42857142857143
8	58.785714285714285	80.73809523809524
9	126.4047619047619	120.64285714285714
