	dmso-mut	drug-mut
0	1.0670495439391665	1.0308270874162722
1	1.0983708189485657	1.1631303775810282
2	1.0550672480949888	1.1584550188592824
3	1.2709402763439754	1.055332284792924
4	1.1971001287563736	1.2664791079582167
5	1.2081667443284625	1.2482278439755983
6	1.431307999674748	1.278288926654908
7	1.3232925416956407	1.2759969150975325
8	1.423171247457137	1.3487957244713704
9	1.1932370942072958	1.5054982572275712
