	dmso-mut	drug-mut
0	835.1428571428571	907.5714285714286
1	443.85714285714283	714.8571428571429
2	1255.4285714285713	483.7142857142857
3	842.4285714285714	735.8571428571429
4	380.0	1035.2857142857142
5	174.71428571428572	782.7142857142857
6	480.2857142857143	1504.0
7	357.0	387.85714285714283
8	337.57142857142856	518.0
9	385.7142857142857	682.5714285714286
