	dmso-mut	drug-mut
0	1.3766666666666667	1.0166666666666666
1	0.6916666666666667	0.6733333333333333
2	1.385	2.0516666666666667
3	1.4583333333333333	0.875
4	1.75	3.381666666666667
5	1.5233333333333334	1.465
6	1.8033333333333332	1.0433333333333332
7	2.385	2.4633333333333334
8	1.795	2.5016666666666665
9	0.8966666666666666	1.335
