	dmso-mut	drug-mut
0	38.78333333333333	19.571428571428573
1	15.50952380952381	36.94285714285714
2	25.85	25.597619047619048
3	19.488095238095237	14.65
4	5.6119047619047615	2.619047619047619
5	5.380952380952381	17.73095238095238
6	19.811904761904763	32.55714285714286
7	15.414285714285715	20.5
8	10.628571428571428	10.847619047619048
9	20.697619047619046	14.997619047619047
