	dmso-mut	drug-mut
0	9.0	8.083333333333334
1	5.716666666666667	4.683333333333334
2	10.866666666666667	14.733333333333333
3	9.916666666666666	7.433333333333334
4	14.283333333333333	19.566666666666666
5	12.633333333333333	12.433333333333334
6	14.866666666666667	8.9
7	19.966666666666665	20.233333333333334
8	15.666666666666666	20.35
9	7.6	11.5
