	dmso-mut	drug-mut
0	58.714285714285715	54.714285714285715
1	27.142857142857142	59.857142857142854
2	55.857142857142854	35.142857142857146
3	50.0	54.714285714285715
4	29.0	36.857142857142854
5	31.285714285714285	27.714285714285715
6	55.42857142857143	59.0
7	38.57142857142857	54.285714285714285
8	41.142857142857146	40.42857142857143
9	46.0	38.285714285714285
