	dmso-mut	drug-mut
0	5435.987728910683	4276.741934694711
1	11050.796943875224	5264.882368917992
2	2981.7344718261515	7827.174642481796
3	4357.882511216228	4804.452292149325
4	13934.198347697844	5156.422688160883
5	40724.41566355706	8093.824137839195
6	11611.667636319618	2493.4077681744916
7	11343.777758901313	10056.876153206294
8	35233.058288339635	7255.825296810986
9	23217.980219934634	5512.694726810757
