	dmso-mut	drug-mut
0	727.1111111111111	436.46031746031747
1	532.1904761904761	1057.4761904761904
2	1172.8412698412699	798.1111111111111
3	846.8571428571429	785.2539682539683
4	291.06349206349205	899.5555555555555
5	255.11111111111111	1054.7301587301588
6	894.031746031746	1169.873015873016
7	836.4444444444445	517.968253968254
8	511.07936507936506	468.6984126984127
9	553.6507936507936	772.2539682539683
