	dmso-mut	drug-mut
0	9.547619047619047	7.571428571428571
1	4.642857142857143	9.142857142857142
2	5.880952380952381	5.690476190476191
3	6.214285714285714	6.357142857142857
4	3.5714285714285716	1.4285714285714286
5	5.0476190476190474	4.285714285714286
6	8.547619047619047	7.642857142857143
7	5.571428571428571	7.857142857142857
8	4.714285714285714	5.619047619047619
9	7.023809523809524	4.5
