	dmso-mut	drug-mut
0	8015.617533460276	4645.785551016903
1	37716.11588926712	6266.139459610626
2	5893.651785857661	69708.70239906093
3	6778.201310658852	5238.815261766904
4	97124.69168705227	4447.63825458125
5	97258.17074135611	80511.86422241663
6	27944.19089517068	3713.321840396153
7	80106.49189015283	13726.590053176342
8	147954.15830869065	10639.524957555865
9	66417.47701859193	26889.98598714735
