	dmso-mut	drug-mut
0	163.25026104702263	191.8861958410509
1	135.5105589735894	196.87611373920197
2	151.23637900803558	170.49328268115676
3	213.03174689836933	159.35223375216611
4	475.7255010415014	270.21270695380497
5	219.57559525232105	228.8728358260729
6	278.6829657477973	194.7601204116833
7	248.89141134901425	210.3353392209213
8	268.80990540419714	329.8344254815619
9	236.1617584288086	242.3541765358284
