	dmso-mut	drug-mut
0	13.099044078597982	7.579394583112055
1	9.361922464152947	18.763674986723313
2	20.1311736590547	14.01991502920871
3	15.18428040361126	13.715347849176846
4	5.245087626128519	15.37546468401487
5	5.008231545406266	18.437865108868827
6	16.730483271375466	20.56266595857674
7	15.20446096654275	10.132766861391397
8	9.56080722251726	8.818640467339351
9	9.953797132235794	13.692246415294742
