	dmso-mut	drug-mut
0	1.0418704307851914	1.0374025919709575
1	1.0534433880815226	1.1930981053557363
2	1.054897228214403	1.18452224208314
3	1.3087326116175417	1.1467414139405097
4	1.242599307571469	1.2465231461560098
5	1.1901794533331096	1.236264497893995
6	1.4340800661505921	1.2950233225423227
7	1.4386281619210823	1.2479015301508483
8	1.4254956229133036	1.3201031840292239
9	1.2129442552953642	1.365528466812781
