	dmso-mut	drug-mut
0	2189.1428571428573	1299.857142857143
1	785.5714285714286	2371.5714285714284
2	2656.4285714285716	1218.0
3	1684.2857142857142	1888.2857142857142
4	403.7142857142857	1590.2857142857142
5	207.0	989.8571428571429
6	1175.5714285714287	2807.5714285714284
7	641.8571428571429	1339.7142857142858
8	796.0	724.1428571428571
9	816.2857142857143	981.4285714285714
