	dmso-mut	drug-mut
0	0.49893421127328746	0.6552615799553317
1	0.3747903963234347	0.13114052958775133
2	0.3032414269269023	0.32603528143507027
3	0.18810374118377626	0.27681478985251096
4	0.5791084050847912	0.25458960774156725
5	0.44967379089525256	0.2926206518860192
6	0.22682736392719285	0.25398308365090766
7	0.2970833602829884	0.2057558019528737
8	0.2459069195991247	0.3751544816815169
9	0.4854824411797603	0.30917267930920983
