	dmso-mut	drug-mut
0	0.9467389622194397	1.022117430159873
1	1.0248024376347495	1.1773541107518504
2	0.9980839621137709	1.0879689236174435
3	1.1999645522884168	1.1211129163117393
4	0.6998160027147527	0.9589943419590478
5	1.1134888358481256	1.2235679202803873
6	1.4031757414215638	1.2381907434245971
7	1.3313891192737042	1.257627098423039
8	1.3517086064695403	1.2255362221285586
9	1.1382652034729603	1.2755004808126211
