	dmso-mut	drug-mut
0	1.4523809523809523	1.4047619047619047
1	1.1428571428571428	0.8571428571428571
2	0.16666666666666666	1.1904761904761905
3	1.119047619047619	0.7857142857142857
4	1.619047619047619	0.4523809523809524
5	1.7619047619047619	0.5952380952380952
6	2.4523809523809526	0.5238095238095238
7	1.4285714285714286	2.7857142857142856
8	1.119047619047619	1.880952380952381
9	1.2380952380952381	1.3095238095238095
