	dmso-mut	drug-mut
0	0.09530481146407513	0.2177818704814209
1	0.05258935925487683	0.07965496071027592
2	0.17924610535085	0.08176070019018215
3	0.22679642805528788	0.0904096154866018
4	1.055492745025246	0.30121015343814056
5	0.18396121318087166	0.22320711829221285
6	0.2625114031593751	0.10401071369010513
7	0.260556404198255	0.3257513107939826
8	0.2433795583050505	0.2213235314565806
9	0.41848410586795204	0.19783552857549164
