	dmso-mut	drug-mut
0	56.142857142857146	48.92857142857143
1	27.571428571428573	54.57142857142857
2	43.285714285714285	35.0
3	42.92857142857143	44.857142857142854
4	24.428571428571427	24.142857142857142
5	32.42857142857143	25.285714285714285
6	51.357142857142854	51.0
7	36.285714285714285	48.214285714285715
8	33.57142857142857	36.57142857142857
9	43.142857142857146	32.92857142857143
