	dmso-mut	drug-mut
0	9.785714285714286	9.571428571428571
1	4.761904761904762	10.0
2	9.333333333333334	6.5476190476190474
3	8.095238095238095	9.476190476190476
4	4.142857142857143	7.023809523809524
5	5.476190476190476	4.5
6	9.166666666666666	10.0
7	6.619047619047619	8.761904761904763
8	6.714285714285714	7.0
9	7.785714285714286	7.119047619047619
