	dmso-wt	drug-wt
0	43.615591397849464	56.295698924731184
1	50.78763440860215	106.93010752688173
2	58.55107526881721	84.22043010752688
3	160.38172043010752	58.12903225806452
4	111.3225806451613	54.17741935483871
5	46.475806451612904	93.56989247311827
6	142.02956989247312	75.96236559139786
7	77.23924731182795	101.00268817204301
8	61.91935483870968	76.98924731182795
9	80.86827956989248	90.0510752688172
