	dmso-wt	drug-wt
0	670.2857142857143	617.0714285714286
1	651.0714285714286	706.3571428571429
2	704.7142857142857	385.14285714285717
3	1119.5	217.35714285714286
4	1237.0	284.7857142857143
5	289.0	817.3571428571429
6	964.6428571428571	663.0
7	1010.3571428571429	1223.357142857143
8	280.92857142857144	448.57142857142856
9	938.1428571428571	463.42857142857144
