	dmso-mut	drug-mut
0	13.370967741935484	8.048387096774194
1	15.935483870967742	10.290322580645162
2	7.338709677419355	2.4516129032258065
3	17.016129032258064	4.983870967741935
4	11.370967741935484	3.629032258064516
5	12.951612903225806	8.129032258064516
6	11.274193548387096	9.129032258064516
7	13.790322580645162	5.903225806451613
8	10.451612903225806	
9	9.693548387096774	
10	10.709677419354838	
11	13.370967741935484	
