	dmso-wt	dmso-het
0	503.7142857142857	345.35714285714283
1	222.64285714285714	697.9285714285714
2	184.92857142857142	257.0
3	352.7857142857143	343.2857142857143
4	924.3571428571429	675.5
5	390.7142857142857	598.5714285714286
6	207.5	843.7857142857143
7	723.2857142857143	297.64285714285717
8	970.2142857142857	936.1428571428571
9	646.8571428571429	404.35714285714283
10	302.35714285714283	569.0
11	289.2857142857143	490.7857142857143
12	304.14285714285717	634.5
13		702.5
14		767.7857142857143
