	dmso-wt	dmso-het
0	4.0	10.116666666666667
1	17.05	32.55
2	8.333333333333334	6.816666666666666
3	13.25	14.333333333333334
4	18.383333333333333	21.9
5	10.166666666666666	54.983333333333334
6	5.216666666666667	21.9
7	21.266666666666666	16.183333333333334
8	18.85	24.116666666666667
9	15.9	25.866666666666667
10	17.883333333333333	38.3
11	9.833333333333334	6.883333333333334
12	9.366666666666667	44.75
13		17.066666666666666
14		42.733333333333334
