	dmso-mut	drug-mut
0	4.761904761904762	8.214285714285714
1	8.571428571428571	4.119047619047619
2	6.166666666666667	3.6666666666666665
3	5.214285714285714	3.7857142857142856
4	6.428571428571429	5.0
5	4.928571428571429	3.2857142857142856
6	7.5476190476190474	6.904761904761905
7	7.214285714285714	3.857142857142857
8	4.0476190476190474	4.261904761904762
9	8.976190476190476	8.19047619047619
10	4.380952380952381	
11	4.738095238095238	
