	dmso-mut	drug-mut
0	1883.142857142857	1799.4285714285713
1	2311.5714285714284	663.5714285714286
2	802.1428571428571	1265.4285714285713
3	2061.0	1256.7142857142858
4	2178.8571428571427	777.5714285714286
5	1415.142857142857	1137.2857142857142
6	1615.4285714285713	2108.1428571428573
7	2586.8571428571427	1146.857142857143
8	836.5714285714286	1305.4285714285713
9	2266.1428571428573	954.4285714285714
10	1633.4285714285713	
11	2263.714285714286	
