	dmso-mut	drug-mut
0	0.9989385765406602	0.20605152803710697
1	0.4938576790616688	0.7807656327737045
2	0.7260207208605081	1.3997902016345427
3	0.861480881478698	0.6935855003046199
4	0.8071731448722895	0.9729001752572675
5	0.7450742691735627	2.129995041366681
6	1.2835039971873805	0.411225017738761
7	0.9542118237893241	1.5306335666124096
8	1.4670398177997428	0.4236742912417193
9	1.319447311747272	0.928340748458026
10	0.6583546117474944	
11	1.2061408636530697	
