	dmso-mut	drug-mut
0	787.258064516129	983.6129032258065
1	1240.0806451612902	397.7741935483871
2	817.4516129032259	562.5806451612904
3	1143.967741935484	1016.7096774193549
4	1101.9032258064517	1041.9032258064517
5	775.1774193548387	701.4193548387096
6	660.4677419354839	1046.7903225806451
7	1252.8387096774193	457.96774193548384
8	754.983870967742	584.0806451612904
9	954.6774193548387	509.4032258064516
10	737.8548387096774	
11	1179.4354838709678	
