	dmso-mut	drug-mut
0	209.10972910857456	241.39288859309877
1	301.40908124676434	232.18570196837217
2	276.3870472451432	324.42498150261736
3	330.63118601332826	293.7793848915405
4	279.685070839614	325.14480848191766
5	300.0673018167003	372.88376549482115
6	335.1944113399121	256.66037475517794
7	244.79104735617966	295.8139475814878
8	278.0721437273764	263.0252313166663
9	302.5682549938283	387.35637917682
10	264.36416736264897	
11	288.13805200076825	
