	dmso-mut	drug-mut
0	0.9695424070227675	1.1885750726655304
1	1.2389836789422295	1.4301559612660342
2	1.483815014762682	1.590567955077854
3	1.5643576812124174	1.365093589288378
4	1.3438401187764812	1.346364404150679
5	1.2215170091506502	1.176045649895385
6	1.5471961185439063	1.755041653068697
7	1.9580835586595149	2.292483478229081
8	1.6144845320651253	1.3037056903644018
9	1.7828863703703501	1.7993025435426961
10	1.3099053877027729	
11	1.8490662315663222	
