	dmso-mut	drug-mut
0	1282.0714285714287	1352.7142857142858
1	1937.7142857142858	561.8571428571429
2	756.2857142857143	825.8571428571429
3	1220.7857142857142	1093.2857142857142
4	1542.9285714285713	664.5714285714286
5	956.4285714285714	749.7857142857143
6	1365.0	1494.7142857142858
7	1974.9285714285713	825.3571428571429
8	633.2142857142857	948.3571428571429
9	1970.9285714285713	980.5714285714286
10	1183.7142857142858	
11	1427.2857142857142	
