	dmso-mut	drug-mut
0	7529.5006954662595	5626.37965782029
1	3515.8903021429196	57264.78506310644
2	58029.02094541684	10599.733092594843
3	5676.6326172877325	73602.17488280071
4	7153.185823833845	31859.41494070227
5	77432.09832880054	25810.07792775274
6	7356.110309819411	25072.852741909912
7	4623.819330519579	28692.112587049032
8	56057.70610220191	45317.284050138085
9	2242.3159225921895	8866.992246112686
10	68960.12591588133	
11	16139.810540952123	
