	dmso-mut	drug-mut
0	199.00782695374798	310.60698168835296
1	261.44133169208317	350.39251142695514
2	412.5966173640935	459.12584940872495
3	382.61177482331607	342.88463474884213
4	363.50070429019115	354.40885053998846
5	349.92020438541	345.594216785639
6	483.65563627343556	459.40800671089283
7	575.1322894702656	559.133942494341
8	506.9918196595262	380.62920305269444
9	571.5593543457355	509.456826882663
10	283.92616677811316	
11	537.6895597401899	
