	dmso-mut	drug-mut
0	212.22253380481118	160.93176545768353
1	172.0571401417988	183.57915324848184
2	175.88251187283387	236.821352711947
3	195.18628487432701	175.03802048969823
4	173.19075150265175	211.70202967209147
5	182.2833275890731	226.4781782263969
6	241.8087795221583	172.85753893068267
7	164.82215571438346	210.33154488262403
8	187.40067595011237	203.68101068151617
9	202.51780603289362	302.2622431262287
10	183.77622491101718	
11	198.2460272428038	
