	dmso-mut	drug-mut
0	183.88801684225317	218.88387475044
1	199.13930234065316	249.5874397498434
2	286.66006014254873	283.08935530621824
3	222.39042188082976	238.54188272217357
4	241.19895633696098	250.84788926271756
5	258.317883315575	250.6967942942428
6	316.3351550464408	248.29481231890813
7	261.04082949846213	235.92058909680853
8	286.4078075314988	228.86272600205658
9	308.65766585903896	265.8562639305748
10	203.60864599479135	
11	266.5745391060189	
