	dmso-mut	drug-mut
0	23.308333333333334	23.696428571428573
1	34.798809523809524	10.29404761904762
2	13.82857142857143	14.992857142857142
3	22.876190476190477	18.60238095238095
4	28.807142857142857	12.754761904761905
5	16.766666666666666	13.176190476190476
6	23.707142857142856	28.33452380952381
7	35.03452380952381	14.475
8	10.719047619047618	16.291666666666668
9	33.99761904761905	16.97738095238095
10	21.210714285714285	
11	26.541666666666668	
