	dmso-mut	drug-mut
0	211.8808918405327	159.83753591963765
1	171.99126018648306	188.6115660910172
2	186.6042243017619	233.91088488180665
3	201.60326634388684	174.16217975294805
4	175.39442995724357	213.44153288326476
5	182.81767048321598	241.5893525831827
6	241.45845445751115	175.19127796732462
7	168.44143639301677	217.78711821528015
8	194.97816187186353	204.3910751919569
9	201.03013519052436	297.3586237406569
10	179.9505343885397	
11	189.0100893006404	
