	dmso-mut	drug-mut
0	1753.0	1759.0
1	2287.4285714285716	629.0
2	750.8571428571429	1248.4285714285713
3	1971.2857142857142	1244.0
4	2146.5714285714284	749.7142857142857
5	1397.142857142857	1125.142857142857
6	1608.4285714285713	1982.5714285714287
7	2576.0	1132.2857142857142
8	823.1428571428571	1292.0
9	2247.714285714286	925.2857142857143
10	1603.5714285714287	
11	2254.0	
