	dmso-mut	drug-mut
0	1.0048511383777026	1.5281337912782254
1	1.8310186312335777	1.2166732032748726
2	1.3270385069149693	1.468428266171435
3	1.688698717609953	1.6647052556010657
4	1.5706438811765469	1.613711209005663
5	1.5487629551204347	1.5745329957389844
6	1.4374236424969515	1.5274685986713283
7	1.4402720326841438	1.331834739316134
8	1.3646880598248916	1.2828570044391567
9	1.5491022559211463	1.3594674903792603
10	1.5117258046317292	
11	1.5660274006294648	
