	dmso-mut	drug-mut
0	29.142857142857142	28.15
1	40.68571428571428	11.338095238095239
2	13.202380952380953	21.659523809523808
3	34.00714285714286	20.90714285714286
4	41.44047619047619	15.30952380952381
5	19.054761904761904	18.83809523809524
6	26.223809523809525	35.66428571428571
7	42.371428571428574	19.616666666666667
8	13.673809523809524	20.95952380952381
9	36.81428571428572	14.857142857142858
10	26.78095238095238	
11	40.92857142857143	
