	dmso-mut	drug-mut
0	1.1834795418750608	0.16165614835086095
1	0.3136541626712041	0.48798178599772674
2	0.465934855358043	1.0017494469189987
3	0.5907603263693972	0.5723953963922541
4	0.5001897824475259	0.5384499926122179
5	0.4417025979982031	1.2224040175736544
6	0.928351805308113	0.30111725323703065
7	0.4328660384520465	0.9138104372615127
8	0.7668810648390335	0.3701747208205586
9	0.9975036179990323	1.4001267034960148
10	0.45432383910358093	
11	0.5784262950076084	
