	dmso-mut	drug-mut
0	6.285714285714286	6.0
1	4.0	7.142857142857143
2	8.857142857142858	6.142857142857143
3	5.571428571428571	4.857142857142857
4	5.142857142857143	9.571428571428571
5	5.428571428571429	4.857142857142857
6	4.0	5.714285714285714
7	2.5714285714285716	7.142857142857143
8	5.714285714285714	5.285714285714286
9	5.428571428571429	10.857142857142858
10	3.7142857142857144	
11	2.857142857142857	
