	dmso-mut	drug-mut
0	266.7631335002667	255.0237217525808
1	289.5814963963992	295.3652616173704
2	285.4826358770327	393.06306376437624
3	292.33293128834026	300.8389221656806
4	286.7180645928729	338.92702588411277
5	373.7751922005766	394.00766576107753
6	407.38538139225216	268.1189643031933
7	288.3892996968592	383.2560480941642
8	381.14699416355995	263.0378817404536
9	380.63888537989624	399.3224385632715
10	265.9062314385956	
11	375.5303863538811	
