	dmso-mut	drug-mut
0	144.47619047619048	129.5
1	188.04761904761904	83.16666666666667
2	65.88095238095238	171.38095238095238
3	163.66666666666666	198.0
4	213.4047619047619	114.11904761904762
5	168.38095238095238	232.02380952380952
6	249.42857142857142	112.80952380952381
7	186.47619047619048	175.23809523809524
8	95.07142857142857	139.04761904761904
9	291.07142857142856	123.5952380952381
10	169.14285714285714	
11	255.23809523809524	
