	dmso-mut	drug-mut
0	32976.99442083113	10507.004432961858
1	3746.642394958532	11332.007364046814
2	8795.125162625194	9856.387531221695
3	10886.479891868086	4623.862742077659
4	6044.611415605607	12427.94710895736
5	61646.961942894464	11469.140644682917
6	4936.445359292853	6137.173215356953
7	3410.2523737817746	8363.653203440923
8	7776.021162772036	9885.771289584594
9	2199.0608207606665	6455.823623213107
10	5898.752589278758	
11	5126.491384922279	
