	dmso-mut	drug-mut
0	759017.0176817066	297158.03658183233
1	112812.38435774902	116971.85602426555
2	29736.99242036513	68868.06700262321
3	67979.7228864738	110187.47315086253
4	56466.21594035773	101801.82859523733
5	87959.7918894853	59731.75535593351
6	72042.70208357171	66623.80713007205
7	88257.36049066675	91488.43876572976
8	23277.958225508766	291693.1894865555
9	41803.668804381625	87098.91950999398
10	43169.28070891011	
11	57560.40649908663	
