	dmso-mut	drug-mut
0	17.473809523809525	19.242857142857144
1	28.91190476190476	9.25
2	14.454761904761904	8.326190476190476
3	11.745238095238095	16.297619047619047
4	16.173809523809524	10.2
5	14.478571428571428	7.514285714285714
6	21.19047619047619	21.004761904761907
7	27.697619047619046	9.333333333333334
8	7.764285714285714	11.623809523809523
9	31.18095238095238	19.097619047619048
10	15.64047619047619	
11	12.154761904761905	
