	dmso-mut	drug-mut
0	0.15034853493228711	0.1465696921813901
1	0.07945982357099055	0.1790363282661975
2	0.2472454386331373	0.3914432920708394
3	0.3167887370630841	0.22806148099076107
4	0.19085369129828603	0.34558750880755607
5	0.21285956378160448	0.36147495879816344
6	0.25534724659656305	0.14196646369570304
7	0.17417076029767325	0.4187833348977299
8	0.37795129619260914	0.2326819107493637
9	0.35871074711844975	0.21301420134133936
10	0.1972735050428103	
11	0.3097341247701545	
