	dmso-mut	drug-mut
0	0.5633333333333334	1.1833333333333333
1	1.1333333333333333	1.2083333333333333
2	3.1866666666666665	1.2233333333333334
3	2.0483333333333333	1.9066666666666667
4	1.6983333333333333	1.38
5	1.7616666666666667	1.605
6	2.013333333333333	1.6233333333333333
7	1.195	1.8016666666666667
8	4.275	0.6183333333333333
9	2.1283333333333334	2.1133333333333333
10	2.1033333333333335	
11	1.4866666666666666	
