	dmso-wt	dmso-het
0	31.142857142857142	83.73809523809524
1	114.01190476190476	106.83333333333333
2	34.416666666666664	54.273809523809526
3	61.416666666666664	109.16666666666667
4	36.666666666666664	158.13095238095238
5	38.404761904761905	115.3452380952381
6	76.10714285714286	101.83333333333333
7	48.30952380952381	138.27380952380952
8	54.0	51.5
9	67.21428571428571	145.96428571428572
10	49.214285714285715	
11	70.02380952380952	
