	dmso-wt	dmso-het
0	177.21428571428572	499.57142857142856
1	682.1428571428571	633.0714285714286
2	204.07142857142858	320.7142857142857
3	369.7857142857143	656.4285714285714
4	225.78571428571428	946.7142857142857
5	232.14285714285714	689.9285714285714
6	445.85714285714283	611.7857142857143
7	287.35714285714283	831.3571428571429
8	324.0	303.2142857142857
9	403.42857142857144	863.4285714285714
10	293.2857142857143	
11	425.14285714285717	
