	dmso-wt	dmso-het
0	189.57142857142858	391.7142857142857
1	659.4285714285714	519.0
2	286.57142857142856	303.0
3	472.0	556.5714285714286
4	273.42857142857144	912.2857142857143
5	231.57142857142858	682.2857142857143
6	365.85714285714283	517.0
7	167.85714285714286	667.7142857142857
8	322.42857142857144	221.28571428571428
9	389.7142857142857	790.1428571428571
10	294.57142857142856	
11	225.57142857142858	
