	dmso-wt	dmso-het
0	133.42857142857142	351.7142857142857
1	894.1428571428571	572.5714285714286
2	331.0	349.42857142857144
3	514.1428571428571	694.8571428571429
4	289.42857142857144	1220.142857142857
5	310.14285714285717	779.0
6	589.2857142857143	829.1428571428571
7	253.71428571428572	881.2857142857143
8	474.14285714285717	286.85714285714283
9	627.4285714285714	943.5714285714286
10	391.85714285714283	
11	476.42857142857144	
