	dmso-wt	dmso-het
0	32.79514824797844	52.54986522911051
1	61.95417789757413	61.078167115902964
2	18.107816711590296	32.67654986522911
3	41.40700808625337	66.37196765498652
4	24.58490566037736	69.8921832884097
5	49.299191374663074	45.26684636118598
6	60.102425876010784	48.39083557951483
7	41.95687331536388	53.075471698113205
8	31.547169811320753	35.56064690026954
9	38.88409703504043	67.61455525606469
10	22.253369272237197	
11	34.76010781671159	
