	dmso-wt	dmso-het
0	194.1451612903226	313.01612903225805
1	368.5	363.64516129032256
2	108.43548387096774	195.5483870967742
3	246.06451612903226	394.38709677419354
4	146.67741935483872	417.0
5	289.66129032258067	270.1774193548387
6	354.2903225806452	289.3225806451613
7	248.91935483870967	316.7741935483871
8	188.16129032258064	211.17741935483872
9	232.74193548387098	403.3709677419355
10	133.38709677419354	
11	207.32258064516128	
