	dmso-wt	dmso-het
0	295.35483870967744	341.93548387096774
1	368.1290322580645	537.3064516129032
2	141.59677419354838	202.58064516129033
3	296.5483870967742	433.4193548387097
4	159.0483870967742	384.7741935483871
5	276.741935483871	265.30645161290323
6	283.5	248.88709677419354
7	237.2258064516129	294.4193548387097
8	178.7741935483871	229.61290322580646
9	192.06451612903226	430.98387096774195
10	117.06451612903226	
11	147.70967741935485	
