	dmso-mut	drug-mut
0	42.785714285714285	51.023809523809526
1	31.916666666666668	28.63095238095238
2	22.75	20.523809523809526
3	47.01190476190476	68.07142857142857
4	96.76190476190476	20.047619047619047
5	133.04761904761904	39.44047619047619
6		54.857142857142854
7		5.380952380952381
8		13.321428571428571
