	dmso-mut	drug-mut
0	21.67945205479452	34.942465753424656
1	34.394520547945206	27.117808219178084
2	17.268493150684932	29.41917808219178
3	26.82191780821918	39.21369863013699
4	46.35890410958904	41.69041095890411
5	66.78904109589041	23.38082191780822
6		39.84931506849315
7		22.72876712328767
8		34.23835616438356
