	dmso-het	drug-het
0	1.192940919491851	1.0421100993407333
1	1.238773767791552	0.9395230607599906
2	1.1625183406964417	1.1577283120172
3	1.1875515529850535	1.1613475329887706
4	1.3701050606029141	1.2017119089812827
5	1.2837859369345075	1.1951582638764047
6	1.170549294412677	1.1306986771904797
7	1.5448178810736473	1.6832981203331396
8	1.3690402248219828	1.3616157010617054
9	1.6081304977259427	1.4387094138135006
10	1.7436714945108893	1.4747982859046653
