	dmso-het	drug-het
0	145.06390789983075	157.83005400893697
1	150.97287567442575	145.54048066467996
2	145.0117137779166	155.62842613868366
3	157.01994646425177	164.28101800826488
4	151.51437104528122	192.62032646596631
5	155.94304822523114	162.2907240222176
6	168.1253980762843	164.85435917547983
7	160.13858385862662	249.32726280131513
8	161.63949327306509	268.76831893908604
9	187.0017012008145	260.05426572705113
10	217.36653017031398	326.45285240167243
