	dmso-het	drug-het
0	0.8128346896972232	1.0045501139465631
1	1.0490393402153222	0.8343201113701592
2	0.8016374465292372	1.0580843450040276
3	0.8493616076413137	1.1865212959481524
4	1.0880691525401667	0.9384887625669641
5	1.055649338004551	1.3772867154117785
6	0.8994034847758576	0.9321974295952843
7	1.3558096678191753	1.7769965173742992
8	1.1141244967552866	1.285482501145514
9	1.0408078501742317	1.31824212244121
10	1.1804627508910062	1.5123216630541174
