	dmso-het	drug-het
0	28.92142857142857	31.654761904761905
1	26.211904761904762	25.19047619047619
2	15.05	44.68809523809524
3	22.521428571428572	30.06904761904762
4	33.680952380952384	9.688095238095238
5	13.211904761904762	37.51190476190476
6	9.242857142857142	43.46190476190476
7	21.607142857142858	3.3285714285714287
8	20.88809523809524	48.05
9	15.788095238095238	38.81666666666667
10	20.080952380952382	19.073809523809523
