	dmso-het	drug-het
0	38.285714285714285	59.857142857142854
1	54.285714285714285	60.0
2	44.857142857142854	59.714285714285715
3	31.285714285714285	57.857142857142854
4	55.714285714285715	58.0
5	52.0	56.857142857142854
6	34.857142857142854	59.857142857142854
7	47.42857142857143	35.42857142857143
8	52.285714285714285	58.142857142857146
9	50.714285714285715	59.42857142857143
10	56.857142857142854	57.57142857142857
