	dmso-het	drug-het
0	344.4193548387097	499.0967741935484
1	293.4516129032258	497.2258064516129
2	307.5967741935484	401.4516129032258
3	246.33870967741936	448.1290322580645
4	620.9677419354839	583.5645161290323
5	344.6774193548387	443.83870967741933
6	308.66129032258067	799.9032258064516
7	482.4193548387097	430.0483870967742
8	321.7096774193548	1384.0483870967741
9	596.6612903225806	1201.032258064516
10	865.3709677419355	961.7096774193549
