	dmso-het	drug-het
0	0.23001163383318413	0.41136520701785584
1	0.2898867022074925	0.2584004426518999
2	0.2103380677234001	0.3630761903676131
3	0.4432558043164119	0.40698177055456036
4	0.28898255853158084	0.8769179049491228
5	0.2509675097722782	0.2832578406794611
6	0.4494388569196424	0.35809907507077493
7	0.48864651508442003	1.4449825775961922
8	0.37273397404343767	1.2370485826398299
9	0.6158492942281193	1.3729578341970368
10	0.8685122136118046	2.128125112325039
