	dmso-het	drug-het
0	1796.7142857142858	1905.142857142857
1	1602.857142857143	1630.857142857143
2	957.5714285714286	2695.0
3	1309.4285714285713	1753.7142857142858
4	2105.0	593.7142857142857
5	740.2857142857143	2288.714285714286
6	551.7142857142857	2538.0
7	1458.857142857143	251.0
8	1405.0	2860.8571428571427
9	913.5714285714286	2330.0
10	1301.7142857142858	1099.5714285714287
