	dmso-het	drug-het
0	132.72026816122002	142.9038026611732
1	152.67287119706623	105.75372123284853
2	147.65501782493237	150.18279593346637
3	182.59608453804913	181.5529202568751
4	192.2212053222089	159.6414344281585
5	195.1649086871207	253.58365078380626
6	210.77326200592415	136.21024310137946
7	249.17612625142965	366.65830352377054
8	231.0638627672562	275.615511102686
9	210.47032787049676	307.223631707997
10	330.1494386549251	379.04176174464254
