	dmso-het	drug-het
0	1.1321787676015471	1.0444898346347407
1	1.196663936723868	0.937523923917834
2	1.1712297373728722	1.180553440175556
3	1.1893448877895683	1.16884662524796
4	1.4106229605552707	1.1767253578317989
5	1.304272431536014	1.2298497958247645
6	1.2232616884790646	1.134026217047754
7	1.5543577615234268	1.4645696812605913
8	1.3788013445121579	1.4850017734201184
9	1.578379656050648	1.4788969420542994
10	1.8173409433856471	1.4823927129870982
