	dmso-het	drug-het
0	159.64466107571698	159.0601556476625
1	174.15191455223226	133.44359995730392
2	163.7711308832729	173.9455134085429
3	180.23868625710932	181.1882263790833
4	204.43121634871187	212.56363689817144
5	194.11645019792076	191.41943307071546
6	203.39984274692688	177.29397689199646
7	237.42773771342007	373.74539845236274
8	211.74348057430188	363.1818164108255
9	280.8122763843124	352.9456032280861
10	359.7472325259999	446.28971139956815
