	dmso-het	drug-het
0	0.21108097968084724	0.3907109345952941
1	0.23319474034509005	0.26859342860533947
2	0.16848837338456707	0.3234907488571097
3	0.4237928963149636	0.3627416469822826
4	0.24685653229726875	0.8530426471879515
5	0.20199629846894096	0.24935489049289788
6	0.2712515590053491	0.33418713361226304
7	0.3470054439444883	1.2861263075972795
8	0.3240418239935949	1.21046562994973
9	0.49546117514210264	1.2850071216577201
10	0.7366986738823889	2.0504484603511237
