	dmso-het	drug-het
0	1388.7857142857142	1844.2142857142858
1	1408.2857142857142	1944.9285714285713
2	1186.357142857143	2067.5714285714284
3	960.2857142857143	1340.357142857143
4	1982.357142857143	968.8571428571429
5	1222.142857142857	2008.357142857143
6	694.9285714285714	2293.0
7	1248.5	381.64285714285717
8	1429.642857142857	2361.3571428571427
9	1121.2142857142858	2139.9285714285716
10	1314.0714285714287	1210.5714285714287
