	dmso-het	drug-het
0	144.08284206570897	158.40460499630578
1	147.86345392821318	139.85208080812225
2	150.56607673850587	159.48624929723437
3	166.10693746396888	160.91732762553343
4	154.3281108431938	194.6693828160963
5	162.07431653853718	166.22451835771156
6	164.62981070461475	168.44710557468107
7	165.67136017169148	239.8237140200287
8	166.38411189145089	321.37235116650874
9	186.24202267197944	268.549071069226
10	223.6281527475548	351.91318412804213
