	dmso-het	drug-het
0	143.2620814026088	154.02833479920045
1	150.7393509708072	150.89543518527213
2	135.17434357245702	146.2261835376544
3	150.6406131852449	166.5071006963326
4	146.65885850519368	192.05375580405433
5	151.76602794889496	157.0737434965064
6	167.83981352504094	161.22085802068347
7	145.9075373676673	270.9366244051889
8	156.16067430652265	216.0508459639272
9	177.47070526038027	245.17416120310727
10	203.38940086879245	281.6602506095503
