	dmso-het	drug-het
0	39.354838709677416	50.25806451612903
1	45.33870967741935	48.5
2	40.82258064516129	59.20967741935484
3	40.45161290322581	57.596774193548384
4	49.645161290322584	53.20967741935484
5	39.564516129032256	51.903225806451616
6	39.16129032258065	55.096774193548384
7	46.37096774193548	42.53225806451613
8	40.17741935483871	57.903225806451616
9	43.87096774193548	56.516129032258064
10	49.58064516129032	51.935483870967744
