	dmso-het	drug-het
0	134.5067056704398	131.9423814393983
1	144.6932121669738	126.01503310520494
2	148.37503110351628	143.444391792625
3	165.61130777827805	160.4168929836623
4	191.96447299424122	197.37983932155421
5	170.73273642379328	177.8100450236366
6	173.77904748576438	169.8929308669095
7	194.7320666319964	235.31937480516928
8	180.71615836162968	364.2974789836241
9	227.15309397417184	308.7176387055696
10	320.37020660624427	371.11910259326146
