	dmso-het	drug-het
0	131.45594264755988	142.04991216263528
1	158.1123243580366	106.03379140596053
2	135.99488713364107	145.98485498749952
3	152.43716399025584	182.3516849971894
4	172.97092560178245	157.46801918444086
5	192.981678311349	257.6219932262054
6	226.57237679527796	137.48703069904892
7	228.94431602702062	391.06675998521166
8	218.75619947277562	271.21399436783776
9	184.87350816985767	309.64368971679977
10	257.96011496769853	395.7837703435308
