	dmso-het	drug-het
0	0.22147651493430556	0.36331225551185975
1	0.2465228891506374	0.29859229692417455
2	0.16897581098668468	0.2448203424645234
3	0.3244976298288047	0.3586002472383104
4	0.24498817747484733	0.9281134155103336
5	0.1619921117744914	0.20831670713589967
6	0.27364345569351095	0.26770702212617986
7	0.33893057751828415	1.64400375797481
8	0.29786791705645166	0.7725438228922927
9	0.4668015211568991	1.0979850873501003
10	0.7269761228365021	1.513910782125113
