	dmso-het	drug-het
0	1.0714166157112432	1.0468695699287476
1	1.154554105656184	0.9355247870756773
2	1.1799411340493025	1.2033785683339122
3	1.1911382225940836	1.1763457175071494
4	1.4511408605076268	1.151738806682315
5	1.3247589261375203	1.2645413277731241
6	1.2759740825454517	1.1373537569050283
7	1.5638976419732062	1.2458412421880436
8	1.3885624642023326	1.6083878457785319
9	1.548628814375353	1.519084470295098
10	1.8910103922604051	1.4899871400695315
