	dmso-het	drug-het
0	1.1280879778522162	1.0335346867565616
1	1.2168964018239299	0.9491435419736227
2	1.101538889637033	1.1692131239892465
3	1.18365045101385	1.1456838280521027
4	1.4130657844293166	1.1537511907254405
5	1.2520124380380684	1.2168866637467768
6	1.1724941893858367	1.1365467474088515
7	1.3519128313796576	1.4580133849844668
8	1.342127628550853	1.4884625376318195
9	1.48889178722141	1.4686102295101207
10	1.7832143622739252	1.4575790112208227
