	dmso-het	drug-het
0	1.119047619047619	1.3095238095238095
1	1.9404761904761905	1.3333333333333333
2	1.4761904761904763	1.1785714285714286
3	1.6904761904761905	1.9047619047619047
4	1.0357142857142858	1.7857142857142858
5	1.619047619047619	0.5952380952380952
6	1.869047619047619	0.5238095238095238
7	1.619047619047619	1.0714285714285714
8	1.4285714285714286	0.30952380952380953
9	1.7142857142857142	0.25
10	1.4166666666666667	0.9047619047619048
