	dmso-het	drug-het
0	1066.2857142857142	2163.285714285714
1	1496.4285714285713	2426.4285714285716
2	1590.857142857143	1715.142857142857
3	825.1428571428571	1263.2857142857142
4	1930.5714285714287	1382.5714285714287
5	1803.2857142857142	1811.7142857142858
6	855.5714285714286	2099.285714285714
7	1129.857142857143	538.8571428571429
8	1550.7142857142858	1861.857142857143
9	1364.0	1956.2857142857142
10	1342.857142857143	1343.4285714285713
