	dmso-het	drug-het
0	22573.564463459054	7501.780656154733
1	13495.346281813845	10271.006994996607
2	74522.2782525043	8406.603949206521
3	14301.655320540842	8646.85052022141
4	5507.422145410315	9263.947306636013
5	54654.26600663669	5075.375154638432
6	130478.47137143626	2985.340234178519
7	21914.7007060066	110750.32916311329
8	32421.51378526684	1281.9393206238653
9	14015.920592778579	1464.5826311528851
10	4530.9225250832915	3712.4346800168764
