	dmso-het	drug-het
0	20.502380952380953	39.983333333333334
1	28.85952380952381	45.15238095238095
2	28.833333333333332	34.76190476190476
3	15.811904761904762	25.51904761904762
4	36.23809523809524	23.73095238095238
5	31.547619047619047	34.0
6	14.676190476190476	38.726190476190474
7	22.745238095238093	10.845238095238095
8	29.32857142857143	33.73809523809524
9	23.94047619047619	35.804761904761904
10	25.495238095238093	23.78095238095238
