	dmso-het	drug-het
0	4.1	9.983333333333333
1	4.533333333333333	8.5
2	3.1	9.85
3	3.2	8.85
4	7.383333333333334	9.433333333333334
5	5.45	5.9
6	2.3333333333333335	9.95
7	6.566666666666666	5.05
8	6.133333333333334	9.3
9	6.183333333333334	8.766666666666667
10	7.166666666666667	9.766666666666667
