	dmso-het	drug-het
0	102.19047619047619	130.27380952380952
1	81.89285714285714	114.26190476190476
2	58.05952380952381	118.96428571428571
3	70.25	104.38095238095238
4	174.72619047619048	129.0
5	90.08333333333333	144.51190476190476
6	87.36904761904762	201.60714285714286
7	151.82142857142858	53.42857142857143
8	124.78571428571429	358.64285714285717
9	161.83333333333334	346.95238095238096
10	214.72619047619048	184.82142857142858
