	dmso-het	drug-het
0	159.0561970231581	156.14386411625645
1	172.10997746903004	135.97981019916546
2	150.7521771763832	169.78133200311527
3	181.2728428516835	176.82988912477305
4	201.32103003922657	207.78676853645132
5	184.73934822911178	186.20719775516022
6	198.20635650215831	175.69593630176632
7	200.67233004939555	364.4576065525174
8	202.57697478203698	360.5408244942694
9	256.0576450683085	344.58391293693245
10	338.6103185464711	430.9199058980336
