	dmso-het	drug-het
0	0.20965259613824988	0.1740723623961958
1	0.11800615299270689	0.08813188690943032
2	0.3989072821474179	0.12700193336179372
3	0.31737514671416367	0.14878464278775697
4	0.1466831688071312	0.49911551226447004
5	0.1308874385282836	0.2482130103259501
6	0.2812506243096587	0.13426687166388138
7	0.412526316625122	0.5646163008435892
8	0.26267846572406717	0.7819739703830286
9	0.3458479034306404	1.4167862042402226
10	0.5235103154505756	0.5030000288335478
