	dmso-het	drug-het
0	57.7972972972973	83.56216216216217
1	49.2	83.3027027027027
2	52.13513513513514	67.23243243243243
3	41.310810810810814	75.0972972972973
4	105.45405405405405	96.88378378378378
5	57.73513513513514	72.27567567567567
6	51.962162162162166	133.87027027027028
7	81.35945945945946	72.68378378378378
8	53.63243243243243	231.85405405405405
9	100.34324324324324	200.96486486486486
10	145.77027027027026	161.48918918918918
