	dmso-het	drug-het
0	817.9193548387096	1151.3870967741937
1	848.6612903225806	1193.5483870967741
2	780.5483870967741	1249.0645161290322
3	502.7903225806452	1122.3225806451612
4	1131.6451612903227	902.1774193548387
5	778.3225806451613	1171.0645161290322
6	539.0967741935484	1659.1935483870968
7	839.5645161290323	738.7096774193549
8	662.1129032258065	1567.7096774193549
9	818.483870967742	1319.5967741935483
10	911.0645161290323	1162.0806451612902
