	dmso-het	drug-het
0	155.85904839322416	145.2156854658902
1	149.1461130037699	142.73739034546196
2	155.03063344335325	136.9609824958159
3	158.47142873690288	147.75003242466173
4	160.78493608271674	178.883911955114
5	163.97819399266544	153.56929916072926
6	175.1195846460811	160.28079314615832
7	157.53897938157047	197.34164004834042
8	167.50682738509272	292.27106542686454
9	183.628623441255	246.96646338280075
10	220.6090015580801	254.89587889524947
