	dmso-het	drug-het
0	152.50424400510465	144.9598363389788
1	149.40641908703284	140.62014028225983
2	152.82680685772442	135.47713781288016
3	157.33423649492886	146.67089804149526
4	158.3606242688907	178.494085729771
5	161.03948485115882	152.28237558361147
6	174.0549350346417	159.77226181003735
7	154.40505071227065	192.63424842869853
8	163.31872399212082	292.1423730129125
9	180.97205264475588	246.3332404584719
10	214.38284065371	253.17825603624834
