	dmso-het	drug-het
0	1121.4285714285713	2263.714285714286
1	1708.5714285714287	2641.0
2	1645.857142857143	1903.142857142857
3	868.2857142857143	1447.0
4	1981.857142857143	1415.2857142857142
5	1859.857142857143	1872.5714285714287
6	870.1428571428571	2208.8571428571427
7	1193.7142857142858	608.5714285714286
8	1615.0	1866.857142857143
9	1407.7142857142858	1957.7142857142858
10	1366.2857142857142	1351.0
