	dmso-het	drug-het
0	5005.08947833494	6554.935441636683
1	8529.21981687591	8127.455784035607
2	27229.90482172586	5156.7594627530225
3	10990.750401607002	6754.9010417661075
4	4460.67793809371	8144.294236193762
5	11827.91279997295	4302.115410670612
6	17174.674252658857	3118.0978657975875
7	4436.118887282615	26298.563540495856
8	8503.531285395953	1245.2097558746743
9	7223.211631697159	1319.5532025152695
10	3411.2501219123187	3368.2753630460506
