	dmso-het	drug-het
0	46.07142857142857	59.92857142857143
1	55.285714285714285	60.0
2	47.0	59.857142857142854
3	42.285714285714285	58.142857142857146
4	57.57142857142857	51.785714285714285
5	49.214285714285715	58.42857142857143
6	32.357142857142854	59.92857142857143
7	50.42857142857143	26.0
8	52.5	59.07142857142857
9	51.357142857142854	59.57142857142857
10	57.357142857142854	56.214285714285715
