	dmso-het	drug-het
0	1.1863585182078535	1.0227151804200036
1	1.2583633891008563	0.9750132456441686
2	1.088669474226497	1.1365190166082815
3	1.2063646019691379	1.1192388782994553
4	1.394825197371143	1.1621052005111738
5	1.258497055743872	1.172544293134373
6	1.196940077989346	1.1328192606630354
7	1.372832018604716	1.609470782387301
8	1.342831105973008	1.384194881817957
9	1.5232404067328627	1.4411787617583474
10	1.7418285536145985	1.4566561059477252
