	dmso-het	drug-het
0	7.845238095238095	9.988095238095237
1	9.261904761904763	10.0
2	8.130952380952381	9.976190476190476
3	7.321428571428571	9.80952380952381
4	9.666666666666666	8.547619047619047
5	8.369047619047619	9.976190476190476
6	5.392857142857143	10.0
7	8.511904761904763	4.107142857142857
8	8.69047619047619	9.845238095238095
9	8.75	9.952380952380953
10	9.642857142857142	9.380952380952381
