	dmso-het	drug-het
0	31209.766637988276	399951.80418481765
1	36631.88830750557	179824.41772210316
2	34159.82768098159	14267.693168406951
3	39135.82129591402	12013.976215978573
4	20023.052934584648	7492.306585874003
5	45394.01735593713	22364.685425866282
6	40763.20212961457	5835.331510125191
7	19356.832441678558	19266.97322203348
8	42545.05199594009	3825.637781895864
9	27242.98616003192	4833.210133078978
10	12219.216510598097	5635.94447199211
