	dmso-het	drug-het
0	6.5	8.142857142857142
1	11.142857142857142	7.142857142857143
2	8.428571428571429	7.142857142857143
3	9.714285714285714	11.785714285714286
4	7.071428571428571	10.428571428571429
5	10.0	4.071428571428571
6	11.071428571428571	3.357142857142857
7	9.428571428571429	6.785714285714286
8	9.0	2.142857142857143
9	10.357142857142858	2.2142857142857144
10	9.071428571428571	6.0
