	dmso-het	drug-het
0	144.74131463779332	156.04219976430122
1	146.61790312580337	146.97073533047
2	138.818509924613	152.85379502868156
3	157.71804180169545	162.9878736793327
4	148.5164160418239	191.06302364795118
5	153.19724538552026	158.82766811854574
6	168.75203473648784	163.14848551260346
7	147.57129838240795	249.40225878286356
8	157.95397597089644	267.4099792227655
9	178.5812083841287	255.45566364157133
10	207.86951761588148	319.68417942107624
