	dmso-het	drug-het
0	103404.59106539359	8610.091503821073
1	187787.00227484314	41270.28101462018
2	182190.4115848072	13069.463024243629
3	216324.2900704535	16546.505070958865
4	70325.1146227409	7547.559838372062
5	61736.21766662356	20211.620646885083
6	287195.51340874506	7246.829220774806
7	40092.91695917418	80283.62028678067
8	87615.28327037486	4923.501069481756
9	76664.56346989368	8738.265173170841
10	40022.35986261699	5504.060343292812
