	dmso-het	drug-het
0	169.06086654443206	155.58575898139475
1	174.33784823100774	136.96331690841578
2	151.14097982779973	171.9330192986165
3	192.00116610652793	170.6804703970753
4	200.83928110017337	205.20810170255768
5	186.32259459853896	181.33794700797753
6	204.13869554913927	177.02227708917678
7	211.35079916800996	371.45058784179633
8	204.5506547462865	408.69886925773903
9	260.31293734566805	354.00378745828164
10	337.8765936329774	488.0813836155364
