	dmso-het	drug-het
0	1.7333333333333334	1.0666666666666667
1	1.6666666666666667	2.6
2	1.4666666666666666	1.0333333333333334
3	1.3166666666666667	2.4
4	3.2333333333333334	1.2833333333333334
5	2.8833333333333333	2.316666666666667
6	1.3833333333333333	0.5833333333333334
7	2.683333333333333	2.1333333333333333
8	2.55	1.6166666666666667
9	2.85	2.5
10	3.1166666666666667	0.9166666666666666
