	dmso-het	drug-het
0	415.7142857142857	966.5714285714286
1	502.42857142857144	830.5714285714286
2	449.42857142857144	717.8571428571429
3	425.7142857142857	621.5714285714286
4	895.1428571428571	1093.0
5	767.4285714285714	869.5714285714286
6	653.0	1194.142857142857
7	823.5714285714286	441.2857142857143
8	892.8571428571429	1754.142857142857
9	1212.857142857143	1801.7142857142858
10	1128.2857142857142	1151.857142857143
