	dmso-het	drug-het
0	7.142857142857143	5.571428571428571
1	9.714285714285714	5.0
2	6.428571428571429	8.571428571428571
3	6.285714285714286	12.285714285714286
4	7.571428571428571	5.857142857142857
5	6.142857142857143	4.714285714285714
6	10.0	4.714285714285714
7	9.0	8.571428571428571
8	8.428571428571429	4.285714285714286
9	9.285714285714286	2.142857142857143
10	9.285714285714286	5.142857142857143
