	dmso-wt	dmso-het
0	0.6585307932788221	0.21108097968084724
1	0.3714629348616632	0.23319474034509005
2	0.3598280329831472	0.16848837338456707
3	0.6870004867024732	0.4237928963149636
4	0.43832208863770883	0.24685653229726875
5	0.5626826653841539	0.20199629846894096
6	0.41283509082126085	0.2712515590053491
7	0.5454743335063765	0.3470054439444883
8	0.3856250687137376	0.3240418239935949
9	0.46893144886108196	0.49546117514210264
10		0.7366986738823889
