	dmso-wt	dmso-het
0	1.130952380952381	1.119047619047619
1	1.2023809523809523	1.9404761904761905
2	1.2380952380952381	1.4761904761904763
3	0.3333333333333333	1.6904761904761905
4	2.2857142857142856	1.0357142857142858
5	1.9523809523809523	1.619047619047619
6	2.2857142857142856	1.869047619047619
7	1.869047619047619	1.619047619047619
8	2.2142857142857144	1.4285714285714286
9	2.0952380952380953	1.7142857142857142
10		1.4166666666666667
