	dmso-wt	dmso-het
0	677.0	808.7142857142857
1	1099.857142857143	507.14285714285717
2	924.0	260.14285714285717
3	901.2857142857143	412.42857142857144
4	578.7142857142857	1172.0
5	412.57142857142856	310.42857142857144
6	262.0	387.2857142857143
7	805.5714285714286	1020.4285714285714
8	605.5714285714286	625.1428571428571
9	969.5714285714286	706.1428571428571
10		1396.857142857143
