	dmso-wt	dmso-het
0	55188.27683292526	67876.36950875669
1	56091.83880801247	53516.48056306352
2	48294.74077288298	59577.85965235339
3	29505.572448034884	53848.15295549247
4	26112.928479961436	30229.940757743807
5	38806.11964934792	84559.27763301831
6	30581.558168774456	93946.48197831294
7	33676.39553935358	38891.16382866217
8	44461.46482190172	94519.71512475485
9	32005.221279154855	57647.655054150964
10		22501.309148895467
