	dmso-wt	dmso-het
0	84627.09627271078	17832.41144994008
1	7930.900368364727	12647.959297710977
2	10440.652541001104	83627.21765053978
3	4471.808456845626	16934.01159303408
4	16313.46085566377	9239.07131159538
5	57377.99910153185	35552.85520362603
6	69931.33384663536	115873.11671168645
7	8099.563103758481	37218.77428094928
8	35704.116083721776	19511.712779685702
9	21852.49871144177	15310.931164831316
10		4519.887605771995
