	dmso-wt	dmso-het
0	199.50570266985756	144.08284206570897
1	190.36828941717764	147.86345392821318
2	188.2981367819736	150.56607673850587
3	230.87096390711275	166.10693746396888
4	184.06179989757746	154.3281108431938
5	198.62982358154088	162.07431653853718
6	193.69470888783255	164.62981070461475
7	187.45239046290752	165.67136017169148
8	193.2895155986621	166.38411189145089
9	175.09096795339	186.24202267197944
10		223.6281527475548
