	dmso-wt	dmso-het
0	1.4157047691652662	1.1280879778522162
1	1.5395360616186335	1.2168964018239299
2	1.6161899680377354	1.101538889637033
3	1.400351711155852	1.18365045101385
4	1.2535456055925411	1.4130657844293166
5	1.0573724949798158	1.2520124380380684
6	1.0854975247816954	1.1724941893858367
7	1.3891051567572628	1.3519128313796576
8	1.0241577777408715	1.342127628550853
9	1.2509969725335768	1.48889178722141
10		1.7832143622739252
