	dmso-wt	dmso-het
0	261.618357732112	136.92515648159295
1	260.0403278120812	147.26829337060258
2	261.365241220832	153.17695637791522
3	276.6993095821664	172.1238631260438
4	243.5491600961721	198.87410146177263
5	206.71469914340545	177.2949450066083
6	234.89219232465635	176.16639438014656
7	237.02336801830396	209.13278922660353
8	216.04522060122895	196.47959789687803
9	249.98025971360033	238.2830357754024
10		339.32186319228475
