	dmso-mut	drug-mut
0	413.92857142857144	500.5
1	772.0	740.5
2	529.7857142857143	663.7142857142857
3	601.2142857142857	406.85714285714283
4	995.7142857142857	714.2857142857143
5	1038.0	635.6428571428571
6	573.4285714285714	953.4285714285714
7	1241.357142857143	1073.642857142857
8	509.64285714285717	1463.9285714285713
9	627.4285714285714	767.7142857142857
10	1157.2142857142858	504.35714285714283
11	687.2857142857143	690.0
12	711.6428571428571	987.5
