	dmso-mut	drug-mut
0	9.928571428571429	7.0
1	4.642857142857143	5.714285714285714
2	6.428571428571429	7.857142857142857
3	4.571428571428571	6.071428571428571
4	3.5	2.7142857142857144
5	8.714285714285714	7.714285714285714
6	9.5	9.071428571428571
7	3.2857142857142856	8.714285714285714
8	4.714285714285714	2.9285714285714284
9	9.0	2.357142857142857
10	8.142857142857142	9.714285714285714
11	4.857142857142857	8.357142857142858
12	4.285714285714286	
