	dmso-mut	drug-mut
0	27.092838196286472	21.49867374005305
1	38.782493368700266	24.94164456233422
2	40.19893899204244	55.0053050397878
3	55.59151193633952	46.87267904509284
4	69.6896551724138	72.29973474801061
5	92.63660477453581	54.88859416445624
6	56.0132625994695	43.43236074270557
7	147.29177718832892	37.3342175066313
8	64.13793103448276	70.49336870026525
9	87.76923076923077	126.10079575596816
10	76.9761273209549	71.6870026525199
11	66.92838196286472	79.45092838196287
12	112.81697612732096	
