	dmso-mut	drug-mut
0	288.14285714285717	243.14285714285714
1	381.7142857142857	218.64285714285714
2	128.78571428571428	385.07142857142856
3	620.1428571428571	583.9285714285714
4	828.6428571428571	1138.5
5	900.5714285714286	644.2142857142857
6	573.2142857142857	291.35714285714283
7	1759.4285714285713	413.35714285714283
8	587.2857142857143	906.0714285714286
9	686.8571428571429	1537.5714285714287
10	685.7857142857143	561.9285714285714
11	809.6428571428571	579.1428571428571
12	1008.0	
