	dmso-het	drug-het
0	226.015625	378.625
1	239.984375	294.03125
2	346.609375	294.1875
3	354.84375	1782.484375
4	323.015625	478.453125
5	425.609375	301.6875
6	525.1875	736.640625
7	347.765625	1634.53125
8	337.671875	735.203125
9	376.390625	890.125
10	418.015625	694.375
11	562.21875	659.890625
12	631.171875	475.40625
13	317.09375	1105.078125
14	458.984375	717.765625
15	465.046875	769.609375
16	564.75	570.265625
17	410.84375	
18	511.828125	
19	480.828125	
20	714.015625	
21	275.90625	
22	403.28125	
