	dmso-wt	drug-wt
0	2.3666666666666667	7.4
1	8.433333333333334	7.216666666666667
2	4.866666666666666	13.2
3	10.95	5.466666666666667
4	8.716666666666667	8.516666666666667
5	7.533333333333333	15.45
6	9.466666666666667	7.866666666666666
7	8.266666666666667	12.5
8	18.483333333333334	18.883333333333333
9	11.3	22.15
10	19.45	16.466666666666665
11	11.783333333333333	
12	16.333333333333332	
13	14.55	
14	9.416666666666666	
15	12.183333333333334	
16	6.533333333333333	
