	dmso-wt	drug-wt
0	2.5714285714285716	4.285714285714286
1	11.142857142857142	7.285714285714286
2	9.0	4.714285714285714
3	8.285714285714286	5.142857142857143
4	9.142857142857142	6.0
5	5.285714285714286	11.0
6	9.0	7.857142857142857
7	5.428571428571429	3.7142857142857144
8	5.0	1.5714285714285714
9	11.428571428571429	5.285714285714286
10	7.285714285714286	9.571428571428571
11	8.428571428571429	
12	4.714285714285714	
13	7.428571428571429	
14	11.571428571428571	
15	5.0	
16	10.285714285714286	
