	dmso-wt	drug-wt
0	0.355	1.1333333333333333
1	1.0766666666666667	0.9516666666666667
2	0.6466666666666666	1.37
3	1.35	0.735
4	1.13	1.1166666666666667
5	0.9083333333333333	1.7
6	1.2966666666666666	0.905
7	1.09	1.4333333333333333
8	2.0216666666666665	2.1016666666666666
9	1.3833333333333333	2.73
10	2.015	2.085
11	1.495	
12	1.77	
13	1.8466666666666667	
14	1.2233333333333334	
15	1.6833333333333333	
16	0.8283333333333334	
