	dmso-wt	drug-wt
0	1.6333333333333333	2.4833333333333334
1	2.2666666666666666	4.066666666666666
2	1.8166666666666667	2.1
3	2.8	1.85
4	2.45	3.3833333333333333
5	2.35	3.7666666666666666
6	2.966666666666667	2.75
7	2.566666666666667	2.85
8	3.966666666666667	4.483333333333333
9	3.35	4.416666666666667
10	4.433333333333334	3.216666666666667
11	4.35	
12	5.283333333333333	
13	5.016666666666667	
14	4.516666666666667	
15	3.2333333333333334	
16	2.816666666666667	
