	dmso-wt	drug-wt
0	2457.0	549.5714285714286
1	1996.0	1230.0
2	1173.857142857143	1955.142857142857
3	1051.142857142857	927.5714285714286
4	649.0	2090.285714285714
5	1739.2857142857142	1077.4285714285713
6	772.0	1067.0
7	934.5714285714286	834.5714285714286
8	715.0	1678.142857142857
9	1082.857142857143	1442.0
10	1166.4285714285713	1741.5714285714287
11	1302.0	
12	1395.5714285714287	
13	1399.2857142857142	
14	472.7142857142857	
15	1065.142857142857	
16	2237.0	
