	dmso-wt	dmso-het
0	4153.031401525877	4288.285361009463
1	2083.8592208565456	7920.307065961328
2	12833.775904861666	5164.4691633248385
3	6114.321814832	1682.7473720735159
4	20451.165401079437	2455.534933035577
5	13151.361750830789	1350.7191850664792
6	4382.698312307906	1905.5959644279944
7	19574.344921155895	2501.232081029372
8	2627.948102999383	3335.8046910081425
9	3419.292538641726	3774.349356136263
10	1855.178560620693	
