	dmso-wt	dmso-het
0	173.76921645670382	164.07627024025314
1	177.1224351952234	142.76238583315063
2	192.3824831879966	178.06868896122467
3	246.80152830025241	201.7618779769566
4	182.25868671632765	185.787335458613
5	215.89130212656048	218.76889853900246
6	237.31765369716834	211.3142253503668
7	185.68208484480235	205.77671810353763
8	202.56657379164392	167.80152214620472
9	183.13468848415712	315.3619938519655
10	224.8952942756704	
