	dmso-wt	dmso-het
0	11911.24840065644	4439.045447466652
1	4469.912399310429	10358.736947729929
2	20849.481136949587	9108.95499991677
3	49275.65058889761	42804.57624886027
4	53428.76809919266	2750.24972750154
5	129954.26220171367	30243.01516321101
6	33007.66179774709	5466.922014967674
7	63591.278428074445	4096.962358579567
8	4849.197561301364	3691.048721505404
9	5124.782511228461	5837.381346430211
10	4649.100749387061	
