	dmso-wt	dmso-het
0	108057.56380796415	45184.89178003584
1	122421.37348200523	42372.7688507558
2	160820.96376990457	53804.34945590535
3	94823.72050906613	64209.001063415184
4	142549.40629855733	36871.09875542523
5	93978.00132552134	22901.279364211903
6	86801.53098112186	60408.662186410635
7	92300.94043095797	37194.666030866
8	34542.28749483314	23933.20914497616
9	68997.96916666438	64031.82550197456
10	62810.68144112172	
