	dmso-wt	dmso-het
0	3.5714285714285716	2.7142857142857144
1	0.0	5.857142857142857
2	13.142857142857142	3.5714285714285716
3	8.714285714285714	2.0
4	8.0	1.1428571428571428
5	6.285714285714286	0.8571428571428571
6	10.571428571428571	7.285714285714286
7	14.571428571428571	5.142857142857143
8	2.857142857142857	1.0
9	5.285714285714286	8.857142857142858
10	0.2857142857142857	
