	dmso-wt	dmso-het
0	0.2650234395226381	0.3361465243077464
1	0.33009870861188106	0.2051129185182737
2	0.32190675189724255	0.553450525350396
3	0.6720641877716961	0.8250485628273841
4	0.5949160753311931	0.6753013884968814
5	0.6443745719365644	1.0315199089988603
6	1.5156033976035144	1.2060753474449506
7	0.5075084830794794	0.9273019078518415
8	0.7218896080196304	0.449878259009106
9	0.4939990941246217	1.9466732805040006
10	0.9059022522703374	
