	dmso-wt	dmso-het
0	1.3032852043292926	1.139992307975559
1	1.1844789741277952	1.2276469747406131
2	1.2797290968766473	1.1760862876024005
3	1.175468926399344	1.3408508407232131
4	1.2628744663519327	1.3420727698625414
5	1.3878887278339889	1.4626277411902444
6	1.6729624893978368	1.4952432624165028
7	1.6335596212068118	1.5924352241879889
8	1.5218353254719432	1.2721520329279588
9	1.4762290352133731	1.563413001882169
10	1.280930508339033	
