	dmso-wt	dmso-het
0	170.63577486431535	164.27960112889207
1	176.92442778875102	150.3546585076156
2	189.3992087181654	182.99199783201377
3	240.38470894192176	195.93574203332463
4	196.48943696130686	198.9022861874642
5	215.10233573686634	218.93895470343367
6	252.08958211344873	214.82489995987555
7	193.64037254199943	205.99745366241643
8	207.05458957925043	166.56656562465582
9	188.23030720722502	298.20439798176056
10	226.02001290339098	
