	dmso-het	drug-het
0	53.42857142857143	138.0
1	45.76190476190476	57.73809523809524
2	119.9047619047619	175.3452380952381
3	168.33333333333334	162.96428571428572
4	88.97619047619048	162.41666666666666
5	99.21428571428571	115.70238095238095
6	116.36904761904762	141.58333333333334
7	109.94047619047619	136.57142857142858
8	98.47619047619048	233.9404761904762
9	83.01190476190476	
