	dmso-het	drug-het
0	20.857142857142858	179.4047619047619
1	38.833333333333336	67.23809523809524
2	68.85714285714286	211.26190476190476
3	125.45238095238095	110.52380952380952
4	70.76190476190476	180.83333333333334
5	91.61904761904762	97.5952380952381
6	77.88095238095238	88.30952380952381
7	87.47619047619048	102.42857142857143
8	104.5	158.11904761904762
9	88.33333333333333	
