	dmso-het	drug-het
0	205.42857142857142	1115.7142857142858
1	225.28571428571428	411.7142857142857
2	473.0	1244.5714285714287
3	784.4285714285714	667.1428571428571
4	440.42857142857144	1045.0
5	674.2857142857143	643.5714285714286
6	473.85714285714283	496.57142857142856
7	573.0	573.4285714285714
8	635.1428571428571	958.0
9	538.7142857142857	
