	dmso-het	drug-het
0	28.976190476190474	234.6904761904762
1	53.61904761904762	102.83333333333333
2	68.33333333333333	217.95238095238096
3	112.14285714285714	112.80952380952381
4	73.57142857142857	198.71428571428572
5	78.88095238095238	104.80952380952381
6	73.88095238095238	84.80952380952381
7	94.5	126.38095238095238
8	149.88095238095238	181.97619047619048
9	118.30952380952381	
