	dmso-het	drug-het
0	322.64285714285717	816.6428571428571
1	271.5	333.42857142857144
2	776.0	1026.4285714285713
3	1005.1428571428571	978.6428571428571
4	517.2142857142857	920.3571428571429
5	592.5	713.6428571428571
6	704.5	826.1428571428571
7	661.2142857142857	810.8571428571429
8	602.0	1392.7142857142858
9	512.2142857142857	
