	dmso-het	drug-het
0	192.84594594594594	117.25135135135135
1	145.55945945945945	73.72432432432433
2	141.37027027027028	102.46486486486486
3	176.9972972972973	80.23783783783784
4	163.2	80.15945945945946
5	113.80810810810812	128.7108108108108
6	262.22162162162164	99.68108108108108
7	188.05405405405406	145.35945945945946
8	242.42432432432432	179.5972972972973
9	124.9027027027027	143.0891891891892
10	99.67837837837838	139.63513513513513
11	142.2972972972973	
12	154.5027027027027	
