	dmso-het	drug-het
0	753.2857142857143	1041.2857142857142
1	1075.142857142857	610.7142857142857
2	621.1428571428571	798.0
3	2270.714285714286	660.4285714285714
4	1177.5714285714287	923.7142857142857
5	2129.8571428571427	1337.4285714285713
6	2094.8571428571427	700.4285714285714
7	1751.142857142857	1209.5714285714287
8	1937.4285714285713	1398.0
9	509.0	903.7142857142857
10	506.2857142857143	1125.5714285714287
11	1141.2857142857142	
12	1346.0	
