	dmso-het	drug-het
0	1141.258064516129	706.7258064516129
1	865.9193548387096	453.7258064516129
2	836.516129032258	614.5
3	1065.2096774193549	481.11290322580646
4	970.0645161290323	475.7258064516129
5	683.4516129032259	770.1451612903226
6	1553.532258064516	592.6451612903226
7	1121.5	866.4354838709677
8	1438.532258064516	1064.5483870967741
9	736.741935483871	850.3064516129032
10	591.1451612903226	832.0645161290323
11	850.0645161290323	
12	919.8387096774194	
