	dmso-het	drug-het
0	1324.7142857142858	1556.7142857142858
1	1903.7142857142858	1058.4285714285713
2	1773.142857142857	1644.857142857143
3	1766.2857142857142	1095.142857142857
4	2227.4285714285716	1037.5714285714287
5	1039.857142857143	1794.142857142857
6	3522.4285714285716	1475.5714285714287
7	2404.0	1761.4285714285713
8	2268.8571428571427	2016.2857142857142
9	1919.4285714285713	1716.857142857143
10	1411.142857142857	2262.5714285714284
11	1373.857142857143	
12	2196.285714285714	
