	dmso-het	drug-het
0	203.47619047619048	277.4047619047619
1	282.42857142857144	181.4047619047619
2	172.88095238095238	220.6904761904762
3	521.0714285714286	148.8095238095238
4	312.3809523809524	205.16666666666666
5	476.0	281.2857142857143
6	595.0238095238095	225.52380952380952
7	348.1904761904762	309.04761904761904
8	458.1190476190476	330.5
9	141.97619047619048	248.38095238095238
10	133.35714285714286	304.4761904761905
11	247.5	
12	376.85714285714283	
