	dmso-het	drug-het
0	215.16666666666666	266.85714285714283
1	294.0	176.3452380952381
2	239.5595238095238	244.13095238095238
3	398.67857142857144	163.16666666666666
4	311.9642857142857	188.71428571428572
5	321.3333333333333	289.1547619047619
6	575.5238095238095	232.76190476190476
7	375.0595238095238	306.5952380952381
8	410.2738095238095	327.95238095238096
9	232.3095238095238	263.32142857142856
10	184.17857142857142	319.60714285714283
11	234.72619047619048	
12	367.9047619047619	
