	dmso-het	drug-het
0	226.85714285714286	256.3095238095238
1	305.57142857142856	171.28571428571428
2	306.23809523809524	267.57142857142856
3	276.2857142857143	177.52380952380952
4	311.54761904761904	172.26190476190476
5	166.66666666666666	297.0238095238095
6	556.0238095238095	240.0
7	401.92857142857144	304.14285714285717
8	362.42857142857144	325.4047619047619
9	322.64285714285717	278.26190476190476
10	235.0	334.73809523809524
11	221.95238095238096	
12	358.95238095238096	
