	dmso-wt	dmso-het
0	62174.88472323574	29007.808434498103
1	39977.52300834404	33476.79885527278
2	40002.85138321815	84799.34217651405
3	53920.91493427226	96787.38256972769
4	59051.195729841806	46713.311922138506
5	52660.869589218266	54467.75186741646
6	110107.67880408811	94841.89536870531
7	95594.62111311624	7551.544508984405
8	39404.00280566408	88637.34059451411
9	132778.57421917323	
10	61333.31345178877	
11	74937.99512132193	
