	dmso-wt	dmso-het
0	0.058470683327465946	0.31162933979447544
1	0.4977292755535687	0.16703725685965398
2	0.15325174331733618	0.35000693264136584
3	0.1093829054724297	0.4737550544825202
4	0.2984069407887561	0.6053133275936748
5	1.522436954098107	0.7582656812772028
6	0.798123180949676	0.21445984423281259
7	0.9224202883686314	0.2673393324322924
8	0.29691418490955535	0.6625307402408944
9	0.28084803586531176	
10	0.14450987477846883	
11	0.32111397989489165	
