	dmso-wt	dmso-het
0	0.08404313554448514	0.2874167750054257
1	0.35480638968910805	0.1286862172190332
2	0.12236069338732362	0.5567028569220386
3	0.09113020460498253	0.4933887402052296
4	0.32526220550935586	0.5472957216008495
5	1.383040548591488	0.7495756111725467
6	0.9472429523045423	0.2246451776723823
7	0.7649248003060478	0.29032949178775663
8	0.29047536165504556	0.7010909680967234
9	0.23642831408578455	
10	0.1857634400617259	
11	0.2913322613956328	
