	dmso-wt	dmso-het
0	0.06999328578686606	0.20731830015562633
1	0.13109848125580434	0.11479499509474726
2	0.11787009833070672	0.2932170446482616
3	0.07770139735772115	0.3038570195769827
4	0.22704479527557414	0.33631351637329393
5	0.8588124010036826	0.49679187638675154
6	0.6407474969952995	0.1969284642399309
7	0.4524592158214669	0.18816596994760829
8	0.18496234590684613	0.3827990365852468
9	0.26595616323782245	
10	0.2790472777354199	
11	0.3432177258333392	
