	dmso-wt	dmso-het
0	0.10109143702249794	0.26378069985421043
1	0.23628497214296998	0.09490077753562916
2	0.09309548819046963	0.7059832466803024
3	0.07242118621584917	0.5104390462275822
4	0.34892041490607467	0.49635343341202726
5	1.2436441430848686	0.7411269319041309
6	1.0739947579561788	0.23404702392429277
7	0.6627655648059936	0.3133196511432209
8	0.2848413913073494	0.7313882899834466
9	0.1965644612067216	
10	0.22802318986408682	
11	0.25824146306312307	
