	dmso-wt	dmso-het
0	1.427340017556298	1.8489329903905414
1	1.9953180038125804	1.962543280066343
2	2.081245217141058	2.496254057500207
3	1.917985150062697	1.608190472462141
4	2.033673089281027	1.855172774676223
5	2.233801025916313	2.5298734394953266
6	2.6534480042218775	1.9252618145485567
7	2.5631850433989656	1.960952562999607
8	2.5062461570335475	1.9677879676379395
9	1.9096004192770164	
10	1.9631715078234147	
11	2.1917020307866344	
