	dmso-wt	dmso-het
0	1.4848524407040573	1.9283262848461655
1	2.15788401564793	1.906678220680628
2	2.201494591487283	2.7180188856405256
3	1.6710279899290152	1.8521007258699196
4	1.7976555152963192	1.8639510321207344
5	2.8801943154550025	2.796399228373334
6	2.3219603791622108	2.220674753317864
7	2.148773829511245	2.2794985950807782
8	2.5519586598112545	2.165666816590949
9	1.7220212100609085	
10	1.825099036960122	
11	2.311863345595288	
