	dmso-het	drug-het
0	9.757464641173389	5.001571503404924
1	14.09612362493452	10.74567836563646
2	8.852802514405449	6.791251964379256
3	12.38947092718701	10.2386066003143
4	18.006809848088004	6.113148245154531
5	7.890256678889471	4.874803562074384
6	7.814038763750655	15.392875851231011
7	8.790728129910947	6.002881089575694
8	12.904924044002096	14.838920900995285
9	20.179413305395496	14.93530644316396
