	dmso-het	drug-het
0	1688.5714285714287	1055.5714285714287
1	1475.7142857142858	1274.0714285714287
2	1177.2857142857142	962.2142857142857
3	1778.142857142857	1210.5714285714287
4	2356.9285714285716	228.0
5	863.7142857142857	371.7857142857143
6	695.7142857142857	1202.5
7	1166.7142857142858	407.57142857142856
8	1200.2142857142858	1093.0
9	1657.5714285714287	1363.4285714285713
