	dmso-het	drug-het
0	17.919047619047618	7.136904761904762
1	20.158333333333335	12.420238095238096
2	13.457142857142857	12.979761904761904
3	21.066666666666666	16.091666666666665
4	27.70952380952381	4.289285714285715
5	15.071428571428571	6.319047619047619
6	12.508333333333333	21.69404761904762
7	14.07857142857143	7.28452380952381
8	16.497619047619047	16.47738095238095
9	29.754761904761907	18.29047619047619
