	dmso-het	drug-het
0	686.4126984126984	584.6825396825396
1	980.047619047619	866.4126984126984
2	786.7777777777778	616.047619047619
3	819.7777777777778	701.3492063492064
4	1220.126984126984	438.6031746031746
5	438.6190476190476	345.63492063492066
6	479.7936507936508	876.1428571428571
7	717.6349206349206	368.6190476190476
8	830.063492063492	881.3174603174604
9	1083.888888888889	850.8253968253969
