	dmso-het	drug-het
0	57.92857142857143	58.07142857142857
1	52.857142857142854	47.07142857142857
2	54.0	38.0
3	58.5	46.357142857142854
4	59.07142857142857	25.5
5	37.0	29.214285714285715
6	32.42857142857143	38.214285714285715
7	56.92857142857143	21.857142857142858
8	47.285714285714285	38.92857142857143
9	46.857142857142854	51.92857142857143
