	dmso-het	drug-het
0	8.7875851231011	4.2283918281822945
1	14.049240440020954	9.128339444735463
2	8.07386066003143	7.935568360398114
3	11.305657412257727	8.330539549502356
4	17.09874279727606	6.34049240440021
5	8.520167627029858	6.869565217391305
6	8.002095337873232	14.216081718177056
7	9.429020429544265	6.387899423782085
8	13.133577789418544	15.004190675746464
9	19.460712414876898	15.085385018334206
