	dmso-het	drug-het
0	57.5	57.142857142857146
1	50.857142857142854	45.57142857142857
2	50.642857142857146	36.142857142857146
3	57.785714285714285	44.07142857142857
4	58.714285714285715	22.857142857142858
5	31.642857142857142	24.857142857142858
6	26.785714285714285	35.92857142857143
7	56.07142857142857	19.785714285714285
8	42.785714285714285	34.857142857142854
9	42.857142857142854	51.0
