	dmso-wt	dmso-het
0	104214.99909299123	41957.50402985406
1	75279.64232443534	48786.84173621713
2	56260.184326380695	191140.66609880127
3	21138.445524633356	168900.35518144208
4	116918.21624682496	50087.70235474269
5	50296.26519808337	57068.23210117745
6	196445.79126906017	184813.77570149724
7	53625.70157089303	11786.2523613615
8	35174.52005549496	198115.38208790089
9	199069.42012562187	
10	61580.44479370496	
11	74447.3213252367	
