	dmso-wt	dmso-het
0	42.38095238095238	88.14285714285714
1	78.5	68.07142857142857
2	50.73809523809524	104.33333333333333
3	24.833333333333332	70.0
4	84.04761904761905	89.07142857142857
5	35.23809523809524	179.5952380952381
6	62.92857142857143	129.33333333333334
7	60.476190476190474	238.76190476190476
8	100.71428571428571	237.5
9	82.0	
10	53.857142857142854	
11	52.976190476190474	
