	dmso-wt	dmso-het
0	130.63502420182982	156.3393829845011
1	187.80983937878392	148.22004209464967
2	158.4192964592985	217.36303928586278
3	163.71459153165702	195.62308549074945
4	195.1144752143356	203.84255327694558
5	353.1445700171592	222.72710950080636
6	288.143183773258	166.84434036610915
7	247.38892463763486	171.77466815968097
8	195.16473927207338	200.74487842619234
9	163.8080094267597	
10	159.08988488928654	
11	177.44643478381394	
