	dmso-wt	dmso-het
0	0.081516659156618	0.23281892811497062
1	0.13284296488473793	0.12294090535698067
2	0.1438643026285002	0.33999644993174793
3	0.08881213350155888	0.4326382693252976
4	0.26728117344101626	0.3480914224362628
5	0.8958220606294753	0.5788191372601988
6	0.6884139315229351	0.23108219722714599
7	0.564378967544278	0.23094119369557387
8	0.22459005462599416	0.44125495010693966
9	0.3213794649395886	
10	0.3372955971716377	
11	0.39789734725440684	
