	dmso-wt	dmso-het
0	0.8333333333333334	1.2142857142857142
1	1.5714285714285714	2.0
2	1.8571428571428572	1.0476190476190477
3	2.1666666666666665	1.3095238095238095
4	1.7380952380952381	0.9523809523809523
5	2.1666666666666665	1.0714285714285714
6	1.4523809523809523	1.2857142857142858
7	1.2142857142857142	1.2619047619047619
8	0.9761904761904762	0.6666666666666666
9	1.2142857142857142	
10	2.2857142857142856	
11	1.5	
