	dmso-wt	dmso-het
0	214.8698768672924	281.20940491703396
1	341.7448623302412	268.29533323323807
2	313.65699174039935	509.31293693342144
3	293.74521904215874	363.808602550377
4	363.30704809156657	339.04409866533683
5	1252.1718580720803	791.2943465257738
6	649.3968970825504	355.4999845141574
7	736.8518653803742	420.5912629814456
8	510.5115310753822	458.4272944766032
9	274.3329078100363	
10	313.8259075993095	
11	397.9844339871134	
