	dmso-wt	dmso-het
0	179.14886313872654	298.7664818365744
1	456.05290437653156	321.618644168874
2	332.1588629853888	669.2301069541885
3	276.81094807438006	457.2863624396884
4	392.5313163505906	399.72087986732333
5	1096.623353912092	593.441473291563
6	912.1048705141609	392.3913244681563
7	534.7989014703859	357.63542871486936
8	463.8838921555153	403.75375484080985
9	343.47872930701215	
10	338.6692736528522	
11	374.2713877932482	
