	dmso-wt	dmso-het
0	203.37780297003636	292.16109165574716
1	396.5372821551399	286.72553456694726
2	340.7786395884805	636.8464520073716
3	285.3260853448353	377.1818449816806
4	371.94812472194997	377.6173047019536
5	1240.3669964008761	731.3826755663148
6	741.4657591640408	358.2516667413421
7	679.4013898310242	387.9475282406033
8	488.189265152029	449.0055009933886
9	297.5315223926622	
10	323.79968702838573	
11	391.1304544789644	
