	dmso-wt	dmso-het
0	134.58422854231745	154.8305609017595
1	179.37850538443652	146.57882922251977
2	151.39644313708834	208.87058700897882
3	160.81032067562316	191.7837083002687
4	189.9908888800203	201.22209483216287
5	352.62082988678526	223.48562281383514
6	275.7250103795802	161.0594020211256
7	267.94030771413	174.51748020557673
8	191.45993031017377	213.9702407193795
9	161.38264214787344	
10	166.90965133671529	
11	175.84020043483278	
