	dmso-wt	dmso-het
0	1736.642857142857	1240.4285714285713
1	394.5	1701.0
2	658.0714285714286	1356.9285714285713
3	427.64285714285717	2359.0714285714284
4	983.2857142857143	1840.4285714285713
5	711.8571428571429	1915.857142857143
6	1415.142857142857	3424.4285714285716
7	768.3571428571429	2195.3571428571427
8	575.5714285714286	2419.0714285714284
9	1416.0	1349.857142857143
10	636.4285714285714	1064.0
11	647.2142857142857	1383.5714285714287
12	392.14285714285717	2140.0
13	1510.857142857143	
