	dmso-het	drug-het
0	567.1428571428571	284.57142857142856
1	751.5714285714286	260.14285714285717
2	275.7142857142857	598.0
3	604.4285714285714	282.57142857142856
4	564.7142857142857	175.85714285714286
5	455.85714285714283	93.28571428571429
6	293.2857142857143	317.85714285714283
7	607.7142857142857	171.28571428571428
8	282.0	699.7142857142857
9	728.7142857142857	611.8571428571429
10		770.1428571428571
