	dmso-het	drug-het
0	391.7142857142857	285.57142857142856
1	519.0	370.85714285714283
2	303.0	387.14285714285717
3	556.5714285714286	228.28571428571428
4	912.2857142857143	178.71428571428572
5	682.2857142857143	394.0
6	517.0	411.7142857142857
7	667.7142857142857	468.14285714285717
8	221.28571428571428	836.1428571428571
9	790.1428571428571	629.4285714285714
10		620.2857142857143
