	dmso-het	drug-het
0	49317.331871202536	44160.71331906889
1	7104.896213491468	28994.92584777793
2	34965.45571568982	29314.705620330446
3	15177.176226821113	25370.264801342197
4	15774.398312085928	16359.058236827283
5	16982.616726826156	25513.03585533587
6	19388.82597949989	8424.695605529252
7	13513.674043227624	24801.792858101984
8	14510.143736524296	7824.188058133163
9	11291.460529601734	9270.341321991218
