	dmso-het	drug-het
0	247.2413792780641	156.9791398011454
1	185.5287760796826	174.65692332336081
2	170.94315522243122	191.49549513519602
3	198.8003898881394	185.62271460088604
4	184.88738404230594	205.20308641025034
5	248.4055729869825	235.3945900001881
6	201.71919395342297	260.2433806854719
7	204.41068204068762	254.23767901291876
8	203.07101628954783	201.79195354300074
9	212.4344146871125	223.96444137743015
