	dmso-het	drug-het
0	4.142857142857143	14.357142857142858
1	8.571428571428571	10.357142857142858
2	11.785714285714286	7.428571428571429
3	7.071428571428571	11.0
4	1.4285714285714286	10.714285714285714
5	5.285714285714286	11.571428571428571
6	7.214285714285714	8.785714285714286
7	5.714285714285714	6.642857142857143
8	7.285714285714286	9.214285714285714
9	5.642857142857143	4.571428571428571
