	dmso-het	drug-het
0	1.2139153665373077	1.104088088546233
1	1.3754210085825913	1.117342695432629
2	1.0734612889552504	1.1860394543266015
3	1.3923556507709978	1.4792673069416569
4	1.3596723730787441	1.380448297522003
5	1.4218399372859165	1.3009155226460034
6	1.347411276483517	1.4793407687183933
7	1.5475286086390592	1.5010160649253972
8	1.3194605021320984	1.4426121439114872
9	1.3299567220619588	1.3544994562212322
