	dmso-het	drug-het
0	0.16666666666666666	2.1666666666666665
1	1.1428571428571428	1.4761904761904763
2	2.1666666666666665	1.4047619047619047
3	0.8571428571428571	1.3571428571428572
4	0.16666666666666666	1.619047619047619
5	0.6666666666666666	1.9047619047619047
6	1.0	0.8809523809523809
7	1.6428571428571428	1.3333333333333333
8	1.0	1.4285714285714286
9	0.6904761904761905	0.6428571428571429
