	dmso-het	drug-het
0	9.380952380952381	9.857142857142858
1	9.30952380952381	7.333333333333333
2	8.952380952380953	7.214285714285714
3	9.857142857142858	8.523809523809524
4	9.976190476190476	4.4523809523809526
5	6.119047619047619	3.9523809523809526
6	4.4523809523809526	6.214285714285714
7	9.976190476190476	3.380952380952381
8	7.809523809523809	7.619047619047619
9	7.142857142857143	10.0
