	dmso-het	drug-het
0	1438.2857142857142	1254.0
1	1580.5714285714287	1165.2857142857142
2	1783.2857142857142	1435.857142857143
3	1938.5714285714287	1201.0
4	2725.5714285714284	160.0
5	898.0	218.0
6	509.85714285714283	780.7142857142857
7	1536.7142857142858	457.14285714285717
8	1245.2857142857142	1469.2857142857142
9	1364.857142857143	2538.5714285714284
