	dmso-het	drug-het
0	1.544502617801047	2.4712041884816753
1	1.698952879581152	1.8193717277486912
2	2.0392670157068062	1.638743455497382
3	1.725130890052356	2.089005235602094
4	1.3429319371727748	1.931937172774869
5	1.7094240837696335	1.675392670157068
6	1.6884816753926701	1.5916230366492146
7	1.2853403141361257	1.743455497382199
8	1.5261780104712042	1.9476439790575917
9	1.4136125654450262	1.5078534031413613
