	dmso-het	drug-het
0	6.701570680628272	7.87696335078534
1	8.12303664921466	6.604712041884817
2	7.62565445026178	6.806282722513089
3	8.06282722513089	7.0811518324607325
4	7.62565445026178	6.62565445026178
5	5.7565445026178015	5.447643979057592
6	6.439790575916231	7.397905759162303
7	8.06806282722513	5.43717277486911
8	7.732984293193717	7.939790575916231
9	7.662303664921466	7.719895287958115
