	dmso-het	drug-het
0	194.00912857114275	163.02212924718077
1	200.10071346285105	193.61469283528373
2	182.60890647852315	204.04083531025557
3	172.2900652960795	184.4982426988634
4	176.04876030536624	243.20977572499106
5	222.11157699589052	215.85421542210935
6	198.42226835012463	195.1326463312765
7	242.75680494953704	221.7791983255188
8	192.81566674633814	185.31025231563652
9	208.8368340589277	198.80234339226942
