	dmso-het	drug-het
0	1.4633333333333334	1.7183333333333333
1	10.456666666666667	1.6
2	1.5266666666666666	1.3266666666666667
3	5.006666666666667	2.658333333333333
4	3.0383333333333336	4.905
5	4.243333333333333	4.01
6	2.433333333333333	7.546666666666667
7	3.3216666666666668	3.6616666666666666
8	5.968333333333334	5.721666666666667
9	8.6	10.373333333333333
