	dmso-het	drug-het
0	9.654761904761905	9.678571428571429
1	8.80952380952381	7.845238095238095
2	9.0	6.333333333333333
3	9.75	7.726190476190476
4	9.845238095238095	4.25
5	6.166666666666667	4.869047619047619
6	5.404761904761905	6.369047619047619
7	9.488095238095237	3.642857142857143
8	7.880952380952381	6.488095238095238
9	7.809523809523809	8.654761904761905
