	dmso-het	drug-het
0	0.8896515046345476	0.9135603274640886
1	0.9331887959718862	0.7743306153984864
2	0.6935177971537649	0.8427449455805577
3	0.8911927983976731	0.8930587546055744
4	0.9472751423726363	1.1361451682284565
5	1.0416980327874232	0.8963498924220732
6	0.8321171380996166	1.0324177419139748
7	1.3393751331015207	0.9153506481804853
8	1.0578558804249087	0.9355944833212255
9	0.9410047299703872	0.8583445006375704
