	dmso-het	drug-het
0	835.952380952381	673.6825396825396
1	1178.4285714285713	1034.4603174603174
2	1019.9047619047619	924.7460317460317
3	984.2063492063492	797.2698412698413
4	1481.4285714285713	532.047619047619
5	548.9047619047619	471.4761904761905
6	640.2380952380952	1031.888888888889
7	860.031746031746	434.968253968254
8	978.2857142857143	1013.3174603174604
9	1261.3492063492063	1078.3333333333333
