	dmso-het	drug-het
0	46.30952380952381	28.192857142857143
1	33.04047619047619	31.947619047619046
2	22.392857142857142	16.00952380952381
3	37.48095238095238	25.75952380952381
4	52.54761904761905	6.1
5	19.645238095238096	10.269047619047619
6	20.133333333333333	29.080952380952382
7	19.538095238095238	8.10952380952381
8	27.485714285714284	14.954761904761904
9	39.945238095238096	26.83809523809524
