	dmso-het	drug-het
0	1071.642857142857	430.2142857142857
1	1208.9285714285713	744.0714285714286
2	807.3571428571429	776.7857142857143
3	1263.9285714285713	965.2142857142857
4	1652.9285714285713	267.7857142857143
5	914.2142857142857	408.92857142857144
6	751.0	1305.5714285714287
7	837.8571428571429	437.64285714285717
8	992.0714285714286	991.0
9	1781.642857142857	1095.642857142857
