	dmso-het	drug-het
0	4088.1030204938825	18002.713432539535
1	4686.584770598188	9759.786602456837
2	5028.970411139807	5260.193628981067
3	4413.920549109281	6127.715530544597
4	2754.3771555523604	29335.107290358348
5	7048.692674954084	18615.27265901122
6	25874.57242381156	7464.733802558668
7	3736.6438849772394	12278.109272467584
8	3686.2329115737957	3049.7251579055446
9	4206.2875460886335	2945.0559160825683
