	dmso-het	drug-het
0	0.9803067290795962	0.9434277602632914
1	0.9675653439886046	0.8127831092488945
2	0.7064935443058636	0.8085469280533182
3	0.9872563456787422	0.9908719201711911
4	1.0387480568102059	1.2227062847892827
5	1.166908583485023	0.9902086607488396
6	0.9823360853750345	1.103971009818492
7	1.4911021695881108	1.1593098729756623
8	1.1183985349089667	1.0122970940998497
9	0.9274126813558219	0.9039091475120706
