	dmso-het	drug-het
0	0.1427442823186054	0.0890954764008612
1	0.20971327693935332	0.08440215975844824
2	0.09543458521649303	0.12171383340410094
3	0.18243215937798304	0.14273019935178816
4	0.12509133741402004	0.5137613335246086
5	0.464593940053004	0.2302180370245764
6	0.3144786889541757	0.2025881103322586
7	0.244677636970406	0.37554736788897863
8	0.22016914191494222	0.18810210095022786
9	0.37950838329635767	0.1951059322743413
