	dmso-het	drug-het
0	2078.785714285714	1462.7857142857142
1	1781.5	1526.0714285714287
2	1547.0714285714287	1187.5
3	2084.285714285714	1350.2857142857142
4	2906.4285714285716	273.5
5	1048.7857142857142	445.85714285714283
6	859.0	1246.357142857143
7	1340.7142857142858	470.35714285714283
8	1439.7857142857142	1176.7142857142858
9	1856.0714285714287	2055.5
