	dmso-het	drug-het
0	2064.0	1143.5
1	1695.0714285714287	1460.357142857143
2	1396.857142857143	1156.0714285714287
3	2012.5714285714287	1280.7142857142858
4	2887.4285714285716	264.14285714285717
5	1028.5714285714287	428.85714285714283
6	840.2857142857143	1233.142857142857
7	1330.357142857143	461.92857142857144
8	1394.857142857143	1152.0714285714287
9	1822.642857142857	1946.5714285714287
