	dmso-het	drug-het
0	172.33571730540814	151.57868487701342
1	190.123340670882	148.5363837871974
2	127.67615954821866	174.63014403526617
3	150.9443416348703	165.47847438250065
4	177.39788978048227	286.937086283208
5	246.34388969889807	206.84440154989576
6	185.4315020845249	195.48077678171947
7	322.0772435232274	218.7231072634329
8	210.78666468435065	176.27592533054298
9	196.8901469305914	180.4721628411944
