	dmso-het	drug-het
0	40.01587301587302	47.12698412698413
1	48.666666666666664	39.41269841269841
2	45.6031746031746	40.65079365079365
3	48.285714285714285	42.38095238095238
4	45.73015873015873	39.57142857142857
5	34.317460317460316	32.714285714285715
6	38.65079365079365	44.26984126984127
7	48.285714285714285	32.38095238095238
8	46.25396825396825	47.79365079365079
9	45.82539682539682	46.333333333333336
