	dmso-het	drug-het
0	10.166666666666666	9.833333333333334
1	83.7	12.3
2	10.216666666666667	9.483333333333333
3	40.46666666666667	22.35
4	23.816666666666666	41.81666666666667
5	35.833333333333336	29.483333333333334
6	21.2	62.9
7	30.3	34.2
8	48.88333333333333	46.63333333333333
9	77.51666666666667	88.36666666666666
