	dmso-het	drug-het
0	254.50134820603486	177.27810773253208
1	212.32611922400915	170.0695841868343
2	190.64111049335756	196.61904149712655
3	200.20374780883137	228.2776942510718
4	218.410276690607	412.7797688705045
5	306.471834244603	464.25580454167994
6	280.0416462803675	511.2526660762997
7	237.4897543163273	358.138033329932
8	250.93836474227578	247.7778842986392
9	231.34407102906675	263.93460722535224
