	dmso-het	drug-het
0	1.1925183311262597	1.1416454358498884
1	1.3347186271033995	1.1170546105316572
2	1.0709877076743237	1.1592254815730518
3	1.3553125845094895	1.398539125761912
4	1.3521549955776122	1.4158924196504343
5	1.36655805774488	1.2555627965424774
6	1.1543664679372152	1.4641980369841257
7	1.5046689109158569	1.4521703840802829
8	1.2809594749718287	1.432592145976157
9	1.2496977624338914	1.3646290894160553
