	dmso-het	drug-het
0	198.83530463749625	157.63558859084628
1	245.03272226836165	166.54720490391114
2	178.11171116766695	230.579833964254
3	227.09684889386295	256.7434119899436
4	228.31760871945062	360.34673552465966
5	311.2916523798464	344.08453652766514
6	249.51010271039377	416.1091647921941
7	272.9406987160207	464.0969523597395
8	229.68878677576612	240.8842602483251
9	253.9389323645179	242.77410057628794
