	dmso-het	drug-het
0	2714.4285714285716	1453.142857142857
1	1947.7142857142858	1817.0
2	1186.7142857142858	923.2857142857143
3	2204.285714285714	1458.4285714285713
4	3084.8571428571427	375.7142857142857
5	1181.4285714285713	653.5714285714286
6	1192.0	1707.2857142857142
7	1127.857142857143	475.0
8	1602.142857142857	865.4285714285714
9	2327.285714285714	1528.5714285714287
