	dmso-het	drug-het
0	1.187644590254108	1.1843497666571834
1	1.3020206139240713	1.1357232225436427
2	1.100989156710328	1.141641266557721
3	1.3397337862956264	1.3501155984127078
4	1.3471721031181307	1.3033253615137996
5	1.3788366716091882	1.2350071428991882
6	1.1344445883111782	1.4591499215228265
7	1.4509805512634881	1.3525083289154907
8	1.296826711595838	1.4526620602687659
9	1.2119381992714884	1.3816296144617368
