	dmso-het	drug-het
0	1.9033333333333333	1.38
1	4.525	1.4516666666666667
2	1.4683333333333333	3.2716666666666665
3	1.2033333333333334	1.445
4	2.5383333333333336	4.003333333333333
5	1.8833333333333333	3.6083333333333334
6	4.961666666666667	1.8766666666666667
7	4.84	1.3566666666666667
8	4.131666666666667	3.296666666666667
9	1.1666666666666667	2.0383333333333336
10	3.4433333333333334	4.18
11	1.1233333333333333	
12	5.003333333333333	
13	2.4433333333333334	
14	4.255	
15	5.998333333333333	
