	dmso-wt	dmso-het
0	958.828125	759.984375
1	1064.234375	810.390625
2	375.46875	1256.953125
3	469.921875	830.71875
4	528.546875	1198.671875
5	423.5625	1131.765625
6	705.296875	973.265625
7	312.15625	1342.390625
8	905.015625	978.65625
9	727.890625	512.09375
10	1190.859375	
