	dmso-wt	dmso-het
0	198.9343801864921	153.0069641188454
1	155.97853172344537	161.31308168106995
2	194.3280239264282	209.8496271864288
3	175.32566179643246	163.53882011272637
4	226.9351342228223	210.81718444719965
5	235.741233863855	239.6126256348722
6	288.2793929197805	237.16121501857378
7	169.2304526207792	267.5592502663746
8	215.57082944289795	299.71295461577574
9	170.08615861533858	416.9503905535904
10	281.4525195559072	
