	dmso-wt	dmso-het
0	6.501312335958005	7.191601049868766
1	6.2362204724409445	7.574803149606299
2	5.666666666666667	6.666666666666667
3	5.9763779527559056	6.409448818897638
4	5.425196850393701	7.039370078740157
5	5.58005249343832	8.36745406824147
6	6.173228346456693	6.908136482939632
7	5.322834645669292	7.482939632545932
8	7.532808398950131	7.650918635170604
9	6.7795275590551185	5.83989501312336
10	6.847769028871391	
