	dmso-wt	dmso-het
0	47.285714285714285	57.42857142857143
1	45.142857142857146	45.42857142857143
2	40.57142857142857	46.57142857142857
3	35.0	35.0
4	38.285714285714285	46.285714285714285
5	41.57142857142857	45.0
6	42.285714285714285	54.0
7	28.142857142857142	52.42857142857143
8	46.142857142857146	58.0
9	51.857142857142854	54.142857142857146
10	45.42857142857143	
