	dmso-wt	dmso-het
0	1486.5714285714287	2420.1428571428573
1	1425.0	1343.2857142857142
2	525.4285714285714	2141.285714285714
3	629.5714285714286	1245.2857142857142
4	877.7142857142857	2063.285714285714
5	586.4285714285714	1410.5714285714287
6	637.8571428571429	1710.142857142857
7	343.7142857142857	1501.857142857143
8	1569.5714285714287	2058.1428571428573
9	1031.4285714285713	1153.4285714285713
10	1592.4285714285713	
