	dmso-wt	dmso-het
0	303120.9467570346	107357.67529061121
1	248385.5572611019	148228.95925455578
2	404459.6854759787	251022.59572796727
3	315787.3413267789	110450.44733626524
4	432821.9989559802	105890.8687753114
5	134028.36108503494	25285.25164571027
6	296271.274881998	63470.5490910149
7	172416.71289601552	79366.18134082788
8	68500.0788505994	40618.444170705305
9	324893.6825458985	28651.381346570335
10	145452.14885761664	
