	dmso-wt	dmso-het
0	980.484375	814.578125
1	1075.15625	887.75
2	406.96875	1271.21875
3	488.671875	845.8125
4	551.109375	1206.171875
5	433.265625	1145.75
6	715.65625	985.65625
7	332.171875	1358.328125
8	915.21875	992.125
9	739.515625	519.5
10	1194.171875	
