	dmso-wt	dmso-het
0	7.03125	13.265625
1	6.671875	11.671875
2	9.71875	4.359375
3	9.734375	10.921875
4	8.328125	6.328125
5	11.4375	9.328125
6	10.328125	9.0625
7	13.21875	8.609375
8	10.328125	9.453125
9	9.609375	10.203125
10	7.46875	
