	dmso-wt	dmso-het
0	186.1552462984057	167.28973190183325
1	197.02851270959565	170.36427560690203
2	171.41428995986286	201.3408885809268
3	179.801385645015	199.25468800456517
4	188.5332822302071	198.60542559079306
5	211.0745450121393	217.83006152746523
6	251.09480513398546	241.1227412611321
7	203.10686032082208	226.7045402601558
8	206.89579490303066	254.01598332275702
9	188.08937815802508	261.6890821576438
10	249.42309695451095	
