	dmso-wt	dmso-het
0	1.0993086579475784	0.9098014973562677
1	0.7378821702551037	0.904865590487649
2	1.1517395489274622	0.9611710081285685
3	0.9956353097530467	0.8812953773512611
4	1.1225176132182997	1.1634027410433783
5	0.9622567703515553	1.1142054664967815
6	1.0433903005153988	1.006175346817399
7	0.9272627163682257	1.1968925082980468
8	1.0441460739415556	1.1810405252979728
9	0.9233638791368375	1.430519895710916
10	1.1770591133114023	
