	dmso-wt	dmso-het
0	1.2723336099092857	1.1551051824829248
1	1.2081415754537383	1.214090326028904
2	1.2767104496819306	1.2253101051504958
3	1.1319061713891676	1.36314312800972
4	1.1941675408116252	1.364811864513886
5	1.3952678332371378	1.462458840975041
6	1.42664073302496	1.4863619251079587
7	1.5464551316464028	1.608318758686513
8	1.5088689701779592	1.2733720245096158
9	1.4622641407931114	1.5252217344405055
10	1.3169361315439556	
