	dmso-wt	dmso-het
0	1735.9285714285713	2335.8571428571427
1	2190.714285714286	1468.7857142857142
2	463.7857142857143	1886.5
3	708.7142857142857	2056.714285714286
4	803.4285714285714	2216.0714285714284
5	498.7857142857143	2236.0714285714284
6	776.6428571428571	1726.2857142857142
7	278.7857142857143	1835.5714285714287
8	1855.2857142857142	1983.142857142857
9	1363.357142857143	1010.0714285714286
10	2094.4285714285716	
