	dmso-wt	dmso-het
0	1774.0	2449.214285714286
1	2199.1428571428573	1564.9285714285713
2	487.85714285714283	1899.142857142857
3	720.6428571428571	2067.714285714286
4	834.5714285714286	2227.9285714285716
5	510.07142857142856	2246.285714285714
6	789.1428571428571	1745.357142857143
7	297.7142857142857	1888.7142857142858
8	1866.857142857143	1993.642857142857
9	1389.642857142857	1017.0714285714286
10	2098.9285714285716	
