	dmso-wt	dmso-het
0	217.12965586055503	181.57092587014458
1	201.42161186963583	171.349652670087
2	237.33854726743309	211.83003267662934
3	259.4696042302151	250.13093258181001
4	252.00593192279413	238.92441779803767
5	314.4588166858431	292.638105056672
6	389.0877236395149	302.44368112196497
7	290.3817420457309	311.04477947008616
8	286.5170320936577	212.08540235888913
9	257.1729544153663	441.7653306561726
10	275.2133983048411	
