	dmso-wt	dmso-het
0	9.904761904761905	10.0
1	10.0	9.928571428571429
2	6.0	6.857142857142857
3	5.523809523809524	9.19047619047619
4	5.857142857142857	9.952380952380953
5	4.928571428571429	9.857142857142858
6	6.261904761904762	8.0
7	5.333333333333333	9.595238095238095
8	9.666666666666666	10.0
9	9.80952380952381	7.642857142857143
10	9.928571428571429	
