	dmso-wt	dmso-het
0	77136.2391544825	27239.501372249815
1	88539.66712084055	25801.518252069975
2	146644.2003210723	66392.26528136115
3	73380.25441135583	29892.455503914978
4	214157.96237629527	21178.827183187546
5	42057.89394328686	8806.389278301653
6	97221.3340905377	29611.556276362866
7	47346.34154278401	20173.127182218355
8	21282.75412754861	16450.972665677036
9	47347.476236359274	26086.596118334164
10	34538.04138512099	
