	dmso-wt	dmso-het
0	0.2390998761315108	0.31342704491024
1	0.30746026116625264	0.17551198609237506
2	0.3022672693578537	0.532014591750518
3	0.5822162790360585	0.7931257378823987
4	0.5038521772843789	0.6122351857226885
5	0.4837762356645023	0.8929899502137321
6	1.1726960419960186	0.9703763363425628
7	0.39921146321858614	0.7913881105547771
8	0.6390403985885239	0.38998029160945835
9	0.4333364063456805	1.7871013423028526
10	0.7655537863283887	
