	dmso-wt	dmso-het
0	0.19494633090592847	0.16591249161994384
1	0.21423572735456664	0.15332691554453556
2	0.17187017051856296	0.33964571091626966
3	0.21537482935429525	0.8513639004188048
4	0.3209988553058096	0.3698360279527177
5	0.6189150505939944	0.5131123181669063
6	0.6330692022795407	0.5086886101325055
7	0.33556956827419976	0.47265979257439833
8	0.4657186619488686	0.40355391640588784
9	0.5163800272509114	1.0018526914225387
10	0.5202084203436521	
