	dmso-wt	dmso-het
0	38.921875	43.125
1	37.125	45.234375
2	34.15625	39.859375
3	35.578125	38.25
4	32.296875	42.09375
5	33.640625	49.9375
6	36.921875	41.296875
7	31.9375	44.90625
8	45.171875	45.859375
9	40.796875	34.9375
10	41.109375	
