	dmso-wt	dmso-het
0	59.42857142857143	60.0
1	60.0	59.57142857142857
2	36.42857142857143	43.285714285714285
3	33.142857142857146	53.714285714285715
4	37.42857142857143	59.714285714285715
5	30.714285714285715	58.57142857142857
6	39.0	50.42857142857143
7	31.285714285714285	58.142857142857146
8	56.714285714285715	60.0
9	58.57142857142857	46.42857142857143
10	59.857142857142854	
