	dmso-wt	dmso-het
0	0.231685169617342	0.12612861530092145
1	0.1484080201300792	0.14226856934770363
2	0.16055795154104924	0.4212743929101238
3	0.1313437745997312	0.23907123472541464
4	0.133921948449602	0.36767566735607204
5	0.3140945405268522	0.24434597071318506
6	0.8535193025586214	0.5963147067075697
7	0.2916773341470495	0.373960487981479
8	0.24814554280936602	0.2301638951231466
9	0.4253861094540682	0.5596236956787382
10	0.5097137176191265	
