	dmso-wt	dmso-het
0	4789.001876562158	4834.387888591287
1	2289.24763451281	8870.01549548707
2	26401.356300584266	14481.729732458134
3	51929.82654614293	4038.5684006632223
4	86347.46849264155	2762.879457207298
5	206932.5057473417	1445.3209477483038
6	26706.997336279062	7233.9058839605195
7	50645.42475242817	4967.934097040525
8	2653.683457510353	3512.3556441227097
9	3866.6157350103244	8254.73109955197
10	2251.3149839383946	
