ligand,ddg_rank,ddg_percentile,interaction_rank,interaction_percentile,real_motif_count_rank,real_motif_count_percentile,real_motif_ratio_rank,real_motif_ratio_percentile,
Z31269192,93,0.010005379236148467,9,0.0009682625067240452,141,0.015169445938676708,156,0.016783216783216783,
Z26395449,103,0.01108122646584185,159,0.017105970952124797,1,0.00010758472296933836,156,0.016783216783216783,
Z240678214,172,0.0185045723507262,1286,0.13835395373856912,25,0.0026896180742334587,97,0.010435718128025821,
Z26395518,196,0.021086605701990318,1286,0.13835395373856912,1,0.00010758472296933836,156,0.016783216783216783,
Z254577874,629,0.06767079074771383,159,0.017105970952124797,25,0.0026896180742334587,1,0.00010758472296933836,
Z32440384,669,0.07197417966648736,1286,0.13835395373856912,1,0.00010758472296933836,97,0.010435718128025821,
Z26395441,871,0.0937062937062937,1286,0.13835395373856912,25,0.0026896180742334587,97,0.010435718128025821,
Z26395442,1093,0.11759010220548682,1286,0.13835395373856912,25,0.0026896180742334587,1,0.00010758472296933836,
Z26395438,1322,0.1422270037654653,1286,0.13835395373856912,25,0.0026896180742334587,1,0.00010758472296933836,
