	dmso-wt	drug-wt
0	275.7142857142857	471.42857142857144
1	656.1428571428571	974.0
2	387.2857142857143	715.2857142857143
3	395.57142857142856	1140.857142857143
4	464.57142857142856	202.28571428571428
5	346.7142857142857	818.7142857142857
6	310.42857142857144	718.0
7	631.8571428571429	775.8571428571429
8	1021.1428571428571	728.7142857142857
9	555.2857142857143	1063.7142857142858
10		1022.1428571428571
11		1158.7142857142858
