	dmso-wt	drug-wt
0	95973.97790865034	44738.04721780617
1	191694.8544616998	29101.35243391591
2	97548.7195378209	30371.12967613426
3	82327.84384102769	11309.518542693928
4	104861.48043583648	19581.451808306218
5	45821.39450145217	12547.406969172449
6	89266.65429812533	8311.975522384873
7	45599.37110434104	38424.76269517558
8	98344.31650569354	9387.528705252671
9	39322.018855310176	7942.9373522492
10		8567.74872663238
11		8693.75920380106
