	dmso-wt	drug-wt
0	14400.553893795299	9230.310122152534
1	149279.54524120543	5134.236469890142
2	19490.114973746622	57684.883428603294
3	20827.640808766333	6412.413346789685
4	9294.457682020688	8972.614425585105
5	24730.92334625182	3933.234122786875
6	38730.69486275183	3584.0838393832523
7	8411.381635864962	4993.6477767496235
8	5580.773149806723	7659.634636569847
9	12613.73148582348	4695.079849286291
10		5392.933924433207
11		6816.622468697118
