	dmso-wt	drug-wt
0	646.859375	666.90625
1	296.0625	741.6875
2	186.328125	1011.078125
3	484.515625	738.3125
4	787.265625	939.609375
5	507.03125	954.96875
6	453.296875	1323.140625
7	857.875	727.59375
8	809.484375	929.765625
9	927.46875	1234.21875
10		1613.859375
11		1281.21875
