	dmso-wt	drug-wt
0	0.22959413288676142	0.18203353420459484
1	0.49335764824322165	0.5849856115408328
2	0.6590414887724761	0.3992657036290845
3	0.568965436097055	0.6013293817050337
4	0.3428692568359348	0.26113259328376787
5	0.5381458203592773	0.9521702886528114
6	0.8275800848697045	0.7844703668612437
7	0.30679559881011864	0.838111428362694
8	0.45929458598780204	0.6629064059349323
9	0.37703002806163516	0.787711039255354
10		0.3554540577846436
11		0.49153049400558146
