	dmso-wt	drug-wt
0	992.5714285714286	1403.2857142857142
1	506.85714285714283	900.0
2	274.57142857142856	187.0
3	430.57142857142856	878.8571428571429
4	1586.2857142857142	714.5714285714286
5	584.0	1142.5714285714287
6	577.4285714285714	1997.5714285714287
7	897.1428571428571	1085.4285714285713
8	1252.7142857142858	763.7142857142857
9	1148.4285714285713	1258.142857142857
10		2381.0
11		1429.5714285714287
