	dmso-wt	drug-wt
0	5.792650918635171	8.00262467191601
1	3.8451443569553807	8.606299212598426
2	4.963254593175853	7.971128608923885
3	6.133858267716535	7.10498687664042
4	5.803149606299213	8.569553805774278
5	6.7795275590551185	8.866141732283465
6	6.771653543307087	9.763779527559056
7	8.94488188976378	8.409448818897637
8	9.283464566929133	9.36745406824147
9	9.79002624671916	9.343832020997375
10		9.968503937007874
11		9.913385826771654
