	dmso-wt	drug-wt
0	4.976190476190476	9.880952380952381
1	7.071428571428571	7.666666666666667
2	8.261904761904763	9.333333333333334
3	7.095238095238095	5.190476190476191
4	6.0476190476190474	6.214285714285714
5	6.380952380952381	8.380952380952381
6	4.785714285714286	9.452380952380953
7	9.452380952380953	9.666666666666666
8	9.761904761904763	9.285714285714286
9	9.976190476190476	8.285714285714286
10		10.0
11		9.857142857142858
