	dmso-wt	drug-wt
0	1.062402779150404	0.968919504296067
1	1.0296505721688796	1.1578455121890756
2	1.010273602088528	1.129509077424626
3	0.844583374284087	1.222378963692537
4	1.2830301790228487	1.1362101210789395
5	1.0725929713054851	1.262082827831549
6	1.1351094584627202	1.2730255740905003
7	0.9283287960788327	1.1882721096028062
8	1.1093702289844511	1.1244288586406217
9	1.56783875549786	1.0992735614622289
10		0.9211579665435589
11		1.0487541374366605
