	dmso-wt	drug-wt
0	245852.56849981565	15083.582745569232
1	303057.536000804	120849.91801587757
2	143214.58130023276	15861.802120622062
3	122085.4758169978	7236.944193845147
4	413005.65323762654	40705.26191990358
5	74630.98213780437	5583.036827422861
6	95214.52450854353	8272.488963960615
7	126960.48943044149	14546.16827436982
8	322484.5713437461	10780.511337922411
9	122933.43206274995	8444.912724390886
10		10332.264307439451
11		6749.007617402051
