	dmso-wt	drug-wt
0	1.2142857142857142	1.6428571428571428
1	1.3571428571428572	2.3095238095238093
2	2.0	0.9285714285714286
3	2.142857142857143	1.5714285714285714
4	1.3333333333333333	2.0238095238095237
5	1.9047619047619047	1.5
6	1.1428571428571428	0.6904761904761905
7	2.0238095238095237	2.119047619047619
8	2.0476190476190474	1.7619047619047619
9	2.3333333333333335	1.4761904761904763
10		0.2857142857142857
11		0.8809523809523809
