	dmso-wt	drug-wt
0	0.14284303039976118	0.16806972546950047
1	0.5484065304970847	0.537910494116725
2	0.5475605159711504	0.26396985422672054
3	0.3810468653828315	0.5466558155129612
4	0.3052421981822476	0.15555634864298556
5	0.43704021191061637	0.9752714853127016
6	0.9581188489779997	0.760449402251456
7	0.2793518259236627	0.6897443447531674
8	0.3873532666829528	0.5280824378166707
9	0.282718336236407	0.8893613988450421
10		0.38660963219186284
11		0.5659446573036174
