	dmso-wt	drug-wt
0	169.2997577312808	154.61578940632344
1	188.4657054121885	185.84196909074365
2	197.30482552628624	164.22064552323806
3	202.31335582120028	188.1789791866295
4	161.57981532379978	176.16100318329822
5	175.8441448837057	202.8007436665032
6	213.49308238318224	220.48695264682664
7	172.87202010238371	181.77167750139608
8	150.72573947082932	182.1961732168171
9	152.7365811190216	175.00881923834058
10		164.86771610744435
11		157.91321942862882
