	dmso-wt	drug-wt
0	5.761904761904762	9.976190476190476
1	4.142857142857143	8.547619047619047
2	6.166666666666667	2.7142857142857144
3	6.642857142857143	5.785714285714286
4	8.714285714285714	8.047619047619047
5	6.928571428571429	8.904761904761905
6	7.261904761904762	10.0
7	9.476190476190476	9.380952380952381
8	9.928571428571429	9.380952380952381
9	9.976190476190476	9.69047619047619
10		10.0
11		9.904761904761905
