	dmso-wt	drug-wt
0	0.1951352628307953	0.17333962202033582
1	0.4277129411648045	0.5770625317617102
2	0.5314868315395047	0.26154233127305787
3	0.3708466452435439	0.474317984061889
4	0.271291126136254	0.2105974877594185
5	0.3604232382880181	0.8528894093962099
6	0.6802799578271641	0.6327289986668815
7	0.27136025660976254	0.7329763285785825
8	0.370641434093358	0.49310211922317165
9	0.2664462037097793	0.6935224323679491
10		0.297247473010883
11		0.42450567178512405
