	dmso-wt	drug-wt
0	2.55	9.083333333333334
1	2.25	5.833333333333333
2	4.033333333333333	8.7
3	3.8833333333333333	8.966666666666667
4	1.8	7.066666666666666
5	5.033333333333333	9.75
6	4.783333333333333	9.55
7	5.3	9.15
8	6.783333333333333	9.233333333333333
9	9.333333333333334	9.2
10		9.883333333333333
11		9.95
