	dmso-wt	drug-wt
0	14238.667038575624	8994.544079231762
1	77628.3176440342	6004.427661391392
2	15435.30185623569	31977.066664054106
3	18358.078533565684	4892.965639484323
4	9795.383843029978	16168.560108040449
5	18606.067868209757	4148.997684322324
6	26041.467474183504	4421.939019087246
7	7557.0312395442015	4878.612187442782
8	4699.815764387524	6840.18850525747
9	10882.928979905908	4466.830727901019
10		4496.518133608022
11		5407.659237233935
