	dmso-wt	drug-wt
0	1.0295069858167558	0.9722444582136737
1	1.0174899279536183	1.0861024369653998
2	0.9194189856281314	0.9867303496360942
3	0.7864400424359469	1.2025538704729173
4	1.213440483614341	1.1285586966795984
5	1.0331573983080333	1.2281459471734784
6	0.9832825298346372	1.2617344102271368
7	0.9397106983990446	1.2383227603512015
8	1.1759948966430276	1.1092770135739798
9	1.894202719346085	1.0930640967753187
10		0.8381754879589607
11		0.9583376265941465
