	dmso-wt	drug-wt
0	46120.93103588179	11660.323195839494
1	118422.82695047902	22576.209033012507
2	29836.603672626527	92853.40991009235
3	88760.11852062638	16355.508820581405
4	17181.139272319342	43495.02197513915
5	51454.11031572341	5812.732228719985
6	133871.314414772	7801.767584877567
7	13561.132277299497	7791.137707686488
8	33163.94392263853	10346.187783218347
9	24560.969049563497	7978.479082420688
10		4971.041826954532
11		6674.583866874406
