	dmso-wt	drug-wt
0	27.571428571428573	59.142857142857146
1	39.714285714285715	48.142857142857146
2	47.0	59.142857142857146
3	41.857142857142854	31.714285714285715
4	33.142857142857146	37.42857142857143
5	36.57142857142857	50.0
6	28.571428571428573	56.42857142857143
7	55.0	58.42857142857143
8	57.857142857142854	56.0
9	59.857142857142854	49.57142857142857
10		59.857142857142854
11		59.857142857142854
