	dmso-wt	drug-wt
0	163.42108102167361	141.66200358682457
1	198.02738975882164	201.2336451360224
2	240.9446418952677	185.71797538499436
3	199.4193781378422	221.75698417645498
4	213.45637408763272	188.70478825309908
5	205.04543123489108	263.72301127501004
6	390.16486287406525	283.16256464436185
7	146.36327623212568	223.02414520977732
8	170.70262709819474	201.79935585190256
9	184.60053425319262	209.26627777169656
10		162.3608143480045
11		195.40679155679226
