	dmso-wt	drug-wt
0	165.713720490048	145.8437374886918
1	214.80163992260094	209.1504681090016
2	252.63286973963963	188.72341464479123
3	244.44007916449192	250.30701009931548
4	218.44751952970725	205.28117235967224
5	228.86211189430813	278.97827037027224
6	382.9230245695576	297.7894982206357
7	156.4703335419923	243.84268721183145
8	186.19654035145055	210.317664139041
9	185.94173609599832	229.05063209241084
10		173.23742921104892
11		202.72073137704393
