	dmso-wt	drug-wt
0	6.857142857142857	9.571428571428571
1	11.285714285714286	12.0
2	12.428571428571429	7.142857142857143
3	10.857142857142858	5.285714285714286
4	7.857142857142857	11.857142857142858
5	7.714285714285714	9.428571428571429
6	9.0	10.142857142857142
7	7.428571428571429	11.0
8	5.285714285714286	7.285714285714286
9	13.142857142857142	9.714285714285714
10		1.0
11		3.857142857142857
