	dmso-wt	drug-wt
0	30.857142857142858	59.5
1	34.0	48.57142857142857
2	43.142857142857146	39.0
3	42.642857142857146	32.642857142857146
4	42.142857142857146	42.07142857142857
5	39.42857142857143	51.642857142857146
6	35.714285714285715	58.214285714285715
7	56.214285714285715	57.0
8	58.714285714285715	56.07142857142857
9	59.92857142857143	53.642857142857146
10		59.92857142857143
11		59.285714285714285
