	dmso-wt	drug-wt
0	11.81765784647629	13.964893895729631
1	5.247838616714698	13.074665968037726
2	3.408959916164527	18.401100340581607
3	9.059470788577416	13.026460571129158
4	14.371233953366518	16.36075451925596
5	9.466334817919833	16.537070998166097
6	8.615666753995285	22.741157977469218
7	18.28058684831019	13.889441970133612
8	19.833376997642127	16.560649724914853
9	23.99947602829447	21.351061042703694
10		28.569819229761592
11		22.87346083311501
