	dmso-wt	drug-wt
0	14.536904761904761	25.248809523809523
1	11.210714285714285	16.813095238095237
2	6.272619047619048	17.840476190476192
3	9.772619047619047	17.670238095238094
4	22.43095238095238	9.642857142857142
5	11.346428571428572	19.06904761904762
6	9.513095238095238	27.69047619047619
7	20.726190476190474	22.008333333333333
8	29.225	14.822619047619048
9	29.488095238095237	21.976190476190474
10		40.621428571428574
11		29.483333333333334
