	dmso-wt	drug-wt
0	34.359375	47.65625
1	22.9375	51.09375
2	29.65625	47.3125
3	36.421875	42.28125
4	34.453125	51.015625
5	40.296875	53.109375
6	40.265625	58.03125
7	53.375	50.203125
8	55.296875	55.75
9	58.625	55.75
10		59.8125
11		59.4375
