	dmso-wt	drug-wt
0	827.4285714285714	1288.7142857142858
1	654.5714285714286	943.5714285714286
2	356.7142857142857	1052.357142857143
3	523.1428571428571	1026.142857142857
4	1210.5	520.2142857142857
5	629.3571428571429	1068.4285714285713
6	485.7142857142857	1482.0714285714287
7	1073.2142857142858	1155.9285714285713
8	1398.7857142857142	845.5714285714286
9	1206.5	1209.857142857143
10		2338.4285714285716
11		1682.2142857142858
