	dmso-wt	drug-wt
0	1035.7142857142858	1641.2857142857142
1	523.0	941.8571428571429
2	289.2857142857143	206.0
3	522.7142857142857	895.5714285714286
4	1669.142857142857	752.0
5	644.7142857142857	1171.0
6	682.2857142857143	2060.8571428571427
7	1103.2857142857142	1215.4285714285713
8	1626.7142857142858	810.2857142857143
9	1713.0	1320.4285714285713
10		2425.285714285714
11		1496.2857142857142
