	dmso-wt	drug-wt
0	1.15	2.45
1	1.6666666666666667	1.8166666666666667
2	2.2	1.6166666666666667
3	1.6333333333333333	1.85
4	1.0166666666666666	2.566666666666667
5	2.6	1.0166666666666666
6	2.283333333333333	1.5333333333333334
7	2.35	2.2333333333333334
8	1.8166666666666667	1.3333333333333333
9	2.4166666666666665	2.1666666666666665
10		1.2
11		0.35
