	dmso-wt	drug-wt
0	73.33333333333333	77.19047619047619
1	39.57142857142857	125.5952380952381
2	31.476190476190474	16.071428571428573
3	36.023809523809526	110.4047619047619
4	102.85714285714286	86.47619047619048
5	45.5	150.5
6	63.214285714285715	181.42857142857142
7	71.85714285714286	113.97619047619048
8	107.45238095238095	92.33333333333333
9	52.523809523809526	146.73809523809524
10		113.95238095238095
11		88.52380952380952
