	dmso-wt	drug-wt
0	162.44715507365225	152.07084305956087
1	185.5674439168904	186.62615590630764
2	193.68084976282012	144.84361196445832
3	167.2898452359329	215.765075614459
4	177.85940151533285	189.96082553583472
5	175.13718493013806	234.52858206434945
6	234.66607549151854	242.30963892246515
7	147.65618589578744	257.01858022724167
8	186.75409786384063	191.95623550440473
9	277.2140137125275	182.1962070940503
10		120.56235836708059
11		145.4080920938414
