	dmso-wt	drug-wt
0	183.15895414902704	163.03002811394987
1	216.17548808949672	167.6492198613436
2	159.95754521253065	207.702833215608
3	303.5026182758767	237.67095822797395
4	151.3432503116336	136.0470932124195
5	140.44466328597252	249.1568453976999
6	347.7668980781501	279.9927324126127
7	146.62075515164798	210.08904892784852
8	105.75203431604875	194.98009506155145
9	126.90629306532016	211.03352094124955
10		168.09183302183328
11		161.9301529296641
