	dmso-wt	drug-wt
0	47.47244094488189	46.3254593175853
1	37.351706036745405	99.59580052493439
2	24.916010498687665	114.41732283464567
3	59.330708661417326	93.95800524934383
4	46.69291338582677	101.11286089238845
5	54.199475065616795	112.44881889763779
6	52.69291338582677	157.65616797900262
7	68.8477690288714	60.99737532808399
8	62.99212598425197	102.21522309711285
9	49.816272965879264	118.62204724409449
10		106.45931758530183
11		92.58005249343832
