	dmso-wt	drug-wt
0	1.0641699610117337	0.9848804137976128
1	1.0327644691078575	1.2115202508611633
2	0.9321602966317618	0.9077207842931981
3	0.9989443727014696	1.23506284590877
4	1.2439833167709053	1.1694624021979594
5	1.1381625888168674	1.2322750745698305
6	0.8893519410096619	1.2805183221648502
7	0.9501297099167113	1.2607033496907907
8	1.1594229049030151	1.1225810647358938
9	1.6129441851224335	1.0940675891243095
10		0.8533388906003913
11		0.9906457399550447
