	dmso-wt	drug-wt
0	1.1547619047619047	1.619047619047619
1	1.5595238095238095	2.0833333333333335
2	2.0	1.0476190476190477
3	2.0476190476190474	1.1904761904761905
4	1.3928571428571428	1.9880952380952381
5	1.5833333333333333	1.5595238095238095
6	1.1785714285714286	1.2023809523809523
7	1.6071428571428572	2.0357142857142856
8	1.4761904761904763	1.6071428571428572
9	2.2738095238095237	1.619047619047619
10		0.16666666666666666
11		0.7976190476190477
