	dmso-wt	drug-wt
0	363.7142857142857	472.92857142857144
1	504.14285714285717	886.0714285714286
2	294.57142857142856	409.7142857142857
3	315.7142857142857	901.7142857142857
4	536.8571428571429	348.0
5	326.92857142857144	852.8571428571429
6	389.85714285714283	872.7857142857143
7	541.6428571428571	733.7142857142857
8	849.4285714285714	632.3571428571429
9	431.7857142857143	953.7142857142857
10		871.7857142857143
11		851.8571428571429
