	dmso-wt	drug-wt
0	164.06577031896404	148.82453095100013
1	199.62747331714118	207.64340953770537
2	231.04825908487825	167.99255691859238
3	237.54218803061454	234.96267216248518
4	202.19128035536315	204.53940220162943
5	219.31775954032864	258.9921181405002
6	286.1105163917361	275.07019718541756
7	152.69360231133993	255.6600629880053
8	190.12005285970645	204.1473569413732
9	211.35013112441564	207.52124113350584
10		149.90009551425368
11		178.4700572030299
