	dmso-wt	drug-wt
0	12.623809523809523	23.864285714285714
1	15.883333333333333	17.992857142857144
2	8.121428571428572	32.7047619047619
3	11.814285714285715	20.323809523809523
4	15.592857142857143	6.019047619047619
5	12.804761904761905	17.766666666666666
6	9.073809523809524	17.847619047619048
7	23.545238095238094	23.716666666666665
8	31.478571428571428	15.492857142857142
9	29.945238095238096	19.788095238095238
10		41.18809523809524
11		33.94285714285714
