	dmso-wt	drug-wt
0	1.0971783321031177	0.96559455037846
1	1.0394384077567729	1.2371404900678753
2	1.0924753979336483	1.1940994542813426
3	0.8971892459562137	1.2438561480137922
4	1.3543171840754653	1.1442441166982473
5	1.1129903875467768	1.2960197084896192
6	1.278501557722576	1.2843167379538638
7	0.9169468937586203	1.1382214588544113
8	1.0411205694317631	1.1395807037072632
9	1.2414747916496358	1.1054830261491393
10		1.004140445128157
11		1.1391706482791744
