	dmso-wt	dmso-het
0	849.2857142857143	884.1428571428571
1	1577.5714285714287	491.14285714285717
2	330.0	1075.857142857143
3	654.8571428571429	2206.0
4	438.7142857142857	1437.142857142857
5	299.42857142857144	2270.8571428571427
6	1093.0	1918.857142857143
7	189.14285714285714	1807.5714285714287
8	1286.2857142857142	1083.2857142857142
9	1227.2857142857142	944.1428571428571
10	1753.857142857143	
