	dmso-wt	dmso-het
0	182.08102783718817	170.7456205087733
1	181.6182382776446	159.68254847955103
2	177.30128721896483	193.09295364290978
3	191.10832340524487	234.28340437593442
4	191.88131113562636	206.64611751698334
5	224.46142777415122	215.6025078602931
6	233.71604638170803	212.51966764285032
7	198.30487614675448	223.66096704094485
8	216.63191749455933	215.01879073308672
9	224.87388606374728	275.16036170478935
10	239.44601973924875	
