	dmso-wt	dmso-het
0	202.62475133857393	185.43825903242825
1	210.12529150985856	193.1820157740747
2	235.6989584328998	221.55089748512705
3	238.570398069124	269.03248159830446
4	251.89914220406666	282.49308026577484
5	331.45181804058853	338.41112017611516
6	400.53880474511817	318.5665567999029
7	320.4485964120824	315.75879533876287
8	308.27482549688085	209.62486854148892
9	267.8861373661534	445.67877732654097
10	315.6355898046589	
