	dmso-wt	dmso-het
0	1.1758530183727034	2.215223097112861
1	1.120734908136483	1.9553805774278215
2	1.6220472440944882	0.7217847769028871
3	1.6351706036745406	1.832020997375328
4	1.398950131233596	1.05249343832021
5	1.905511811023622	1.5590551181102361
6	1.7165354330708662	1.5091863517060367
7	2.202099737532808	1.4251968503937007
8	1.7165354330708662	1.5748031496062993
9	1.5984251968503937	1.7007874015748032
10	1.2335958005249343	
