	dmso-wt	dmso-het
0	167.50233327192686	164.48293201753097
1	176.72642038227863	158.32654481580386
2	186.4886970402813	187.56364178346075
3	234.12067099688483	189.8108298874551
4	209.92958997045386	212.01723691631543
5	214.39226598614158	219.1131585791926
6	266.8615105297292	218.2519870786817
7	201.80271889809896	206.2181892212951
8	211.65206916655464	165.33160910310696
9	193.32592593029287	281.0468021115558
10	227.1721636927633	
