	dmso-mut	drug-mut
0	484.07142857142856	108.42857142857143
1	670.6428571428571	83.14285714285714
2	437.5	170.21428571428572
3	384.2857142857143	121.14285714285714
4	536.7142857142857	108.0
5	187.0	206.42857142857142
6	613.2142857142857	502.5
7	227.64285714285714	256.7142857142857
8	492.07142857142856	267.07142857142856
9	364.35714285714283	110.0
