	dmso-mut	drug-mut
0	82.54761904761905	17.142857142857142
1	107.38095238095238	13.297619047619047
2	78.19047619047619	28.702380952380953
3	64.17857142857143	20.142857142857142
4	90.44047619047619	17.761904761904763
5	30.916666666666668	35.726190476190474
6	99.89285714285714	82.33333333333333
7	34.404761904761905	39.523809523809526
8	82.45238095238095	28.61904761904762
9	62.154761904761905	15.380952380952381
