	dmso-mut	drug-mut
0	53.52956989247312	24.344086021505376
1	61.193548387096776	24.196236559139784
2	54.64784946236559	29.206989247311828
3	44.95967741935484	16.432795698924732
4	65.83870967741936	28.543010752688172
5	20.559139784946236	37.97043010752688
6	67.41129032258064	64.30376344086021
7	20.658602150537636	43.86827956989247
8	43.46236559139785	50.17741935483871
9	64.63709677419355	32.42204301075269
