	dmso-mut	drug-mut
0	2.183333333333333	2.683333333333333
1	1.7666666666666666	2.15
2	2.283333333333333	2.6666666666666665
3	2.283333333333333	2.2666666666666666
4	2.55	2.65
5	3.05	2.4
6	2.8	2.0833333333333335
7	2.5833333333333335	2.5166666666666666
8	2.6	2.2666666666666666
9	2.9	2.0833333333333335
10	3.55	2.5833333333333335
11	3.216666666666667	1.95
12		2.75
