	dmso-mut	drug-mut
0	373.7142857142857	1453.5714285714287
1	1080.142857142857	266.0
2	2197.8571428571427	493.85714285714283
3	1437.4285714285713	1321.4285714285713
4	399.0	694.4285714285714
5	657.5714285714286	369.7142857142857
6	936.1428571428571	389.42857142857144
7	508.0	1053.5714285714287
8	643.4285714285714	1141.2857142857142
9	954.0	1350.4285714285713
10	850.8571428571429	672.7142857142857
11	1511.4285714285713	553.0
12		792.2857142857143
