	dmso-mut	drug-mut
0	3.1333333333333333	4.8
1	3.1333333333333333	7.083333333333333
2	4.716666666666667	4.55
3	4.2	4.016666666666667
4	4.1	5.916666666666667
5	5.583333333333333	4.666666666666667
6	4.816666666666666	3.783333333333333
7	3.5166666666666666	6.383333333333334
8	7.35	3.55
9	6.616666666666666	3.1
10	6.283333333333333	4.516666666666667
11	7.216666666666667	3.55
12		5.166666666666667
