	dmso-mut	drug-mut
0	6.4071428571428575	25.447619047619046
1	18.788095238095238	4.673809523809524
2	39.4547619047619	9.24047619047619
3	24.404761904761905	26.366666666666667
4	7.7404761904761905	11.728571428571428
5	10.111904761904762	6.0738095238095235
6	15.880952380952381	6.859523809523809
7	8.25	18.37142857142857
8	10.621428571428572	19.235714285714284
9	15.3	23.61904761904762
10	11.823809523809524	11.197619047619048
11	27.76904761904762	8.997619047619047
12		12.897619047619047
