	dmso-mut	drug-mut
0	5.821428571428571	7.238095238095238
1	7.083333333333333	3.0476190476190474
2	7.809523809523809	4.464285714285714
3	7.25	6.7976190476190474
4	6.142857142857143	4.714285714285714
5	6.0	4.464285714285714
6	5.523809523809524	4.559523809523809
7	4.833333333333333	5.309523809523809
8	5.083333333333333	3.9404761904761907
9	7.714285714285714	8.333333333333334
10	7.559523809523809	5.630952380952381
11	8.285714285714286	5.428571428571429
12		4.809523809523809
