	dmso-mut	drug-mut
0	12.0	9.714285714285714
1	9.285714285714286	7.428571428571429
2	9.714285714285714	7.285714285714286
3	9.571428571428571	9.0
4	12.571428571428571	7.571428571428571
5	10.571428571428571	9.285714285714286
6	8.714285714285714	7.0
7	9.428571428571429	5.857142857142857
8	8.285714285714286	5.428571428571429
9	11.0	8.142857142857142
10	8.428571428571429	10.142857142857142
11	9.142857142857142	12.428571428571429
12		8.571428571428571
