	dmso-mut	drug-mut
0	4.809523809523809	8.880952380952381
1	7.166666666666667	3.0
2	8.642857142857142	6.238095238095238
3	7.571428571428571	8.666666666666666
4	6.880952380952381	5.857142857142857
5	6.428571428571429	4.761904761904762
6	4.9523809523809526	4.571428571428571
7	5.714285714285714	6.5476190476190474
8	5.238095238095238	4.5
9	7.785714285714286	9.571428571428571
10	7.357142857142857	6.214285714285714
11	9.119047619047619	5.333333333333333
12		5.4523809523809526
