	dmso-mut	drug-mut
0	399.14285714285717	1532.142857142857
1	1184.5714285714287	276.2857142857143
2	2214.285714285714	539.1428571428571
3	1577.142857142857	1563.5714285714287
4	466.0	735.2857142857143
5	684.0	389.42857142857144
6	953.1428571428571	405.14285714285717
7	532.8571428571429	1079.5714285714287
8	655.5714285714286	1146.0
9	976.8571428571429	1424.4285714285713
10	883.7142857142857	700.5714285714286
11	1572.7142857142858	564.1428571428571
12		820.4285714285714
