	dmso-mut	drug-mut
0	639.0	1137.5
1	1027.7142857142858	370.42857142857144
2	1648.357142857143	398.07142857142856
3	1402.5714285714287	1073.2142857142858
4	379.92857142857144	546.7857142857143
5	617.5714285714286	333.85714285714283
6	851.7857142857143	543.2142857142857
7	511.5	891.5714285714286
8	579.0	829.0
9	1015.7142857142857	1235.5714285714287
10	1049.0714285714287	684.0
11	1302.7857142857142	590.3571428571429
12		679.5714285714286
