	dmso-het	drug-het
0	87.74607329842932	42.269633507853406
1	140.36125654450262	90.64921465968587
2	80.39005235602095	79.17801047120419
3	112.93979057591623	82.99738219895288
4	170.7041884816754	63.32198952879581
5	84.93717277486911	68.60994764397905
6	79.91099476439791	141.7434554973822
7	94.42931937172774	63.730366492146594
8	131.1675392670157	149.90314136125656
9	194.2670157068063	150.2670157068063
