	dmso-het	drug-het
0	1.1862397886251947	1.0403699083580642
1	1.2278450914525199	1.2528290816832506
2	1.2563491253272436	1.2320147814635287
3	1.4779330122373069	1.5249556825841801
4	1.4145640955787595	1.6002931503823028
5	1.6297587570571181	1.3935570353273319
6	1.5343085248385577	1.2375415028941477
7	1.6502610499720434	1.5833113499897475
8	1.2838404631610731	1.4086995274223069
9	1.5039601865862553	1.6142129611775273
