	dmso-het	drug-het
0	183.50459245128644	164.99309483489716
1	182.26583422208083	205.6341475475615
2	216.69046508087817	249.18843401302246
3	259.5817070900573	419.83868120312206
4	260.7087490319062	440.2680138429599
5	315.5246126163935	252.4465535548964
6	310.505118960934	488.67318335999295
7	313.40178740442445	301.0633277834274
8	210.85513545018904	275.70536545479405
9	443.72205399135686	283.41400934388
