	dmso-het	drug-het
0	0.2891022059073014	0.36807483386682094
1	0.13798511194932128	0.18079327433728126
2	0.39798298543838606	0.7361626486019365
3	0.7441668175521472	1.1928303155267537
4	0.42030204228233436	1.4412941930387488
5	0.8442655932648074	0.22955677048795217
6	0.913922935652625	2.1141812638282453
7	0.7036961309837593	0.4232695226371235
8	0.4035926645334114	0.29708109658195603
9	1.8446244081936825	0.5149621244908911
