	dmso-het	drug-het
0	164.48293201753097	170.69253779733643
1	158.32654481580386	176.39642236815456
2	187.56364178346075	211.401348587362
3	189.8108298874551	290.7201637966929
4	212.01723691631543	297.7121926648996
5	219.1131585791926	190.0745877825107
6	218.2519870786817	343.8786465310938
7	206.2181892212951	189.62859606686658
8	165.33160910310696	223.82193433825174
9	281.0468021115558	190.7757984905135
