	dmso-het	drug-het
0	0.17976012336857572	0.3911258593084233
1	0.16813471784746747	0.4718131293289436
2	0.38145303928485513	0.7143468281370164
3	0.9064895751276969	1.0639462538746995
4	0.4138546738450124	1.2295461597330122
5	0.565296086515404	0.32379450406290033
6	0.6406035376902157	2.302207956914283
7	0.543831742084139	0.46425926440636256
8	0.42325330265740035	0.8897783851153132
9	1.1210921698839276	1.196325248613261
