	dmso-het	drug-het
0	4043.7030063420166	4084.574676521974
1	11921.894472584929	14675.251386847773
2	4119.949891128362	47002.35335174991
3	83558.58449952895	11894.359535353464
4	2737.6199977957813	9666.559067205959
5	59743.09216441672	7886.2150086263155
6	3742.0091904746578	170278.24380602658
7	3225.990620118608	158677.55122964477
8	3869.741798888097	19327.630943924774
9	3420.0315933084535	113512.81375987724
