	dmso-wt	dmso-het
0	137.21703143597585	153.35766315432122
1	172.38666743790452	145.13299883516726
2	144.74321367394197	202.7371492534515
3	157.83344304818846	188.4495123190618
4	185.47725329979016	198.92120449040243
5	352.09708975641126	224.2230663126131
6	265.16956299495433	155.7194589334484
7	281.27093457455913	177.26029225147246
8	188.21822246851164	224.36159680688368
9	159.2060304873345	
10	174.92014379505687	
11	174.0554956026315	
