	dmso-wt	dmso-het
0	0.062131376708142526	0.2818448866463713
1	0.2653205611529129	0.11082368597842443
2	0.11102684082879992	0.7397685729752222
3	0.06932916987096922	0.6568240725499329
4	0.36095309789034397	0.4305422986892715
5	1.3169962358771734	0.8243920765104037
6	1.1526890193091959	0.2909080850205471
7	0.7964520671269051	0.34098966521054896
8	0.4149226241363579	0.7429336148238591
9	0.2515397666956286	
10	0.2905090607207879	
11	0.33776918256294214	
