	dmso-wt	dmso-het
0	35.45238095238095	122.92857142857143
1	32.023809523809526	35.666666666666664
2	43.54761904761905	21.738095238095237
3	36.95238095238095	67.78571428571429
4	30.0	184.16666666666666
5	24.428571428571427	171.4047619047619
6	20.69047619047619	74.76190476190476
7	29.714285714285715	93.47619047619048
8	74.28571428571429	79.28571428571429
9	58.54761904761905	
10	25.0	
11	58.80952380952381	
