	dmso-wt	dmso-het
0	139.56075456311567	158.60728045232133
1	156.88213046099057	158.78924488702037
2	154.64929430245434	191.30714031387868
3	164.34534335810238	188.55689728756684
4	187.8474892817666	207.24074388161466
5	284.40863931634345	202.70067379342234
6	275.98817616381297	167.8500532693458
7	316.8213588336563	173.77823391747725
8	184.75142027761902	187.64770643256003
9	181.75713978341412	
10	196.87557159536811	
11	201.9812997524295	
