	dmso-wt	dmso-het
0	221.19354838709677	387.1774193548387
1	224.98387096774192	288.3709677419355
2	239.30645161290323	253.70967741935485
3	137.48387096774192	409.46774193548384
4	242.19354838709677	353.38709677419354
5	169.32258064516128	678.3870967741935
6	155.82258064516128	516.5483870967741
7	118.1774193548387	497.5806451612903
8	288.14516129032256	455.30645161290323
9	273.98387096774195	
10	242.6451612903226	
11	263.85483870967744	
