	dmso-wt	dmso-het
0	26.383333333333333	10.816666666666666
1	11.733333333333333	31.683333333333334
2	33.25	22.316666666666666
3	76.63333333333334	8.666666666666666
4	9.883333333333333	70.26666666666667
5	9.25	61.016666666666666
6	39.45	66.88333333333334
7	6.483333333333333	88.71666666666667
8	5.583333333333333	46.68333333333333
9	14.533333333333333	11.566666666666666
10		69.65
11		27.75
12		62.31666666666667
13		85.78333333333333
14		30.266666666666666
15		92.95
16		108.95
