	dmso-wt	drug-wt
0	19.003666841278157	16.27527501309586
1	14.112624410686223	7.250392875851231
2	8.202985856469356	9.236511262441068
3	7.1320062860136195	13.707700366684128
4	12.659507595599791	14.77317967522263
5	8.899685699319015	5.739392352016763
6	7.70848611838659	10.446306966998428
7	12.26008381351493	16.924567836563646
8	16.383184913567312	9.846254583551598
9	11.157150340492404	3.3315872184389734
10	11.66212676794133	11.391042430591932
11	11.95547407019382	7.200104766893662
12	10.428234677841802	13.127815610267156
13	11.400995285489785	8.36799371398638
14	11.19355683603981	11.332111052907281
15	17.40780513357779	13.01440544787847
16		8.740178103719225
17		12.86589837611315
