	dmso-wt	drug-wt
0	0.1558081525600216	0.09319926801172182
1	0.09106347936741059	0.19406458460046477
2	0.08392403567551711	0.10613551437798707
3	0.2536855746399632	0.14283206935408196
4	0.14797568736508362	0.2655817451252998
5	0.5369572692264337	0.16171628036630736
6	0.5598832822689064	0.15906322487069713
7	0.2953735176113237	0.18060864159547232
8	0.6847466133169827	0.14275958375041498
9	1.2502875920425929	1.0390906875861947
10	1.196563277143726	0.33595123075768435
11	1.3667795399391964	0.22851592487586211
12	1.4956665607471145	1.4724160537322155
13	1.584156637742892	1.0179874389568107
14	1.3603617955245209	0.29602612504025355
15	1.4907293845948941	0.8921378773203866
16		1.4217888790230129
17		1.2848252702375011
