	dmso-wt	drug-wt
0	36.285714285714285	41.785714285714285
1	46.0	24.5
2	31.428571428571427	25.0
3	23.785714285714285	28.571428571428573
4	37.0	47.5
5	24.5	42.357142857142854
6	15.571428571428571	32.0
7	38.92857142857143	51.92857142857143
8	31.428571428571427	19.428571428571427
9	41.785714285714285	25.642857142857142
10	30.857142857142858	29.714285714285715
11	46.785714285714285	30.571428571428573
12	38.92857142857143	26.928571428571427
13	39.5	37.642857142857146
14	38.5	
15	37.0	
