	dmso-wt	dmso-het
0	149.76190476190476	64.92857142857143
1	45.11904761904762	308.5
2	29.80952380952381	100.02380952380952
3	258.8809523809524	432.14285714285717
4	94.66666666666667	262.26190476190476
5	112.14285714285714	144.47619047619048
6	376.23809523809524	279.5952380952381
7	122.76190476190476	355.1190476190476
8	232.16666666666666	213.33333333333334
9	76.45238095238095	131.0
10	71.21428571428571	324.6190476190476
11	220.0	308.6190476190476
12		372.4047619047619
