	dmso-wt	dmso-het
0	624.5714285714286	691.0
1	275.57142857142856	790.5714285714286
2	221.85714285714286	1012.2857142857143
3	1068.0	1225.2857142857142
4	320.0	807.8571428571429
5	457.57142857142856	1562.2857142857142
6	1802.4285714285713	1150.0
7	442.2857142857143	1529.142857142857
8	1398.2857142857142	1777.2857142857142
9	678.4285714285714	1476.4285714285713
10	521.0	1369.2857142857142
11	2188.285714285714	863.4285714285714
12		2271.4285714285716
