	dmso-wt	dmso-het
0	718.6428571428571	1213.357142857143
1	595.8571428571429	1080.7142857142858
2	270.35714285714283	1154.0
3	805.1428571428571	1484.142857142857
4	996.0	549.7142857142857
5	940.1428571428571	2117.8571428571427
6	363.42857142857144	876.0
7	1325.9285714285713	1724.9285714285713
8	1336.2857142857142	1126.5
9	1140.0	951.0
