	dmso-wt	dmso-het
0	397.95238095238096	535.4444444444445
1	312.87301587301585	652.6666666666666
2	240.28571428571428	643.6507936507936
3	826.3174603174604	932.047619047619
4	790.7777777777778	776.6507936507936
5	777.4444444444445	1247.4761904761904
6	625.6031746031746	630.3015873015873
7	748.8253968253969	1102.5873015873017
8	783.8888888888889	1014.4603174603175
9	803.1269841269841	1071.6031746031747
