	dmso-wt	dmso-het
0	608.8571428571429	1702.7142857142858
1	608.0	1135.142857142857
2	204.85714285714286	1312.142857142857
3	664.1428571428571	2129.285714285714
4	1060.857142857143	638.4285714285714
5	1300.857142857143	1754.142857142857
6	355.85714285714283	691.5714285714286
7	1352.142857142857	1240.2857142857142
8	1516.142857142857	1395.2857142857142
9	1283.0	1484.857142857143
