	dmso-wt	dmso-het
0	101.33333333333333	284.95238095238096
1	95.42857142857143	186.28571428571428
2	32.404761904761905	226.0952380952381
3	108.95238095238095	355.07142857142856
4	176.78571428571428	106.23809523809524
5	212.6904761904762	281.5952380952381
6	49.476190476190474	114.64285714285714
7	223.85714285714286	200.45238095238096
8	252.64285714285714	230.64285714285714
9	212.54761904761904	247.0952380952381
