	dmso-mut	drug-mut
0	48.07142857142857	35.142857142857146
1	29.428571428571427	33.285714285714285
2	35.642857142857146	38.5
3	35.42857142857143	47.285714285714285
4	55.714285714285715	45.857142857142854
5	43.642857142857146	55.57142857142857
6	43.5	45.857142857142854
7	46.285714285714285	33.5
8	31.142857142857142	31.357142857142858
9	52.785714285714285	55.357142857142854
10	35.357142857142854	44.5
11	47.92857142857143	46.214285714285715
12	43.857142857142854	
