	dmso-mut	drug-mut
0	8.130952380952381	5.857142857142857
1	4.869047619047619	5.5476190476190474
2	6.0	6.464285714285714
3	5.904761904761905	7.869047619047619
4	9.297619047619047	7.619047619047619
5	7.357142857142857	9.30952380952381
6	7.2976190476190474	7.714285714285714
7	7.714285714285714	5.5476190476190474
8	5.25	5.309523809523809
9	8.821428571428571	9.285714285714286
10	5.904761904761905	7.404761904761905
11	7.988095238095238	7.821428571428571
12	7.345238095238095	
