	dmso-mut	drug-mut
0	28.357142857142858	11.361904761904762
1	12.473809523809523	8.469047619047618
2	6.942857142857143	11.716666666666667
3	27.864285714285714	37.430952380952384
4	30.883333333333333	14.07857142857143
5	21.783333333333335	28.86904761904762
6	16.247619047619047	25.242857142857144
7	39.95952380952381	8.516666666666667
8	13.67142857142857	15.704761904761904
9	20.976190476190474	49.00238095238095
10	6.8	24.764285714285716
11	28.52857142857143	31.011904761904763
12	27.45	
