	dmso-mut	drug-mut
0	241.57142857142858	157.14285714285714
1	347.2857142857143	116.71428571428571
2	103.85714285714286	337.85714285714283
3	676.7142857142857	696.8571428571429
4	612.7142857142857	595.7142857142857
5	765.2857142857143	667.7142857142857
6	499.7142857142857	370.14285714285717
7	1800.142857142857	167.0
8	685.4285714285714	734.5714285714286
9	539.4285714285714	1516.5714285714287
10	383.85714285714283	641.1428571428571
11	1153.857142857143	707.8571428571429
12	1094.142857142857	
