	dmso-mut	drug-mut
0	1446.7142857142858	793.1428571428571
1	909.5	781.7142857142857
2	425.57142857142856	739.5
3	1294.0714285714287	1643.142857142857
4	1974.4285714285713	1605.4285714285713
5	1261.5714285714287	1638.857142857143
6	846.9285714285714	1051.0714285714287
7	2071.6428571428573	791.5714285714286
8	783.9285714285714	1130.2142857142858
9	1071.5	2757.6428571428573
10	630.7857142857143	1148.142857142857
11	1373.5714285714287	1214.142857142857
12	1471.7142857142858	
