	dmso-mut	drug-mut
0	13.857142857142858	7.857142857142857
1	4.428571428571429	6.714285714285714
2	6.571428571428571	5.428571428571429
3	4.142857142857143	5.0
4	2.857142857142857	3.5714285714285716
5	11.142857142857142	6.857142857142857
6	10.714285714285714	10.285714285714286
7	2.857142857142857	10.285714285714286
8	5.714285714285714	2.857142857142857
9	6.571428571428571	1.5714285714285714
10	9.0	8.285714285714286
11	1.8571428571428572	7.571428571428571
12	5.0	
