	dmso-mut	drug-mut
0	3.2333333333333334	1.9666666666666666
1	5.0	4.583333333333333
2	1.6333333333333333	3.816666666666667
3	5.05	6.166666666666667
4	4.383333333333334	8.366666666666667
5	2.2666666666666666	5.266666666666667
6	6.65	4.316666666666666
7	2.45	5.15
8	1.1833333333333333	2.283333333333333
9	6.35	3.65
10	7.45	3.7
11	8.183333333333334	3.25
12	6.116666666666666	
