	dmso-mut	drug-mut
0	59.57142857142857	39.142857142857146
1	29.285714285714285	35.142857142857146
2	42.285714285714285	35.0
3	42.714285714285715	57.714285714285715
4	60.0	33.0
5	52.285714285714285	57.285714285714285
6	53.857142857142854	58.285714285714285
7	54.42857142857143	32.714285714285715
8	37.857142857142854	28.428571428571427
9	58.42857142857143	57.42857142857143
10	31.428571428571427	49.0
11	59.42857142857143	57.142857142857146
12	54.857142857142854	
