	dmso-mut	drug-mut
0	6.285714285714286	5.071428571428571
1	4.928571428571429	5.119047619047619
2	4.928571428571429	7.0476190476190474
3	4.5	6.071428571428571
4	8.595238095238095	9.69047619047619
5	5.928571428571429	9.119047619047619
6	5.619047619047619	5.714285714285714
7	6.357142857142857	5.785714285714286
8	4.285714285714286	5.880952380952381
9	7.904761904761905	9.0
10	6.428571428571429	6.690476190476191
11	6.119047619047619	6.095238095238095
12	5.5476190476190474	
