	dmso-mut	drug-mut
0	1158.142857142857	678.3571428571429
1	885.2857142857143	722.2857142857143
2	339.2857142857143	693.2857142857143
3	1257.9285714285713	1555.7142857142858
4	1932.0714285714287	1593.5714285714287
5	1226.0714285714287	1551.0714285714287
6	799.5714285714286	865.5
7	2057.9285714285716	738.7857142857143
8	757.4285714285714	1119.357142857143
9	1034.2142857142858	2729.785714285714
10	605.0	1065.2857142857142
11	1353.357142857143	1145.0714285714287
12	1450.357142857143	
