	dmso-mut	drug-mut
0	9.976190476190476	6.642857142857143
1	4.809523809523809	5.976190476190476
2	7.071428571428571	5.880952380952381
3	7.309523809523809	9.666666666666666
4	10.0	5.5476190476190474
5	8.785714285714286	9.5
6	8.976190476190476	9.714285714285714
7	9.071428571428571	5.309523809523809
8	6.214285714285714	4.738095238095238
9	9.738095238095237	9.571428571428571
10	5.380952380952381	8.119047619047619
11	9.857142857142858	9.547619047619047
12	9.142857142857142	
