	dmso-mut	drug-mut
0	1178.5714285714287	893.4285714285714
1	1030.5714285714287	1057.2857142857142
2	433.0	765.0
3	934.4285714285714	1024.0
4	2072.1428571428573	2358.285714285714
5	1198.857142857143	1503.857142857143
6	711.0	579.4285714285714
7	1734.2857142857142	1070.5714285714287
8	676.2857142857143	1279.5714285714287
9	912.4285714285714	2556.1428571428573
10	865.8571428571429	781.7142857142857
11	966.8571428571429	613.8571428571429
12	1266.5714285714287	
