	dmso-mut	drug-mut
0	1.4816666666666667	2.0533333333333332
1	1.2716666666666667	3.0116666666666667
2	0.82	1.215
3	2.0083333333333333	2.0116666666666667
4	1.5283333333333333	6.956666666666667
5	1.61	1.4883333333333333
6	3.2716666666666665	1.74
7	2.2083333333333335	2.1983333333333333
8	0.33	1.0266666666666666
9	2.065	1.4266666666666667
10	4.866666666666666	1.625
11	3.69	0.9616666666666667
12	1.78	
