	dmso-wt	drug-wt
0	499.015625	564.375
1	563.25	566.15625
2	425.3125	822.296875
3	787.9375	757.703125
4	618.078125	839.296875
5	561.28125	624.75
6	893.421875	730.3125
7	249.90625	559.390625
8	459.75	617.203125
9	498.1875	717.3125
10	566.15625	1018.109375
11	375.15625	445.5
12	644.6875	1025.90625
13	451.625	1103.15625
14	735.53125	956.921875
15	602.796875	787.25
16	638.46875	674.828125
17	486.3125	692.1875
18	605.609375	
19	422.40625	
20	516.75	
