	dmso-wt	dmso-het
0	169.2997577312808	171.46204953324698
1	188.4657054121885	216.30442267979765
2	197.30482552628624	183.78967265209567
3	202.31335582120028	179.84995653858917
4	161.57981532379978	180.37914328171422
5	175.8441448837057	173.89210478574788
6	213.49308238318224	171.91335754612766
7	172.87202010238371	159.0655008652479
8	150.72573947082932	164.34363379944497
9	152.7365811190216	162.52369411811796
