	dmso-wt	dmso-het
0	1.2142857142857142	1.0238095238095237
1	1.3571428571428572	1.6904761904761905
2	2.0	0.5952380952380952
3	2.142857142857143	1.7380952380952381
4	1.3333333333333333	1.619047619047619
5	1.9047619047619047	2.0952380952380953
6	1.1428571428571428	2.238095238095238
7	2.0238095238095237	2.261904761904762
8	2.0476190476190474	1.9523809523809523
9	2.3333333333333335	1.3333333333333333
