	dmso-wt	dmso-het
0	1.0952380952380953	0.9047619047619048
1	1.7619047619047619	1.880952380952381
2	2.0	0.6190476190476191
3	1.9523809523809523	1.119047619047619
4	1.4523809523809523	1.7142857142857142
5	1.2619047619047619	1.619047619047619
6	1.2142857142857142	1.880952380952381
7	1.1904761904761905	1.6904761904761905
8	0.9047619047619048	1.8095238095238095
9	2.2142857142857144	1.5
