	dmso-wt	dmso-het
0	155.554322666817	189.87006434466917
1	187.9456068652285	251.36467800271674
2	213.27290629228497	192.63590953358323
3	193.28435820630887	177.37299178143152
4	158.44918376588484	194.30525502585718
5	177.50147654760912	171.68327891663387
6	253.3420162338375	170.1738530704549
7	155.96234902626736	148.55333541326473
8	156.7131195364076	156.15465659020578
9	148.13440154174307	160.88583445916024
