	dmso-wt	dmso-het
0	0.24460088810339517	0.4697419732150878
1	0.27776029987318385	1.2772458460380978
2	0.5137211803255809	0.6574495479245497
3	0.35957271772117344	0.4004502336631297
4	0.23814841294849823	0.40282377961761984
5	0.2856304783231006	0.3722307901279822
6	0.3860976024909851	0.2589890819858591
7	0.26336868729586244	0.2847239143225534
8	0.3543275022797059	0.4174417504608694
9	0.25017407118315166	0.37020645820814474
