	dmso-wt	dmso-het
0	47.73809523809524	109.95238095238095
1	128.16666666666666	64.52380952380952
2	67.73809523809524	141.71428571428572
3	66.61904761904762	157.95238095238096
4	80.69047619047619	91.07142857142857
5	62.54761904761905	88.30952380952381
6	70.69047619047619	131.33333333333334
7	110.80952380952381	146.47619047619048
8	178.76190476190476	104.45238095238095
9	90.9047619047619	107.52380952380952
