	dmso-wt	dmso-het
0	281.515625	239.984375
1	221.828125	425.609375
2	148.46875	337.671875
3	349.484375	418.015625
4	277.609375	317.09375
5	320.125	458.984375
6	311.578125	465.046875
7	408.5	410.84375
8	374.828125	511.828125
9	296.21875	480.828125
