	dmso-wt	dmso-het
0	0.2712653591627062	0.5795898820058761
1	0.35608865547289376	1.5480134067086944
2	0.6599520440349667	0.9218267296505688
3	0.5423989177545152	0.4335131346438788
4	0.28621761493038317	0.4483027197831021
5	0.4817858312386504	0.48507115223859715
6	0.6013607602967549	0.3115989929706916
7	0.29096369117013826	0.34111775100209396
8	0.4557462396676973	0.5130912581242557
9	0.308623629170875	0.5047352937836248
