	dmso-wt	dmso-het
0	162.44715507365225	173.94883593160063
1	185.5674439168904	320.7478959349712
2	193.68084976282012	220.7090414931253
3	167.2898452359329	183.8012101990059
4	177.85940151533285	208.2778040969643
5	175.13718493013806	173.9742307114088
6	234.66607549151854	160.71381148576853
7	147.65618589578744	154.89385319563326
8	186.75409786384063	151.45677212299637
9	277.2140137125275	173.46124610790088
