	dmso-het	drug-het
0	1.1711212957152113	1.1792027831535437
1	1.295954454266073	1.1167665256306851
2	1.0685141263933973	1.134326792587613
3	1.318269518247981	1.3197330441340658
4	1.3446376180764805	1.4504504387256552
5	1.3189542170289876	1.2065328223765035
6	0.9564955391772557	1.4486767369565015
7	1.4618092131926548	1.3932187003016967
8	1.2443365466974259	1.4235264335584772
9	1.1751715856364002	1.3735528138972088
