	dmso-het	drug-het
0	263.01464814394393	152.87947961341015
1	218.165824700845	158.35805181783786
2	144.92918757497137	192.13432564267777
3	222.54253704566958	210.4319892051508
4	211.20034865221723	253.79308081438367
5	304.7070195192893	275.0300400086416
6	204.01272656947168	321.1496112529527
7	269.4740871640807	304.6194316693478
8	232.54511174467112	234.1710051404589
9	224.82144130225782	261.9419090508784
