	dmso-het	drug-het
0	1.1018242073992852	0.996107559053534
1	1.199337875765261	0.9527084741485112
2	0.8746600451480658	1.002430082443826
3	1.1453157841780892	1.1760685785908136
4	1.1794014652348872	1.1871037138494611
5	1.147736670161893	1.0110720739539538
6	0.9909618835143217	1.2520268559998302
7	1.3961088532448593	1.1857652408899497
8	1.1893303361574459	1.2293576418555627
9	1.110070120885131	1.251670417526384
