	dmso-het	drug-het
0	2847.850440876606	10044.881733289341
1	2938.4406879386866	4517.813482793434
2	6383.903920919486	6052.400866683171
3	2181.3413915890774	2720.3633100756597
4	1815.4835692779736	15779.237331185885
5	3858.857286105616	7226.270381639603
6	4711.68993014447	1916.447958392477
7	4678.263775126767	17640.93369919857
8	4085.409604965298	6669.896889130365
9	1399.108373569767	4369.722985594893
