	dmso-het	drug-het
0	1.2142857142857142	2.619047619047619
1	1.7142857142857142	1.9761904761904763
2	1.7619047619047619	1.0714285714285714
3	1.5	2.3095238095238093
4	0.30952380952380953	1.9523809523809523
5	1.0952380952380953	1.9523809523809523
6	1.4047619047619047	2.0476190476190474
7	0.2619047619047619	0.8809523809523809
8	1.4285714285714286	1.6428571428571428
9	1.1904761904761905	0.8809523809523809
