	dmso-het	drug-het
0	0.8043498619691842	0.17966971398600948
1	0.32459220044618087	0.28892762262810073
2	0.31102442775896433	0.354357614502637
3	0.607433583147986	0.42199233305760964
4	0.41305274963375405	0.5690928102173033
5	1.0189830140265292	0.9456091003838235
6	0.6362238584697323	0.945672190243881
7	0.4165362923804591	0.9911419028346123
8	0.630547629657125	0.7031696289165356
9	0.8235893173877975	0.7758566359407617
