	dmso-het	drug-het
0	244.97514650121332	155.31508832706373
1	187.0081370089606	169.78286853179767
2	168.13089264161368	191.36806993488526
3	196.45765782328394	181.74114078922554
4	180.82684637843363	201.25831261276784
5	241.3489448707211	231.15001421925888
6	192.4371497889803	253.9907958313181
7	197.81569624569374	241.49498487064497
8	198.9551661853979	196.9043810372213
9	205.87052328629076	218.21116651422855
