	dmso-het	drug-het
0	147.450043576787	119.24709678133972
1	148.16142021733987	128.91828077188794
2	145.49937695278106	126.64441357887327
3	198.87083398678965	128.22216723526282
4	159.32698407591712	130.53741510031807
5	174.4676408190535	128.8095968409244
6	175.634773528555	155.90054719349274
7	177.62353812241238	146.19233698045025
8	239.50110240277868	197.27016967221232
9	224.615892845127	149.23438877455936
10	149.4612861251227	172.12969628953587
11	160.6624548926015	170.0352346941901
