	dmso-het	drug-het
0	7.071428571428571	9.75
1	7.5	6.071428571428571
2	7.904761904761905	6.464285714285714
3	7.095238095238095	9.797619047619047
4	8.285714285714286	8.928571428571429
5	9.583333333333334	8.702380952380953
6	7.130952380952381	3.892857142857143
7	7.880952380952381	9.511904761904763
8	7.666666666666667	4.428571428571429
9	9.404761904761905	9.369047619047619
10	8.845238095238095	9.380952380952381
11	9.69047619047619	8.571428571428571
