	dmso-het	drug-het
0	1079.4285714285713	3194.285714285714
1	1514.4285714285713	248.28571428571428
2	858.8571428571429	627.2857142857143
3	188.42857142857142	2508.5714285714284
4	1214.142857142857	1551.5714285714287
5	2684.1428571428573	1542.2857142857142
6	577.5714285714286	248.71428571428572
7	888.4285714285714	1328.0
8	2042.7142857142858	360.57142857142856
9	1282.0	1906.7142857142858
10	2228.4285714285716	1509.2857142857142
11	2323.5714285714284	1147.7142857142858
