	dmso-het	drug-het
0	156.3345824660464	124.33541726068982
1	151.76167355008425	134.32347726993504
2	151.84847848915635	126.08260928080897
3	213.96483429269958	128.18562271163174
4	165.63771943950752	134.4273200149316
5	179.8132243643897	136.14715401365507
6	178.65150861259806	158.64584288990608
7	179.37923355834502	155.9279359300162
8	261.5019632940448	198.88744081291836
9	238.86270361096408	150.4944468500058
10	157.36985710091125	167.09571004111578
11	171.4337854072351	177.05684590812982
