	dmso-het	drug-het
0	0.9035080884439447	0.7895649111699959
1	0.8312440548012286	1.0256488367217373
2	0.9129315186570229	0.6643715081386725
3	0.9394003261526851	0.6617818103707981
4	1.1347985546434294	0.9035580428052338
5	1.104186247935632	0.8508865351091097
6	1.0710613506962052	0.9780424717943568
7	0.9894017323582069	1.187011275785201
8	1.4425571034741547	0.8012049794550904
9	1.1327714632583732	0.9889023659077166
10	1.1669651818676	0.8829254574238232
11	0.9267614827806611	1.6412706324002806
