	dmso-het	drug-het
0	2.433333333333333	0.8833333333333333
1	2.0833333333333335	1.1
2	2.05	2.0833333333333335
3	2.0166666666666666	1.6666666666666667
4	1.9166666666666667	0.21666666666666667
5	1.6833333333333333	0.11666666666666667
6	1.2833333333333334	0.5833333333333334
7	1.7666666666666666	1.6
8	2.316666666666667	1.1666666666666667
9	2.0	1.5166666666666666
10	1.9	1.4333333333333333
11	1.4833333333333334	1.3666666666666667
