	dmso-het	drug-het
0	168.42620582029232	109.47103228310893
1	145.87090299172738	111.18309795931313
2	167.89126686308123	106.50635638412821
3	248.7648893776496	120.45840102446712
4	208.51454508865095	122.1442502961552
5	221.71125159800908	99.77913866677518
6	219.22270962390473	164.8492229215903
7	225.19444498326206	149.09433284579885
8	319.2535543492774	217.91084563435396
9	282.6773602117912	168.98764996033324
10	172.3414803957344	210.0459893492712
11	191.55532119507384	200.10097255976083
