	dmso-het	drug-het
0	8814.940868324247	5218.113148103917
1	58819.45654532572	60464.506185754624
2	12989.587605849052	27255.96205609069
3	37415.64325369494	6802.1715098734785
4	7351.136948464111	8611.131209048805
5	2204.357920402012	12052.939362411702
6	26153.315343492304	67778.78724190182
7	6260.103413633966	8367.07549076412
8	19274.835970845765	41112.13765956342
9	2904.170420002068	6359.441626917632
10	12453.837549563234	4062.1816845913327
11	3801.533761184618	5894.782447578754
