	dmso-het	drug-het
0	90343.20892638562	449404.85242183163
1	108971.39299720607	178562.62141175382
2	69684.05196682666	104820.77559349884
3	26256.998869466133	141128.4119698149
4	183336.35365457626	1829046.2548168022
5	172214.20040076692	98594.05799148582
6	122936.71351168012	196611.4597836173
7	140187.97988874844	76186.17718067093
8	49914.82494202143	209688.9704130619
9	124976.27230260317	206125.53957777124
10	128422.1356084806	142164.4314454504
11	215511.78422688122	331492.9396687942
