	dmso-het	drug-het
0	37785.856999399766	110638.81940325112
1	47279.86630766794	97413.28271082281
2	40349.38035684252	62501.62095502
3	19714.41904792916	65127.91611806218
4	122230.3819954812	973311.5540817197
5	111761.38381767664	123343.31505879496
6	54991.48879485121	63110.61854623713
7	89325.03322374214	28185.84071875448
8	19277.77075116154	93266.17876296325
9	106454.39696451576	84056.30855774166
10	56984.73829014665	63200.14125439378
11	92697.63846646211	446550.12467913254
