	dmso-het	drug-het
0	8.833333333333334	9.595238095238095
1	8.404761904761905	6.666666666666667
2	8.142857142857142	5.428571428571429
3	8.119047619047619	9.714285714285714
4	8.19047619047619	8.428571428571429
5	9.214285714285714	7.833333333333333
6	7.761904761904762	5.404761904761905
7	7.761904761904762	9.5
8	7.095238095238095	4.880952380952381
9	9.214285714285714	8.761904761904763
10	7.928571428571429	9.380952380952381
11	9.69047619047619	8.952380952380953
