	dmso-het	drug-het
0	992.6333333333333	1356.95
1	907.9	357.2
2	853.1	319.03333333333336
3	230.31666666666666	1163.0833333333333
4	845.0666666666667	826.2166666666667
5	1180.8	342.7
6	623.1833333333333	205.35
7	832.0	734.25
8	1222.7666666666667	206.31666666666666
9	646.9	717.35
10	1013.4333333333333	617.8
11	1353.8	826.9666666666667
