	dmso-het	drug-het
0	1910.0714285714287	2861.5
1	1686.9285714285713	592.5714285714286
2	1214.7142857142858	707.2857142857143
3	570.8571428571429	2343.9285714285716
4	1179.7857142857142	1622.5714285714287
5	2784.5	1217.642857142857
6	646.0714285714286	392.2142857142857
7	995.1428571428571	1626.0714285714287
8	1588.142857142857	426.57142857142856
9	1297.2857142857142	1836.0
10	1737.0714285714287	1806.7142857142858
11	2127.8571428571427	1613.2142857142858
