	dmso-het	drug-het
0	33.7	34.65
1	35.166666666666664	27.816666666666666
2	39.666666666666664	30.483333333333334
3	24.016666666666666	38.03333333333333
4	37.7	33.28333333333333
5	45.483333333333334	22.05
6	37.65	16.15
7	40.6	36.71666666666667
8	42.333333333333336	16.633333333333333
9	37.7	34.61666666666667
10	47.8	32.8
11	47.833333333333336	32.85
