	dmso-het	drug-het
0	167.99705317343805	177.5296919949349
1	178.16481324268383	170.68259468084892
2	189.99543889378404	162.06084908593385
3	202.66695346425828	168.15447946259613
4	167.20057569771842	159.68884430552262
5	190.84811279785168	153.89852733423206
6	202.8245263813467	176.04298568017623
7	191.5109660096345	193.46870787104456
8	236.96147560684915	183.52170172456138
9	229.38913891516304	199.98988054466392
10	183.5576859736769	206.28045497939794
11	163.46651574871683	205.61130840730095
