	dmso-het	drug-het
0	0.9867701202689657	0.8392308493626122
1	0.917033907085563	0.8012732916435953
2	1.0486934897777818	0.737305162264291
3	1.0235932433573784	0.7975343422728802
4	1.15223620670255	0.8543445469623562
5	1.1885292668960328	0.7184246092472484
6	1.2655089399152026	0.9106872060832959
7	1.1475689314050652	1.1207244270252914
8	1.3444088623729682	0.9832626526650571
9	1.1709373507349456	1.0114298596711713
10	1.1523955172220683	1.1647098886038543
11	1.0680014811642844	1.27161459148743
