	dmso-het	drug-het
0	169.4507225075551	159.2130633976054
1	181.6366383594273	169.14363234675497
2	189.90418509016527	161.50963314942697
3	201.58027379913193	169.33517580302103
4	173.07414635353743	171.26391841974078
5	190.00603550110455	153.4262251134557
6	216.37341398923735	179.9330506673587
7	199.96699239800256	192.40381613017954
8	237.9576807028415	182.31027767669852
9	221.04534011299498	204.39204316926617
10	193.75885963302966	205.31628497393095
11	173.21520242855053	212.36259532867112
