	dmso-het	drug-het
0	4.116666666666666	2.2666666666666666
1	4.016666666666667	2.0833333333333335
2	5.183333333333334	4.716666666666667
3	5.433333333333334	3.4166666666666665
4	3.1166666666666667	0.5166666666666667
5	4.066666666666666	0.5833333333333334
6	3.316666666666667	1.15
7	3.9833333333333334	3.6333333333333333
8	5.8	2.85
9	4.45	2.933333333333333
10	8.033333333333333	3.783333333333333
11	8.016666666666667	2.3833333333333333
