	dmso-het	drug-het
0	146.8411402015959	104.96216020930181
1	152.04872104231148	94.18703564260677
2	161.31845091768037	106.72346184593313
3	240.35947439328032	122.9897141986061
4	194.14901637093877	113.8310914765575
5	215.98206876126181	89.06675801855562
6	224.01755605160028	152.4742316313057
7	221.7697157222922	131.3660361646642
8	246.18935007014417	220.9616835689607
9	263.58040467117485	167.84655925284073
10	165.38305640533747	219.6902191526537
11	181.1295963865949	193.6717239194686
