	dmso-het	drug-het
0	32.285714285714285	59.42857142857143
1	41.42857142857143	34.285714285714285
2	45.42857142857143	44.57142857142857
3	38.0	59.42857142857143
4	50.57142857142857	56.142857142857146
5	59.714285714285715	57.142857142857146
6	39.57142857142857	15.285714285714286
7	47.714285714285715	57.142857142857146
8	49.142857142857146	25.714285714285715
9	57.0	59.857142857142854
10	58.42857142857143	57.285714285714285
11	58.57142857142857	49.285714285714285
