	dmso-het	drug-het
0	2742.4285714285716	2598.0
1	1924.0	982.4285714285714
2	1620.4285714285713	826.5714285714286
3	968.5714285714286	2285.8571428571427
4	1177.142857142857	1726.857142857143
5	2887.0	1001.8571428571429
6	773.0	573.5714285714286
7	1141.0	2034.5714285714287
8	1139.142857142857	510.0
9	1317.0	1792.857142857143
10	1330.4285714285713	2135.714285714286
11	2079.4285714285716	2086.0
