	dmso-het	drug-het
0	19.35	12.95
1	19.466666666666665	8.666666666666666
2	18.033333333333335	16.383333333333333
3	34.81666666666667	9.766666666666667
4	7.866666666666666	4.2
5	33.266666666666666	6.916666666666667
6	28.216666666666665	11.166666666666666
7	30.883333333333333	24.75
8	35.38333333333333	13.8
9	31.933333333333334	11.633333333333333
10	21.066666666666666	16.05
11	15.366666666666667	8.666666666666666
