	dmso-het	drug-het
0	46.785714285714285	46.30238095238095
1	34.36190476190476	16.595238095238095
2	28.15	14.80952380952381
3	16.311904761904763	40.84047619047619
4	20.45952380952381	30.235714285714284
5	50.628571428571426	17.688095238095237
6	13.228571428571428	9.688095238095238
7	20.00952380952381	35.273809523809526
8	20.483333333333334	9.040476190476191
9	22.17142857142857	32.55238095238095
10	22.466666666666665	37.98571428571429
11	36.21666666666667	36.07857142857143
