	dmso-het	drug-het
0	17.188095238095237	52.49047619047619
1	24.245238095238093	5.923809523809524
2	15.05952380952381	13.05952380952381
3	3.0785714285714287	41.523809523809526
4	20.42142857142857	26.23095238095238
5	43.77142857142857	26.409523809523808
6	9.757142857142858	4.171428571428572
7	15.042857142857143	24.464285714285715
8	33.871428571428574	5.54047619047619
9	21.06904761904762	33.55952380952381
10	38.75952380952381	23.3
11	38.483333333333334	18.923809523809524
