	dmso-het	drug-het
0	155.42436019969324	127.6547867616185
1	154.66002605295216	173.94924367011342
2	176.3571190072499	108.33060977829511
3	196.6359445144812	115.3953980143637
4	209.81017143471863	159.24598229122157
5	220.48074370034246	131.22687902624045
6	250.28092330348773	181.45348300371938
7	211.3064555299564	222.8014106745793
8	333.1944607905258	160.89930772869394
9	254.519841112778	208.99358133441987
10	237.08531813855765	190.41739124339588
11	174.7592509774965	351.65514144270935
