	dmso-het	drug-het
0	2740.714285714286	2528.714285714286
1	1859.4285714285713	936.8571428571429
2	1570.5714285714287	787.2857142857143
3	953.2857142857143	2179.285714285714
4	1145.4285714285713	1693.5714285714287
5	2884.8571428571427	893.0
6	714.5714285714286	535.7142857142857
7	1101.857142857143	1924.142857142857
8	1133.5714285714287	492.57142857142856
9	1312.5714285714287	1765.2857142857142
10	1245.7142857142858	2104.1428571428573
11	1932.142857142857	2078.714285714286
