	dmso-het	drug-het
0	1004.0	1375.4666666666667
1	933.6833333333333	435.93333333333334
2	889.0333333333333	358.76666666666665
3	243.5	1233.0833333333333
4	871.1166666666667	855.2666666666667
5	1190.5666666666666	378.4166666666667
6	640.2333333333333	223.65
7	857.2	781.1
8	1230.7833333333333	219.81666666666666
9	655.4333333333333	759.8
10	1129.9333333333334	633.3
11	1439.5333333333333	837.6833333333333
