	dmso-het	drug-het
0	1.2386558229933315	0.9310865887863691
1	0.9909254104493787	0.9345616009535834
2	1.2191690205262469	0.8468042274256167
3	1.3333507250800398	0.9377702599400192
4	1.4162658770641916	0.9834640929323254
5	1.3463354145396638	0.8229669567247975
6	1.2918095690760014	1.1108354744989708
7	1.3649315623006673	1.101801398607567
8	1.4334520282895615	1.1138431689964736
9	1.353140934159119	1.122494583073568
10	1.1930083372457525	1.2735181674153662
11	1.2273539567677503	1.2555551555476356
