	dmso-het	drug-het
0	5.616666666666666	5.786111111111111
1	5.913888888888889	4.652777777777778
2	6.647222222222222	5.058333333333334
3	3.9972222222222222	6.391666666666667
4	6.302777777777778	5.588888888888889
5	7.622222222222222	3.6222222222222222
6	6.313888888888889	2.686111111111111
7	6.7972222222222225	6.163888888888889
8	7.091666666666667	2.7888888888888888
9	6.286111111111111	5.805555555555555
10	7.969444444444444	5.433333333333334
11	7.977777777777778	5.502777777777778
