	dmso-het	drug-het
0	0.6785714285714286	0.44047619047619047
1	0.8690476190476191	1.5595238095238095
2	2.130952380952381	1.619047619047619
3	2.2857142857142856	0.6785714285714286
4	1.8571428571428572	0.8214285714285714
5	0.2619047619047619	1.5
6	2.011904761904762	1.2619047619047619
7	2.357142857142857	1.5476190476190477
8	1.1785714285714286	1.3928571428571428
9	0.6428571428571429	1.130952380952381
10	0.8571428571428571	0.8571428571428571
11	1.0119047619047619	1.3928571428571428
