	dmso-het	drug-het
0	626.8412698412699	305.14285714285717
1	860.5396825396825	358.6825396825397
2	954.2063492063492	242.46031746031747
3	975.0952380952381	347.41269841269843
4	903.5396825396825	201.52380952380952
5	1104.7301587301588	552.015873015873
6	725.2539682539683	713.1587301587301
7	1109.015873015873	750.063492063492
8	934.0793650793651	990.7142857142857
9	1051.952380952381	651.8888888888889
10		725.1269841269841
11		867.8888888888889
