	dmso-het	drug-het
0	241.58333333333334	82.98809523809524
1	243.04761904761904	85.72619047619048
2	250.63095238095238	68.33333333333333
3	233.02380952380952	78.29761904761905
4	93.14285714285714	63.5
5	323.4047619047619	198.25
6	168.51190476190476	254.17857142857142
7	276.57142857142856	151.57142857142858
8	181.54761904761904	206.41666666666666
9	176.89285714285714	179.1904761904762
10		193.01190476190476
11		238.17857142857142
