	dmso-het	drug-het
0	284.95238095238096	62.61904761904762
1	186.28571428571428	69.57142857142857
2	226.0952380952381	45.5
3	355.07142857142856	82.5
4	106.23809523809524	61.095238095238095
5	281.5952380952381	110.23809523809524
6	114.64285714285714	256.5238095238095
7	200.45238095238096	175.16666666666666
8	230.64285714285714	187.28571428571428
9	247.0952380952381	231.4047619047619
10		125.9047619047619
11		255.9047619047619
